StoryID,First Ending Sent,S4E1CosSims,Second Ending Sent,S4E2CosSims,Correct Answer
138d5bfb-05cc-41e3-bf2c-fa85ebad14e2,He is happy now.,0.522550642490387,He joined a gang.,0.4725497364997864,1
bff9f820-9605-4875-b9af-fe6f14d04256,The brownies are so delicious Laverne eats two of them.,0.6859894394874573,Laverne doesn't go to her friend's party.,0.6939965486526489,1
e8f628d5-9f97-40ed-8611-fc0e774673c4,Sarah then decided to move to Europe.,0.5306866765022278,Sarah decided that she preferred her home over Europe.,0.6916195154190063,2
f5226bfe-9f26-4377-b05f-3d9568dbdec1,Gina liked the cookies so much she ate them all in one sitting.,0.5570861101150513,Gina gave the cookies away at her church.,0.5070143938064575,1
69ac9b05-b956-402f-9fff-1f926ef9176b,I was very proud of my performance.,0.820335328578949,I was very ashamed of my performance.,0.6192746162414551,1
d80cabdd-7a85-47e3-86be-5ce6591ca51e,Jim took time to decide what he would take a picture of.,0.6475211977958679,Jim took 20 more photos.,0.4529011845588684,1
58090d3f-8a91-4c89-83ef-2b4994de9d24,Ron is immediately fired for insubordination.,0.6976815462112427,His boss commends him for a job well done.,0.6069905757904053,2
e17053ac-2046-48c8-a7a2-7b9509c10e64,"In Vegas, John and Billy competed against eighty contestants.",0.6350459456443787,John and Billy were disappointed.,0.33395394682884216,1
69b26ae4-b778-4cd1-9f13-27d28fd4430e,But she gave up.,0.5841472744941711,"Later, she passed the test.",0.5508781671524048,2
1f7d9fa2-2191-49de-bdd1-7d307293b9e0,Eventually Trish grudgingly came to accept nature.,0.62347412109375,The fish had very interesting mating habits.,0.5546501278877258,1
a7905e16-15be-433f-bdef-b488a83e4582,Tony enjoyed going on the cruise.,0.6732953786849976,Tony was scared of the ocean.,0.62200528383255,1
52dbbfda-5b42-4ace-8d59-55cee3eb30c0,Ignacio gave up swimming.,0.5221338272094727,Ignacio won a silver medal.,0.5767264366149902,2
1edf348d-6fce-4ea3-937c-28ade02f28b8,Danny decided to go to sleep.,0.4031559228897095,They prepared for the start of the race.,0.6585938334465027,2
0fe46de6-6ee3-4932-a578-268917372566,Mary disliked Pandas.,0.4795359969139099,Mary couldn't wait to present her report.,0.4775441884994507,2
625d1e13-8bd3-40b3-ac45-0b16a549fc69,Ellen ended up winning the prize.,0.5810286402702332,Ellen had to pay a replacement fee for her library card.,0.32414475083351135,1
aa615e4f-83c1-4b65-96a4-6a989d253a52,"Jesse went to the park with his new friend, Roger.",0.5378513336181641,Jesse was picked on by the other boys in school.,0.5416395664215088,2
fa0d318c-d286-4c8e-adda-c2590f100f02,Tiffany went in to work the next day.,0.6577092409133911,She was in pain but happy to not have to go to work.,0.645749568939209,2
501c6884-8885-4df3-ae8c-f3f9328fde54,But she didn't want her phone anymore.,0.4734356999397278,She found her phone in the car.,0.6732667684555054,2
8d9f72c4-7f31-4e86-8511-e921fd8f78bb,Alice called her mother and apologized profusely.,0.5197525024414062,Alice messaged a cute guy she saw on Tinder.,0.41267129778862,1
ba87797c-dc31-402b-8740-d30c093d4df7,Ted continues to watch several movies a week.,0.6972411870956421,He decides to stop watching movies.,0.6223880052566528,1
384621a9-d9b6-436d-8914-61a93d916015,She loved it so much she planned a trip for the next week.,0.5074504017829895,She was shot and vowed to never go there again.,0.6312457323074341,1
f531b039-67a6-4797-989d-24f716ed4073,Javier decides to get a smartphone.,0.5973728895187378,But then he misses his old phone.,0.6510610580444336,2
60facd71-c194-427a-9127-471d5844785e,Rachel broke down in tears.,0.4887039065361023,Rachel started moonwalking with excitement.,0.6831905841827393,1
d4aff04b-ba93-4cff-8b35-7eb10dd9e23f,Ron started collecting bottle caps.,0.5637413859367371,Ron applauded the officer's performance.,0.4536935091018677,2
8db8ec1c-1d94-4f9d-b71d-3b533e30a1c5,Sam went on a diet.,0.6597610712051392,Sam was happy.,0.6567839980125427,1
696b1a71-b684-45ec-8435-7b48274ee411,Larry loved going to the hospital.,0.4785653352737427,Larry became careful.,0.46683281660079956,2
1d14ed7d-5a05-476b-bfab-3e3568a0dd6b,Soon we were boyfriend and girlfriend and thinking of marriage.,0.6177182197570801,We broke up right away.,0.5873862504959106,1
9f32f9ef-0b7b-461b-953f-3d7da39bac87,Sammy was not that into coffee.,0.633684515953064,It worked for Sammy.,0.5045688152313232,2
3972aeda-e5f8-4776-abbb-8566bf38930a,Jared swerved quickly and managed to avoid a collision.,0.6335593461990356,Jared decided to accelerate.,0.6024649143218994,1
411b9523-5254-41ff-b740-e039d0423201,Joe thought about working in the garden as he ate the yummy soup.,0.6083590984344482,Joe dumped the pot outside because he hated soup.,0.6409633755683899,1
36b638c3-f2d1-44dc-bab1-5bf2a9d7fdff,"Aliza was sad, but she never contacted him again.",0.6281129121780396,He fell in love with Aliza and they were married.,0.7648926973342896,1
80b6447f-4c37-4194-9862-3785e5075463,Lina now knew that candy canes were boring.,0.46237513422966003,Lina felt a new appreciation for candy canes.,0.5601919889450073,2
dd3506fe-31ce-4bbb-9000-02c222da3466,They were very friendly.,0.6110124588012695,I threw the kickball through their closed window.,0.732945442199707,1
ad42188e-383b-4c7d-9cd9-906725b7ce12,"By Sunday night, Bev was exhausted again.",0.33699285984039307,"Bev got the mail and fed the fish, just like she did every day.",0.5780839323997498,1
f8ff777f-de4d-4e3a-91bd-b197ed13f78e,We walked 5 growling dogs at the park across town.,0.647496223449707,We had a great pizza at Frank Pepe's pizza shop.,0.7110576033592224,2
dfdf2b81-86fa-48f0-8a47-488ccf3e086b,Bernice went to Europe for her birthday.,0.565333366394043,Bernice decided to get an airplane ticket and reserve a room.,0.6527801752090454,2
de06c035-4c96-4ed0-89c2-3ce71e99e9d1,He was surprised but thankful.,0.3746512532234192,Jim thought he was crazy and left.,0.494515597820282,1
f547c9a1-be95-439d-922d-1417d7f6b818,Randy told his friend how relieved he was he found it.,0.6739975810050964,Randy saw the house but kept on driving and didn't come back.,0.5594863295555115,1
195a43c7-d43e-48e4-845b-fd6c75609df2,Watching my brother crash was fun.,0.42853400111198425,I felt very badly for my brother.,0.347888708114624,2
a11cf506-7d19-4ab9-b0ac-a0fd85a9bd38,Anna felt very fashionable when she left the salon.,0.45226818323135376,Anna really liked her new hairstyle.,0.5510600805282593,1
b8c30925-f572-4ac3-b865-1cba592b6f0c,Sarah was glad they were able to catch up.,0.6668216586112976,Sarah and david went to go get dinner right after that.,0.6135857105255127,1
0a5489f1-beea-4ad6-a6d5-380ba2abd184,AJ then began to feel sad.,0.4576984941959381,AJ let out a sigh of relief.,0.5136318206787109,2
fe3caede-4b19-410a-b08f-84d71b18e9f4,Joe was happy the shirt fit.,0.6095337271690369,Joe hated rock music afterwards.,0.5162687301635742,1
e689960d-0515-424b-aac3-5d7160ac2577,Priya thought her food was delicious.,0.6811161041259766,Priya decided not to eat and left.,0.6120046377182007,1
57d5152a-77db-4156-8330-166edb36b0a2,Karen hated her roommate.,0.6503810286521912,Karen became good friends with her roommate.,0.553270697593689,2
726a0fc9-8c6f-451e-838b-c48140817dfc,Eventually I healed.,0.5164097547531128,I found I loved being swollen.,0.5954601764678955,1
696b9d6a-40a4-434d-8a01-aec20c4400a3,Don hated elections.,0.5812277793884277,Donald hoped this foolishness won him the election.,0.6223418712615967,2
16eeb330-b579-4a0f-a1e6-0b7aad454c54,They were divorced a few months later.,0.6284804344177246,They fell back in love and stayed together forever.,0.7209929823875427,1
ed614284-2364-4b9c-bc02-5e0aad3d8968,Rachel was excited to hear the news.,0.5171701908111572,The vet treated her cat's cancer the best they could.,0.7792329788208008,2
87678fdf-ad4e-4ff0-93d0-039fa451b49b,Jim is very upset.,0.6143410205841064,Jim was happy to see the officer.,0.5761755704879761,1
33882739-51ca-446f-8bd0-2bbf7cfcba37,"He said I was paranoid, and charged me $100.",0.296594500541687,It turned out I was allergic to avocados.,0.5432916283607483,2
3ef66340-b2fd-4c12-bc1c-b28730b571a1,David then uploaded his new video.,0.5596928596496582,David then had his manuscript published.,0.7370879650115967,2
26b26a0d-d7c5-4c50-bb94-bd236cd6b46f,Boris realized he was wasting his life.,0.5866955518722534,Boris decided to wear the dress.,0.6581355333328247,1
0c0d57aa-92eb-4bb3-8c65-6ce4d89e10a3,The police officer had to give up his badge and gun.,0.6249789595603943,The police officer eventually got better.,0.481966108083725,2
1ad020f7-a18a-45f9-a112-b9ca83afcad2,"When Nathan returned, he felt very happy for the exercise.",0.6201483607292175,"When Nathan returned, his mom apologized for being so mean.",0.6700193881988525,2
31dd2600-d4c3-4f15-a336-cd0c32237d06,Gary's parents were relieved to find him.,0.6290690898895264,Gary's parents were disappointed to find him.,0.6591225266456604,1
a9982ad1-a78e-4ab3-b9d5-4f3679d3e043,Timmy was promoted for working so much all the time.,0.5800513029098511,"Timmy then had to find another job,",0.5833888053894043,2
a62e9212-e75b-4078-ae68-f56a1164dc70,My time with the minister was very useful.,0.5436173677444458,My favorite card game was poker.,0.536288857460022,2
67cf2fb0-431a-404d-9c9f-826dd2d3472b,Amber enjoyed a relaxing two hour brunch.,0.6789690852165222,Amber was so hurried she left the list at home.,0.5110139846801758,2
dba303f0-ede3-4834-aad4-767eadafa744,She bought a new couch to replace it.,0.6301103830337524,Eve thought the couch was very comfortable.,0.5533710718154907,2
7c183d9b-d1fd-414f-8c95-c17132422732,He found a very large spider there.,0.5688180327415466,Jason took a hot shower.,0.4731143116950989,1
5b6f539e-eb73-4ca4-b359-a1f85e96effd,Her boss fired her the next day.,0.5256272554397583,Linda and the coworker ended up being best friends.,0.6048868298530579,2
cb1dd642-75fd-43ae-bb80-d019a2a9cb8e,All of the presents were wrapped and stored for the holidays.,0.6752925515174866,She returned all of the presents for cheaper ones.,0.6440891027450562,1
0f797de2-3d82-46d1-a370-c278a36ad785,She was able to get off drugs after some time.,0.5637086033821106,"When she arrived, she did drugs all day.",0.7420427799224854,1
6623b60e-9200-4019-9a95-521adc03524d,He is thrilled about his new responsibilities at work.,0.6129096746444702,He realizes he might have to apply for public assistance.,0.516765832901001,2
57f0ad88-0dad-4cce-95da-30175ff0ba40,Bobby had a good party.,0.5555636882781982,Bobby was mad at his friends.,0.7089826464653015,1
a5ac20db-ed05-49d7-8960-2035a9dce14d,We want to revisit someday.,0.6153049468994141,We all vowed to never go back again.,0.6159566640853882,1
3f191c72-305c-487d-8da0-7335fedc270f,The clothes were filthy and unfolded.,0.8040179014205933,They then put their clothes up neatly.,0.7576280832290649,2
dacd5655-337c-4c89-a87f-edd54067cfb9,Timmy went to the mess hall for breakfast.,0.6673064231872559,Timmy spent all day cleaning so he could watch tv.,0.6466001272201538,2
85cc4bad-5cd3-494f-be90-e3c16e512cab,My daughter was disappointed.,0.5615618228912354,My daughter was excited.,0.59433913230896,2
7e12768d-0e37-4940-9dcf-186ba3916660,Pam was a lousy hostess.,0.5531784296035767,Pam was a good hostess.,0.5151071548461914,2
d10f40c6-f5f0-4273-82e0-90aa22520588,Ellen liked the negative attention.,0.45265209674835205,Ellen was appalled.,0.4861030876636505,2
322525fb-6970-4c56-89ae-375664d8e320,Jim decided to devise a plan for repayment.,0.6966592073440552,Jim decided to open another credit card.,0.5969709157943726,1
9bc05c17-a739-462c-970c-f5279779f3a5,The judges vomited from the taste of the donuts.,0.7740384936332703,Tim won the baking contest.,0.4895287752151489,2
9843660b-4a86-4cae-b6d7-03d73b88426e,Now I don't try to make him wear training pants.,0.6161078214645386,Child protection services removed him from the home.,0.6306121349334717,1
e721d415-d8b9-479f-a476-bc3f3a239140,She went outside to fly a kite.,0.6737060546875,She was relieved that it didn't hit anything.,0.6767396926879883,2
9409bd0a-fbdd-4450-8b41-5aac05fd5c36,It broke and Jill felt dumb for believing the hype.,0.5434448719024658,"The cloth ripped in two, much to Jill's surprise.",0.7032804489135742,1
00d73c9e-6441-4b23-ad78-f33490a6a1ec,Addie was put in jail for her crime.,0.5483759045600891,Addie was relieved and took deep breaths to calm herself.,0.6636092066764832,2
a2685475-307b-49a3-85f8-07b32c63e062,The manager hoped Sean would perform badly.,0.46106022596359253,The manager wanted Sean to understand everything.,0.5399512052536011,2
1bfde41c-01ea-4af8-a5c3-706b8af6cec6,Fred cancelled the bet at the end of the month.,0.5925173163414001,"Fred ended up winning the bet, and the $100.",0.5316271185874939,2
749b0981-388d-4deb-83d4-b4bc35b4a168,John loved every second of the skydiving trip.,0.7461073994636536,"When he woke up, he had already landed.",0.4872720241546631,2
7d9b0578-4621-460a-9d67-9705079b0a1c,Gina hated her grandma.,0.47705167531967163,Gina loved her grandma.,0.44204723834991455,2
71db6e1d-bcb4-4849-bded-f252a32c927c,She couldn't resist so she bought the antique vase.,0.6468372344970703,It was kind of expensive but she decided it was worth it.,0.5119423866271973,2
41548819-7537-4bbe-8c20-ba78feb5fe0d,It had been a very fun day.,0.5403556227684021,Tyler felt like his parents never let him do anything.,0.604339063167572,1
e4443872-3ac9-465e-9d99-88ab9720da81,"After all his practice this week, Jimmy has learned a new trick.",0.4821488857269287,Jimmy has decided to give away his skateboard.,0.6306706666946411,1
aa03cc32-e85b-4710-8120-aeaba4af65b0,Maxine doesn't want to go on the date.,0.6370849013328552,Maxine gets laser removal next time.,0.527209997177124,2
bcde1c24-5e48-4ba9-a8b5-362db0db0129,Ryan loved how his bike looked.,0.5618462562561035,Ryan decided not to ride his bike anymore.,0.7184015512466431,1
107793ec-8721-4897-b0de-17db3578fc10,The sauce burned and stuck to the bottom of the pan.,0.6121874451637268,It took forever for the sauce to heat up.,0.5538562536239624,1
0f36f4a6-da40-4c61-a4cc-db237df8f1b6,Nick beat his girlfriend and she gave him the five dollars.,0.685512125492096,Nick gave up because he didn't care if his girlfriend won.,0.6035040616989136,1
ae91c584-b9d3-4a0e-b166-6928531d1bed,We felt pleased with our performance.,0.5686296820640564,We felt we had performed badly.,0.5798707008361816,1
bee259be-fcd9-4043-9047-0e199aaa8214,Michelle gave the cat to her neighbor.,0.6002453565597534,"Michelle named the cat, ""Socks.""",0.5072885751724243,2
45896107-bb21-48b8-845d-619d8c19bc34,Neil decided never to return to Ireland.,0.5909445285797119,Neil enjoyed Ireland.,0.48602455854415894,2
f36a34dc-1b78-4af1-9e48-5ec9d369feb5,Mary was happy to be showing off her dress.,0.6426914930343628,Mary was upset that her dress was ruined.,0.7064315676689148,2
49c51e74-be6e-45b9-a223-4c0835ad76c1,Scott gave him a high five.,0.5446808338165283,Scott apprehended the perpetrator.,0.6111141443252563,2
f8594fc8-df33-49d7-a5a9-045765ca8eda,Colin stuck to his budget and only drank 2 beers.,0.6756293177604675,Colin drinks beer at the bar all night.,0.6027203798294067,1
ab1265ac-d06e-4bad-ba0e-0219d63d3357,Jordan knew some conversational Spanish by the time he moved.,0.5358331799507141,Jordan didn't like fish tacos at all.,0.5019785761833191,1
c71454d3-16c6-4852-bb0e-1149fd2b0e52,He never worked out again.,0.619437575340271,He was happy with his decision.,0.5597920417785645,2
d3615153-cfb9-4583-bd93-e1814c250a1c,She finally got her chance to play in the match.,0.737052321434021,She asked the coach to find someone else.,0.6414428949356079,1
1be803ad-225f-4b93-a5ce-3d96deedc495,The doctor told Tim that Emily went for a run.,0.6172895431518555,The doctor told Tim that Ellen was finally pregnant.,0.607684850692749,2
b64b9a40-4e69-4381-ae49-035edf71a232,David ate a cheeseburger.,0.6804219484329224,David promised to be more careful in the future.,0.5468285083770752,2
e5ce589a-86a4-4f4e-9a51-87220abdf821,Neil played baseball.,0.5303460955619812,Neil played in the competition.,0.6341482400894165,2
e2f74079-bcd6-485a-80c6-24be4fca4ae9,Cam has since decided to insure his belongings.,0.47162190079689026,"Afterwards, Cam was able to sell more books than he ever had.",0.6096760034561157,1
c473c07a-630f-48e2-b6dd-ebb34d815fc2,Rosie's teacher loved the gift.,0.6102076768875122,Rosie's teacher gave her detention.,0.6185835003852844,1
8ae17467-e396-4f89-9d2a-eeade4539358,The man is furious.,0.5869557857513428,Ebay is a very reputable company.,0.7786859273910522,1
8e61c1c5-582f-4379-b332-dcb96faf3bf9,"It cost a lot of money, but he got it repaired.",0.5227487087249756,Tom knew it would be expensive to repair his boat.,0.5450896620750427,1
a28a894f-ea54-438a-93c5-cae7e4564ec4,Harry didn't like theme parks.,0.4497421383857727,Harry had a great time at the park.,0.6762763857841492,2
932e37d4-1305-4e54-8fee-ba649e7c7206,My teacher suggested I pursue art school.,0.6139237880706787,The teacher agreed to discuss it with me.,0.5925112962722778,2
f935f831-38bc-4b00-83c6-3891a4dacefc,Leah was very happy to hear the news.,0.6893356442451477,The game was canceled.,0.5815295577049255,2
345e1032-0c47-48e6-9968-e04baa479d06,She decided to buy more toothpaste.,0.6259469985961914,She was happy to see her wrinkles were gone.,0.6647154092788696,2
bb5695c6-6c1c-4de6-b56c-6b23077d3df5,"Annoyed, he contacted the retailer to complain about the damage.",0.725509524345398,Harry spent the evening happily taking pictures.,0.5278197526931763,1
6ab897f0-4f61-40f1-afa6-e9485e44316d,Jasper quits his job the next day.,0.5649861097335815,Jasper enjoys cutting dead animals.,0.48047471046447754,2
1a2bead1-a985-44e6-966c-44c4a77afe37,I couldn't wait for my friends to leave.,0.5923441648483276,I loved throwing parties.,0.4344826936721802,2
ed448375-accb-4425-b7ed-e5af03f0d477,He finally received a job offer.,0.5895161628723145,Tom was sad about leaving his miserable job.,0.6046751737594604,1
5488ad4e-968e-4113-b3f1-23a27e40e52a,Paul was furious with his mom.,0.6441739797592163,Paul got a job.,0.5938829779624939,2
0aa4d795-2af4-489d-84d2-a3476cfc9019,"Harvey choked, and lost every match he played.",0.49090296030044556,They all sat with their mouths open as Harvey beat them all.,0.6176931262016296,2
666d1b41-7e20-41cc-b6a7-5bc3eb9ed7b7,I then realized that I was not good at math.,0.5360091924667358,Then I knew that I was great at math!,0.6940765380859375,1
08f3861d-5511-4f65-9611-0c67ec71561c,They bought another red car.,0.6387706995010376,My parents bought matching mopeds.,0.8479468822479248,1
05f5c44c-6d88-4c50-8c88-d9ad55fbaa8c,She acted like a brat and threw a tantrum.,0.47713059186935425,Gina doesn't care about electronics.,0.45688945055007935,1
e7be4ea9-4bb9-4141-90d5-351d6377c9fc,I realized I needed noise to sleep.,0.5734308958053589,I realized it had only been the wind.,0.7452386021614075,2
8e5c1dce-bed9-4754-9565-89b1d10b1aec,Gina and her mother went immediately.,0.5594175457954407,Gina decided to walk instead.,0.600700318813324,2
9a37e0a5-a537-4af1-ab7d-c39c440ee8d6,He then went to sleep.,0.5921722650527954,He now loves to go hunting.,0.4165663719177246,2
0e499832-cc4e-459d-a066-de6e73aa77f9,Jay thought Burger King was awesome.,0.5041570067405701,He'd dug in the trash for nothing.,0.6096301674842834,2
1b99f1e5-e8e4-4ae9-b05b-e5c8324e8768,John was a troubled worker.,0.5811561942100525,John was an outstanding worker.,0.5375317335128784,1
66c79a45-25be-4066-9d36-016637bd57c5,Kev was excited to try out his new gun.,0.3636981248855591,Kev decided not to come hunting.,0.40873366594314575,2
598c2da4-91cb-4adb-8d09-0de672cdebe8,Emily decided she didn't want the concert ticket.,0.6006981134414673,This was the best birthday gift Emily had ever had.,0.6205238103866577,2
d46e5bd9-8a43-4670-b8c7-fe56f59cceae,Lina hated donuts.,0.6136287450790405,Lina loved her new job.,0.5588651895523071,2
5183072a-7b29-4a2e-80bb-120f3fcd8bda,I was invigorated when I got home.,0.615251362323761,I was tired when I got home.,0.5885187387466431,2
70e3a2c2-6e8a-46cd-9948-2005e1e6bfac,The new forum was theirs to rule.,0.580976128578186,They returned to the forum later because they liked it so much.,0.5378957390785217,1
f2d60888-a0aa-4da4-b744-57ac10ae6dc2,Donna had a much easier time because Ty was asleep.,0.6130570769309998,Donna wished I would wake up.,0.49635177850723267,1
52255569-a048-4098-b40a-a9a96bbc754f,Gina was angry that she went to the library.,0.6138025522232056,Gina felt more calm once she arrived in the library.,0.647840142250061,2
8585d876-38ad-4846-a5b1-3b8fbd3d8f72,Vivienne soon received her visa in the mail.,0.5607781410217285,Vivienne was not granted a visa.,0.5949389934539795,2
a7dcd6a0-c9a3-4aa0-b2ed-3e80a03b2dc7,Frank enrolled in a marine biology class.,0.5497902631759644,Frank bought a water gun the next day.,0.6548010110855103,2
1658b490-24a4-4f83-a42b-e6c679d0c2c2,Gina's family was glad that their toothbrushes weren't packed.,0.7057605981826782,Gina felt guilty about forgetting everyone's toothbrushes.,0.6178795099258423,2
796ab4ea-12d3-489a-b7e8-fce2b430107c,John commented on how badly run he thought the place was.,0.7122489213943481,The manager decided to offer John the job.,0.778792142868042,2
09609ed5-1852-4e76-af8d-f08de3742d15,Ben made freshly squeezed orange juice from the oranges.,0.653096079826355,Ben sipped his apple juice contently.,0.5778248310089111,1
fa694d55-2291-467e-837e-cee613230e8c,Reg hoped it would never snow again.,0.5524982213973999,Reg hoped he would get another snow day soon.,0.6577034592628479,2
37c168f2-e2cc-4117-879a-abcce85af37f,Caroline refused to open the soda.,0.6901204586029053,Caroline opened the soda and drank it all in one gulp!,0.4433648884296417,2
fb9f8eff-5f05-4cd8-bb99-3ca886845607,Tom got up and went for a swim.,0.6882635354995728,Tom enjoyed the roasted marshmallows.,0.7043213844299316,2
b0c7b950-cea5-460f-b573-a55e692120bc,He promised to pay her back.,0.5059291124343872,Bob ran away in terror.,0.5345960855484009,1
5df5e38b-ea80-4122-b43e-1cf116a83e6a,John did not have a gun.,0.48484885692596436,John was surprised.,0.4654586911201477,2
ba6d9c84-d0d1-4806-964d-2573c08e67c5,Neil was not interested in Egyptian history.,0.42962807416915894,Neil had an amazing educational and cultural experience.,0.6301525831222534,2
98826835-a7e8-4441-b37c-36f2179d7651,John knew his papaya farm needed new capital investment.,0.6288790702819824,"John ate, but told his mom that he never wanted to eat it again.",0.48791250586509705,2
cc2f14bc-8e8d-4c36-9a14-a7e9e89ac52e,All my socks were accounted for.,0.4726792573928833,Eventually it turned up.,0.6538999080657959,2
bb4840dc-d637-4183-809a-567bb67e9935,Alex next ran for a seat on the school board.,0.5963162779808044,Alex resolved to always check his shoelaces before leaving.,0.6330394148826599,2
08e30459-3e8f-43f0-ac30-a4f367168e45,The people watching him congratulated him.,0.6525101065635681,And thus Sal gave up on magic.,0.7534083127975464,2
c4d8548b-b1a0-4d5c-8004-bbe77d21b4a4,Javier went to the convenience store after school.,0.616390585899353,Javier began playing handball with them regularly.,0.6405848860740662,2
f3b25856-827a-42ba-8ca1-0426c1b01219,He bought a big package of AA batteries.,0.5576173663139343,He bought another remote control car for himself.,0.6580018401145935,1
31e7354c-de3a-433b-afcf-fa8885569007,Mim pulled back onto the road and drove faster to make up time.,0.5867871046066284,Eventually it stopped snowing.,0.7106074690818787,2
64abf5b2-354d-405a-a0c1-ba141fba015a,We brought home six bags of items.,0.47954779863357544,We went home without buying anything.,0.6045274138450623,2
8cc7c8cf-053b-48e2-8d4d-6f520490e9ac,The swing was pulled around violently in the wind.,0.5114850401878357,Her fear melted away as she swung.,0.6627219915390015,2
393f121a-4cd6-4781-95a3-76f88137c1aa,The Malamute's owner never took him to the slide again.,0.5503635406494141,The Malamute eventually tried to slide down the slide.,0.5146368741989136,2
0fcbf8d2-a63f-4d37-b304-003c10570638,Tim was very happy to be remembered.,0.6261560916900635,Tim was annoyed by the attention.,0.6636872291564941,1
9669f392-85d9-45e8-8dc5-2b3d93b897ac,Frankie went to see a movie.,0.4034014344215393,Frankie found another man.,0.8363708853721619,2
538e9d85-3ff1-483d-b8de-0c62348d225b,Nancy caught the pie and began to eat it.,0.7021850347518921,Nancy began to cry and felt humiliated.,0.4836537837982178,2
1295799e-8cd2-4da6-91cf-7515acbd14bf,He eagerly applied for it and was ultimately hired.,0.49618569016456604,So he decided to go home early that day and quit his internship.,0.4923444390296936,1
04e42093-ebd7-4b56-990f-e34f397e13bb,Kevin bought a house.,0.5260485410690308,Kevin used the money that he had saved to buy a sports car.,0.625757098197937,1
78a60b56-2e3a-4fd6-a74f-b5b86f400540,Joe went for a run on the beach.,0.6858658194541931,Joe asked the accountant what happened.,0.7131880521774292,2
4a030972-fd37-43e8-b44f-6920cf9355b7,Sven was caught and jailed shortly after.,0.46091750264167786,Sven donated the money to charity.,0.4452967941761017,1
3b754b95-8b0a-4d6c-87f5-158d1de303d9,John eventually beat the cancer.,0.6435391902923584,John hoped he would not get well.,0.5697879791259766,1
2f14cad7-8f3a-4a54-b7d8-206c515b780f,He stayed heart attack free for the rest of his life.,0.5176796913146973,Matt celebrated leaving the hospital with a large steak.,0.5357326865196228,1
f9079515-f56d-4090-8b26-0e9d93dcb731,The cats made a mess out of the house!,0.5128715634346008,"Both dogs enjoyed playing together, anyway.",0.37278878688812256,2
98181079-1081-48ba-bb83-031bb0046b92,I had a hard time falling asleep that night.,0.6291190385818481,Overall I was dissatisfied with the night.,0.40371301770210266,1
c21420d2-5652-4f20-9e1a-9f86a551e4f2,"Louie walked across the sandy beach, lonely.",0.5650458335876465,The dogs seemed happy to stay together.,0.6247037053108215,2
3c771b38-ee3a-444c-9fc1-36748ff391bc,She started losing weight.,0.6625636219978333,She gained 50 pounds.,0.5850493907928467,1
826d3ed1-77eb-401a-a8c3-2770c0523481,I decided to throw the ring away.,0.5633219480514526,It came out sparkling.,0.6289748549461365,2
86b42126-6fee-4bb2-94f0-5c8cecd375aa,Gina stopped volunteering because she felt unappreciated.,0.6515806317329407,Gina was so touched she cried when they gave it to her.,0.6513745188713074,2
741833b1-bdf1-4be4-ba01-2a8ca81ae7be,Gina continued to stare.,0.364747017621994,Gina was disgusted.,0.2686590850353241,2
1a61f7f6-0945-4905-aef9-adb2808c22a0,Pamela received a full refund and a free urn for her troubles.,0.6040433049201965,Pamela was happy about her purchase.,0.5986049175262451,1
fe12762c-51e5-4bcc-8a08-667ce3304f69,Jane was happy she had to stay and clean the office.,0.6464492678642273,Jane was disappointed she had to stay and clean the office.,0.6838651299476624,2
bb63a874-2cf1-4ffc-8f75-b403c0b26be5,We will never rent from that car company again.,0.5472553968429565,We look forward to renting from that same car company again.,0.4668011963367462,1
432c8932-ec99-42bc-82ba-87d4f10ef17f,Frank will save about $25 a week making coffee himself.,0.5273754596710205,Frank switched to tea and donated the coffee maker.,0.4010673761367798,1
befe024d-d480-42dd-9710-7eb1bdb7ff8a,I had to call to find out what was going on.,0.4928390681743622,I was happy with his service.,0.6542801856994629,1
2fcb96c1-3717-46ed-aa94-165151fee791,Dad and I love popcorn.,0.18109986186027527,Dad and I hate popcorn.,0.2299327403306961,1
aa94f624-fe3c-45c4-96b8-6cf486bd4302,Lou was finally able to lose weight.,0.5320103764533997,Lou decided she had lost enough weight.,0.5006102323532104,1
6f96532b-9bc0-44d0-84fd-6bb7b99d69be,Betsy felt really bad for the rest of the night.,0.601473331451416,Betsy wore the monogrammed necklace when she turned 14.,0.6030188798904419,1
da5ec41e-4fd5-4a1c-b2ad-67fd6c8b1165,"When the time comes for her to sing, Joy faints.",0.6041573286056519,Joy's juggling act delights all.,0.6310303211212158,1
200f7c71-d985-46ca-ae40-4f2d1e34802e,She threw the wig into the trash.,0.7011508345603943,She gave the wig to her sister.,0.7224823236465454,2
217a2486-e392-414e-ba52-3bb13ef79793,I really enjoyed having my party with friends.,0.4490702152252197,I was able to catch the snake and get it out of my house.,0.7489833235740662,2
b9efb3c3-2239-4d6e-8a6d-2092fafe7012,She had the worst nightmare of her life.,0.4965776205062866,She fell soundly asleep.,0.6003243327140808,2
8f38419d-c80d-40b0-8770-3a8a86e4a5ad,Jane decided not to participate in psychology experiments anymore.,0.603514552116394,Jane was finally able to earn extra money.,0.6945955157279968,2
f1076e8c-eb8f-4b71-84b4-3c433b7235a7,"Finally, all of his number were read and Jay had won.",0.6540195345878601,He decided to stop watching and threw his ticket away.,0.639609694480896,1
8deede16-2f24-4579-970b-047ad9d23141,James was worried because he beat his boss at ping pong.,0.5950136184692383,"So, James bought a ping pong table to practice at home.",0.5276069641113281,2
b8b93e71-5a93-4092-931d-6271bbafa1f7,She decided to watch a movie on Netflix instead.,0.3588898777961731,Joyce decided to buy a cookie instead.,0.46143999695777893,1
d16e2710-0a1c-4f4b-8be5-4bf9bd4dfa69,Lester's team plays against the other school's basketball team.,0.6746066808700562,The other school wins by a huge margin over Lester's team.,0.7104131579399109,2
5cd09381-9d02-456a-bcd4-0d45f9ab0db3,Jessica was disappointed because she wanted a real pony.,0.5421343445777893,Jessica loved the puppy she got from her dad.,0.6724523305892944,1
21deb4c0-ef25-44fd-91f4-35b4bed8a75e,Sal hated the brace.,0.6508195400238037,Sal was glad he decided to jump rope.,0.5005390048027039,1
0c183cc3-d281-442c-ad31-01f93cd9e281,Julie makes lunches for her son who is allergic to eggs.,0.5876544713973999,Julie gets busy making lunches using the boiled eggs.,0.6358126997947693,2
fe5a613d-b6ec-4f31-8d2d-007018b092ec,I enjoyed visiting the zoo.,0.6440384387969971,But I didn't like zebras.,0.6918472051620483,1
49cfda84-e8ff-486d-bf67-cab8f972a748,Bob was very happy about this.,0.6583136916160583,This made Bob sad.,0.6397080421447754,2
fb466251-500e-428c-a120-a0c6887eb37f,Jennifer decided to save up for a car so she could avoid the bus.,0.6489660143852234,"Jennifer's cat came home the next day, acting very hungry.",0.6499393582344055,2
28531a23-ff54-4d75-a108-c910d32c6147,Peter was mad at his friend.,0.4469437599182129,Peter was happy his friend gave him food.,0.706055223941803,2
23ab455c-ef3c-479f-90a5-4acd8e1ac3c9,Dan never liked to bowl anyway.,0.574682354927063,Dan now bowls often to remember his father.,0.6237165331840515,2
ea4c827b-b5f2-44df-8d39-7373cb35f1ae,Billy was very methodical.,0.5904548764228821,Billy was very disorganized.,0.5619032979011536,1
a8869d8c-54a0-48db-b8ea-7fee53e32008,Bob stopped talking to those friends.,0.4662010669708252,Bob had a great time.,0.4409562051296234,2
c2699d68-4f16-44d1-bff6-6a66ec266a46,Mike never liked Jeeps.,0.49992620944976807,Mike bought the Jeep.,0.6445188522338867,2
b34dfd2a-4ae5-456c-85a9-7c4ee0b58248,Fred came in last place in his karate tournament.,0.5780348777770996,He came in second place.,0.504721999168396,2
87ed8e67-02f7-46dc-b0e3-82319328557a,He broke all of the pots he made.,0.7404924631118774,He was very proud of his pots.,0.7386057376861572,2
cdc35d15-ea89-4410-bdf0-fadde0243985,Joe decided to get some ice cream at the store.,0.6024603843688965,Gina's sister had to go to the hospital for stitches.,0.7684355974197388,2
da033578-7efb-43b4-875f-adeefea0fac0,I now play twice as much.,0.5255179405212402,I no longer play the lottery.,0.3584839701652527,2
3b0fdd12-aa51-45ec-9808-79b308ffe722,The librarian kicked the man out.,0.5868593454360962,The librarian thanked the man.,0.7074954509735107,1
fedc6a43-057c-4684-ad11-200180ade0d3,She researched methods of lawn care that took less water.,0.4665951728820801,Quinn's yard flourished under the heavy rains.,0.45270562171936035,1
60e826cc-3f0a-479e-a79e-319935d39b58,Pizza was first made in Italy to represent the colors of the flag.,0.5379393100738525,We'll be going back there often.,0.5005694627761841,2
471e2283-f8c4-4e45-9c87-40c815fa73ac,Cheryl made more money turning tricks than at her full-time  job.,0.5944043397903442,Cheryl loved the dog and prayed he would get better.,0.7779662609100342,2
463dd0de-6558-4e40-b5a2-b3a202f6856b,Bob hates tattoos.,0.47572341561317444,Bob's girlfriend really liked his new tattoo.,0.6008397340774536,2
f03ef931-1c90-4b73-8e6b-f3cb9aa702fb,Dan decided to call his old girlfriend.,0.5151671171188354,Dan was no longer lonely.,0.6027913689613342,1
0b9c5ee5-9ce1-4195-8ed6-01956f15d659,Shawn missed Jane every day.,0.6752368211746216,Shawn was happy Jane was dead.,0.5799570083618164,1
f6292a35-f8e1-4b62-9592-a1f603bec68d,Mary was always trying to make Gina happy.,0.5811891555786133,Gina's mother had to call Mary's mom to complain.,0.7060413360595703,2
056235a2-84cd-4c99-9652-1e0773797143,Bob will be careful that he never eats at that restaurant again.,0.6660692691802979,Bob's decision to embezzle from his employer was a mistake.,0.4736216962337494,1
a1ecda1c-7f69-4721-89ae-fb2e6ca9cb2f,Tim felt great.,0.57961106300354,Tim was happy for me.,0.652836263179779,2
31e16ce0-894b-40c1-a142-261ca16baddf,Kim was glad people were inspired to imitate her.,0.772368311882019,Kim asked her friends if they wanted to go to Starbucks.,0.5838587880134583,1
d87b0656-9f88-4247-ad95-644c64d38754,Ben decided to retire.,0.5475959181785583,But then he did find a job.,0.6999115943908691,2
95ab463d-7d6d-4dff-9454-69d5abadfbf0,The teacher gave Gina her phone back.,0.5767035484313965,Gina's father agreed to pick up the phone for her.,0.6556418538093567,2
dd1cbc2d-75fc-4fe7-92b8-cd986d80140a,I found that playing Santa was not worth my time off.,0.696968138217926,I found that playing Santa was the best second job ever.,0.6538456082344055,2
474c61d2-2b1f-4d12-9274-a85cea5bfa2b,"He was a little mad, but I just laughed.",0.49808263778686523,He never did understand the best way to fry an egg.,0.5543605089187622,1
430d9fb6-7fb0-4cde-9ae5-c81ca4347109,Candice gave the money to her mom.,0.6208797693252563,Candice bought a new purse.,0.5577029585838318,1
33675fd9-8bb1-4739-b677-9939a01c3b43,We were pleasantly surprised!,0.5126572251319885,We were scared!,0.2928354740142822,2
313197bd-b309-4eef-9f8c-b0ee6e14fce8,Cara threw a party to celebrate.,0.5464732646942139,Cara sat alone and cried.,0.5044110417366028,2
8d81ed6f-9c29-468f-85f9-3ffe7a4d58b3,Ellie ate the fish.,0.767224907875061,Ellie thought it looked great.,0.5210888981819153,2
d6638b4d-72ff-4d36-b37a-065aaf871591,Juan was always impatient.,0.4321872591972351,Juan was hardworking and patient.,0.46343934535980225,2
e32919fb-7b84-424c-8825-a9a5ca420958,Jim and Tim become good friends.,0.6312129497528076,Then Jim shot Tim.,0.5887051820755005,1
254a99c8-5a3c-4cf7-8bf9-e99f8b613cc9,I made the cookies.,0.7630791664123535,I made roasted pork.,0.5582470893859863,1
25561b53-b8fc-44ef-9d22-384325cdcf66,Sal was excited to be an instant millionaire.,0.7098802328109741,Sal decided to keep buying lotto tickets each week.,0.6968601942062378,2
823343e6-6721-4692-ab53-1f2e28cf9d4c,Harry decided math would be a great topic for a video game.,0.6257019639015198,Harry finally overcame the distraction and returned to his math.,0.7205477952957153,2
0f1277f9-f7eb-4133-a067-8012ec4ce4c4,John was relieved.,0.47369128465652466,John was very upset that the ice melted.,0.6070700883865356,1
3dcdf416-5329-4190-b492-4b83c3c17d5b,"Sadly, the concert was canceled due to sickness.",0.6321417093276978,They had a great time at the museum.,0.6477600336074829,1
ff6a9be8-35fd-4371-9337-0a487aa6bcbd,He was relieved.,0.6939284205436707,Rex did his first ever cartwheel that day.,0.5799919962882996,1
93b3adbb-d8fd-4fec-90a1-2f4818cf878c,Judy and the son arrived shortly before Hal.,0.6297374963760376,Hal turned around and went back to the old house to live alone.,0.7125881910324097,1
4b8f1d1f-9b00-4af4-bd25-ed71e9536b55,Joe and Tim stayed friends online.,0.633854866027832,Joe then punched Tim.,0.8043874502182007,1
39ec0a97-fd2f-46cf-95e3-a2c6db74f022,Jenny's boss gave her a raise.,0.5427457094192505,Jenny was worried her boss would fire her.,0.5650001168251038,2
35dd81de-9d73-431c-96a1-fb19b59eca7f,John ended up having the most.,0.5606890320777893,John then went golfing.,0.5409375429153442,1
1b06e78a-3f2e-4445-a72f-780b27f3f40d,Brandon checked the next day and found 50 cents under his pillow.,0.6375819444656372,Brandon bought a bar of chocolate.,0.6231019496917725,1
0da38645-9c97-407e-9ef3-5a2058ebcd9e,Kelsi had no interest in the pool her parents bought.,0.5331830978393555,Kelsi loved her new pool.,0.7306306958198547,2
669aa4cd-bc3e-4c4e-acf7-f406844d697c,The taste was worth the price.,0.6396303772926331,Rick had so much money left.,0.6436128616333008,1
74c29734-503c-4412-8716-bdeac83ee64a,Ann and Tori continued to shop.,0.4929189383983612,Ann and Tori decided to stop shopping and work out the issue.,0.5314958095550537,2
7c079852-8137-49e1-96f7-ff6ae8c1b904,Amy threw the instrument on the floor.,0.5234706997871399,Amy gave a wonderful performance.,0.6055170893669128,2
f9b8a4d5-c5bb-44e6-95be-1bcc52af40db,Joe left his son unattended to move to florida.,0.6708273887634277,Joe's son did not stop laughing for hours.,0.6807036399841309,2
0a7b177b-7671-40ba-9a36-72ef45b651a6,Gina's father grounded everyone for a month.,0.5546948909759521,Gina's father was proud.,0.555037260055542,1
13fb2312-d2ad-4561-8a05-7513e63442bc,She refused his help and walked away.,0.7466302514076233,They ended up going on a date that night.,0.6555200815200806,2
f6830a2a-5ab0-47fa-812d-703362717fb5,Samuel could not read.,0.42398351430892944,He loved it!,0.32082709670066833,2
928d6e7d-0b05-4027-aadd-49f08b02ea60,David hoped to play really well.,0.5637968182563782,David really didn't care about that game.,0.5725125074386597,1
16c3e3c9-c7fb-4c0a-9a22-65e9209fc338,Tad was seriously injured.,0.5017248392105103,Tad's car was in great shape.,0.664794385433197,1
8290bb38-7526-410d-b63b-84b2019d4657,Paisley decided to break up with Danny after the picnic.,0.5454212427139282,Danny was happy he could share the picnic date with her.,0.6682676076889038,2
32075b85-b08a-4503-ac1a-f8d92d2fa29f,I decided to glue the hair back on.,0.40123450756073,I decided to get it waxed.,0.39371976256370544,2
03ba1bda-c31e-4201-92bc-b5b35b3f0aad,Oatmeal became my favorite food.,0.6306287050247192,I hated oatmeal and didn't eat it anymore.,0.66436767578125,1
6b9941a8-213c-4e54-98f5-81e437bd2926,He was very full.,0.6927453875541687,Charles mother was very angry.,0.6715250015258789,2
aaa5c492-d3b2-40a7-bbd5-6b8e21e1003c,Kelly was unhappy.,0.5165907740592957,Kelly did not know how to read.,0.32730212807655334,1
c73cbbee-b51a-42f0-a3d8-22b8fc732b4e,She was happy that she didn't have to wear a vest anymore.,0.5158704519271851,She was upset that she didn't have to wear the vest anymore.,0.5519487857818604,1
8a3f1af2-3913-4a4a-a234-136733984d4a,His son got just what he wanted and was quite happy.,0.60310959815979,His son was bewildered when he unwrapped a dollhouse.,0.7042700052261353,2
1642a31d-5568-4ec6-9004-7470b35360f7,She was proud of her body.,0.4637547731399536,She hired a personal trainer to help her meet her goals.,0.606653094291687,2
4ca3ce4c-637e-45e8-9d94-d0da28effc6a,Kurtis trembled with fright.,0.44879940152168274,Kurtis laughed and danced around the campfire.,0.5425876975059509,1
237a2426-779d-4d2f-8878-cc1d9895ed5d,He had always wanted to go surfing under the California sun.,0.5261306762695312,His favorite moment was when he got to feed a baby koala bear.,0.5117872357368469,2
4014fd4e-036c-4e93-973f-3eb49ce21fda,Joe was happy Jeb loaned him the money.,0.6371039748191833,Joe got a job so he wouldn't have to borrow the money.,0.513780951499939,2
7acc2db4-2324-4bf5-ba56-194007e0bb65,Her sister came and apologized.,0.7152107954025269,Gina thought it was really funny.,0.6671059131622314,1
b753ce86-ad90-4ca9-8816-215f0f968a30,Ann felt insulted by the lady's offer.,0.6092159748077393,Ann came inside and watched as cakes were being made.,0.7346086502075195,2
001df42a-7c6c-4bee-bbb8-21950fe87d2c,Kelly was glad she tried new flavors.,0.6900612115859985,She threw up.,0.6688332557678223,1
2e80030a-9ade-4fdb-b693-444100733c1b,Rory had to buy a school lunch that day.,0.45492005348205566,Rory at the sandwich.,0.4729519784450531,1
c57088f8-7a4e-4826-9d91-2065f345a4ee,The boy bought a bicycle.,0.5640438795089722,They bought the car.,0.6817455291748047,2
fa89b431-41a6-4ab5-a1bf-f244f1c0ad85,Her dad caught them and scolded them for sneaking out.,0.7084987759590149,Her dad greeted them warmly as they arrived from their trip.,0.6483738422393799,1
2b38b3ba-ce90-414e-8114-88f601631444,It became too hot and dry for Tory to go out.,0.5430800914764404,"Tory had to wait a while to buy his AC unit, but it was cooler.",0.39032265543937683,2
2ab4f4dc-7b16-45f5-8b72-99d8d10be148,I put it in the middle of the room like my mom suggested.,0.7085753679275513,I put it on the night stand in the corner.,0.5590016841888428,2
187b118c-c70b-4afb-9b41-5c1e09887858,"After a few years, the States decided to return to England.",0.5080589056015015,The war was called the American Revolution.,0.5808926820755005,2
765b576d-0989-450d-93df-1b2d6c329a0c,Cole was upset that all of his vegetables went to waste.,0.6090919971466064,All the members signed a Thank You card for Cole.,0.5078139901161194,2
9923091f-49f3-4ce5-bd9c-fd01f284bfde,I decided to watch movies all night.,0.4659530520439148,I had an early night.,0.48957133293151855,2
6b666c82-cfcd-4447-ba48-f91fcb27c170,Bob was dazed and had a cut on his forehead!,0.7408546209335327,"After that, Bob was nervous about going horseback riding.",0.5836342573165894,1
11abdce5-a150-4ea4-b76b-4ff36b7b0f6c,I was upset when I lost all my money.,0.6703037619590759,I was glad I hadn't spent much money on the slot machines.,0.5709161758422852,1
b29a15ca-1fdf-42a3-b443-50c33f297318,"She asked her father, because he had always been great to her.",0.5827157497406006,"She decided to ask her brother, who was honored to do so.",0.5932171940803528,2
5ae5571c-31f7-4d79-86f2-3c7fa9ffb6c7,Austin went to the park and played with his dog.,0.690131664276123,Austin painted several pictures similar to what he had seen.,0.6801344752311707,2
1734a9b5-938b-414f-8718-450d13658cb2,I will continue playing chess and hope for qualified opponents.,0.5514363646507263,I think I will start playing football.,0.5066806077957153,1
264662c6-4f40-4f03-93d1-335a268e52c5,Izzy is heartbroken.,0.5035155415534973,Izzy is happy.,0.5195558071136475,1
609a7d44-9a1c-4585-b0f4-5ac7d9fc1f8f,Eventually Larry got stronger.,0.5453420877456665,Larry was ashamed of what he had done.,0.5254292488098145,1
e242bc6e-470b-4ed9-ac96-48a4d38b11ef,He got a call a few days later saying that he got the job.,0.5373126268386841,My roommate then got a call saying he was fired.,0.5667024850845337,1
5d10d46d-83a9-4468-9b05-8bdabdc5ea92,The soccer team congratulated her and gave her a spot on the team.,0.7283293008804321,"Naturally, she was not accepted to the soccer team.",0.688866138458252,2
b083a25d-a3c3-47be-8879-949b475d13f6,Leeza was in pain.,0.5583091378211975,Leeza was having fun.,0.5626484155654907,1
847fb1fc-aa6c-443c-98aa-fd4af3847c73,He went back to reading his book.,0.5947656631469727,What had been pressed between the pages was a four-leafed clover!,0.46813449263572693,2
49500220-b926-41dd-9347-0edb6829edeb,Gina fixed herself some lunch.,0.6922664642333984,Gina found the handle on the washing machine.,0.6326894760131836,2
dea3f3e4-98c4-4614-ab9f-e370785fc7fc,I am dishonest.,0.6351842284202576,I am honest.,0.5855761766433716,2
f560dccd-209b-43fd-8bb7-6629e8a30823,He hoped that she never came back.,0.5329733490943909,A year later she returned.,0.523552417755127,2
0d1aec48-f891-4611-80b2-b10476ea4776,Oliver was sick of his friend's unwanted advice.,0.43707799911499023,Oliver was grateful to his friend.,0.4894029498100281,2
dbd1c07c-3bbd-4753-bd93-6b7400eb2c64,Tommy decided to ask the girl for a date.,0.5204272270202637,Tommy was really embarrassed.,0.7473157644271851,2
ce784ff4-4411-43ae-8789-7dcd07692029,The dogs attacked the people.,0.5575098395347595,"A good time was had by all, even the dogs.",0.5129561424255371,2
d35e7dfc-d3cf-40b2-8b67-b92572b74222,We wanted to miss the leopards.,0.6312798261642456,We wanted to see a leopard.,0.5393450856208801,2
84c97f08-5998-4059-b2e6-26307c70a656,Albert saved the day.,0.6030577421188354,Everyone was angry with Albert.,0.4630504250526428,1
e948a9b0-1f8a-4166-b43a-757387ea6ca0,Then they all went home.,0.5993074178695679,Sam and John ran from the group of boys.,0.5552343130111694,1
5a797fa1-07d2-47f6-b160-36e10ae5e63e,Tina is well rested.,0.7534482479095459,Tina is more tired than ever before.,0.7423183917999268,1
c9ed6b56-0a08-4b0b-bb46-4a05856c6b3f,Jaris picked flowers from a state park.,0.6443626284599304,Jaris got in trouble and apologized profusely.,0.6160273551940918,2
b4e4e9db-8cc5-4b39-a4c7-894ed6af9c79,I want my daughter to stop being a Christian.,0.8466074466705322,I want my daughter to have a spiritual life.,0.853277325630188,2
d59da61f-1141-4c74-8e7c-1e11ff2d21c8,He was very proud of all his hard work.,0.5838127136230469,Micky was very disappointed.,0.5896822214126587,1
7d177568-fd50-4c13-a5a5-929a12e765c5,Amy told Kim she was a big loser.,0.5864578485488892,They decided never to let a guy come between them.,0.5437598824501038,2
ed31c050-341d-4ae2-9ec5-55da770d5e5b,Lauren's husband was glad to see her feeling refreshed.,0.6696732044219971,Lauren wishes she took the bus home.,0.6658247709274292,1
c6637931-907e-452e-aa57-299e8801d648,He was so glad.,0.6846935749053955,He yelled for his dad.,0.6242480278015137,2
05fa2554-9bb2-4abc-954f-6e21b2e52a5b,The boy decided to go swimming.,0.6417405009269714,He was shot by members of the other team.,0.6723037958145142,2
8d833f98-114a-420f-adb2-53884b813034,It helped her a lot.,0.5372086763381958,Celina has no feet.,0.4652118384838104,1
048f5a77-7c17-4071-8b0b-b8e43087132d,The River Shannon was beautiful.,0.48835691809654236,That Neil was very stupid.,0.42032572627067566,1
57046c72-5c39-47b4-88a1-6984ad1ac6b8,The team asked Jay if they could have burgers instead.,0.5305095314979553,The team devoured the pizza and thanked Jay.,0.568464457988739,2
dac71653-f4b0-4445-806c-ae724a693373,Rachel went home and put the eyeliner on.,0.7092046737670898,Rachel threw the eyeliner into the trash.,0.6468479633331299,1
5508c74e-4105-4b4b-805f-372aa58429ea,She moves to the desert.,0.5982595086097717,She is happy when it rains now.,0.8016964197158813,2
c9c7f614-e8c1-4b07-890d-2b0ffc19cd47,Derek was happy to finally be out.,0.5925126671791077,Derek did not want to leave.,0.6729561686515808,1
6126881f-3a6f-421a-b2ae-b74b7a52dd96,I painted a picture of the whales.,0.5899966955184937,I drove to New York that same night.,0.5862632989883423,1
98bdd522-48f8-49ed-bcda-fde95a663ee2,Jenny paid for her coffee with cash.,0.6771499514579773,Jenny paid for the order of the person behind her.,0.6138421893119812,2
35146100-1a33-4b70-ab26-4469198f909a,Bob told the man to leave him alone.,0.6583202481269836,Bob asked the man for tea.,0.6351728439331055,1
96e98dae-7c2e-4130-b6c2-4912c0e58938,Lita ordered a pepperoni pizza for lunch.,0.6322906613349915,Lita folded the laundry while watching television.,0.7099865078926086,2
39c953ff-bb04-4997-a6be-3f4b07e0db56,Liv decided to change a light bulb in the bathroom.,0.6088201999664307,Liv then changed the light bulb.,0.6411896347999573,2
2b7745a1-9e3a-402d-a806-1eebfb18ad5a,The mother felt quite frustrated.,0.4559940695762634,The children's behavior calmed the mother down.,0.628218948841095,1
56b24969-0004-4731-99d6-ac4931df1b50,Hector kept brewing his own coffee and saved money.,0.5464280247688293,Hector started buying more coffee from Starbucks.,0.37887972593307495,1
eb653573-0e05-403a-b5a4-be7bd6ba3f99,Kelly never talked to her again.,0.6074151396751404,Kelly was happy to have made a new friend.,0.5847216844558716,2
efb927ed-be0b-41fb-b89d-1fe4f3f96f78,He was ashamed that he didn't get any recognition.,0.6611352562904358,He was proud to finish first by age but tenth overall.,0.7256742715835571,2
dac6c4cb-422b-436e-ac83-7853ad91d9c6,Laurie went home crying.,0.5195398330688477,Laurie ended the night by kissing her date.,0.6718141436576843,2
9f53d98f-c1d9-4082-a9c7-1a95ed3de223,Neil deleted all of his photos.,0.5859563946723938,Neil saved the photos on his computer.,0.6942951679229736,2
553ec373-0500-4c63-979f-a446a17f550d,Bob loved the outfit so much that he showed it to his friends.,0.5152497887611389,Bob went out after work wearing the sailor suit.,0.5018215775489807,2
d84fcc97-0638-4dc8-a881-596c66b75e83,My dog bit her.,0.5112858414649963,My dog ran away.,0.5571072101593018,1
6001c530-a64f-4128-82db-deb6bd81e8b8,He hangs the picture on the wall in his living room.,0.5973234176635742,He decides never to draw anything again.,0.6753396987915039,1
2ff39c6a-6eb8-4890-8e25-6b6af653046d,Pablo enjoys worms and views them as a delicacy.,0.5608183145523071,Pablo does not enjoy eating worms.,0.5003538131713867,1
5bf65083-150d-4e08-a822-fd215ecd23fe,She spent all the money on shoes.,0.6632565259933472,It was the best trip of her life.,0.66960608959198,2
a6e1d6d8-ddbb-4b54-a685-c642f4076e1b,Glen ran his best marathon time ever.,0.6540242433547974,Glen swore he'd never walk again.,0.6799953579902649,2
adaa9d18-572e-40f0-af81-c415abf793a4,I told them it was okay and then walked away.,0.6675991415977478,The driver of the car became very angry at me.,0.8020657300949097,1
8cc9a757-075a-4e47-95b7-2fa63dc8870c,When they got home they all had ice cream.,0.5997446775436401,Gina's sister went to the doctor.,0.6185827255249023,2
8ef45363-9070-477a-8f1f-8d7c947ea6dc,The little boy accepted that he would never improve.,0.579835057258606,"At the end of the year, he did well on his reading test.",0.5139946341514587,2
a2878606-f05e-492b-a581-8b00346d40ca,Rosie's class shared the fruit salad.,0.594977617263794,Rosie kept the bowl of fruit salad in her fridge at home.,0.5257644653320312,1
7fa2b3d7-8046-403f-9a66-8198715ef31e,I have fond memories of that time.,0.6306575536727905,I have negative memories of that time.,0.6510419249534607,1
3c516058-0aec-4a0c-906d-4b466715c38b,The principal suspended her rowdy classmates.,0.7147886753082275,Her classmates were given awards for their behavior.,0.40193480253219604,1
713e6e15-793f-4951-9d47-3d4688d748a3,I climbed out and me and my dad were ok.,0.6431165933609009,We were both flattened by the vehicle.,0.5213319063186646,1
fcb6c166-4da5-4efb-8779-4ba6bdf1da2f,Brant will cancel his plans to kidnap a child.,0.5014264583587646,The couple will be happy to know they have a baby on the way.,0.5572233200073242,2
f3b7819d-89cc-4dcf-a560-18d70f6f2cf9,Catherine then began to practice every day and got good at it.,0.6380770206451416,Catherine thought curling looked boring.,0.5663896799087524,1
041c9cd6-3351-4287-bf7d-56e1b8808341,Francis is really proud of his accomplishment.,0.5993995666503906,Francis decides he would rather take public transportation.,0.6262382864952087,1
4fd560d4-8d90-40f8-a572-9522f966fd97,I vowed never to see it again.,0.5015001893043518,I wanted to see it again.,0.6149476766586304,2
dc450ec8-ab03-47b8-af48-43623c8a369e,I decided to go back to class again.,0.6648439764976501,"When I got there, I took a nap.",0.6639280319213867,2
0f29def9-37c9-4eba-a87b-154ceec40700,"Gary slaps Lisa hard, and walks away.",0.7225977182388306,Lisa confesses she also has a crush on Gary.,0.5310797095298767,2
a443d57f-b1c1-4d08-abff-3c968b8f9d92,Lars fell in love with photography.,0.6291311979293823,Lars hated photography.,0.5161059498786926,1
1ad78f7c-f5b0-4f1a-a09c-1223e6ed015e,I was able to have it fixed with the warranty.,0.6328300833702087,The employee was later found dead.,0.6106122732162476,1
4a4ba70e-d51c-4574-b3f1-42675bef0059,Ryan then popped the balloon on purpose.,0.660941481590271,Ryan then found the girl and gave her the balloon she lost.,0.6964548826217651,2
23d95ddb-64bd-461e-b5e6-426a8b77c108,Neil had a great time.,0.4675440490245819,Neil and Fez became best friends.,0.5505166053771973,1
10770264-1216-4bf9-a955-423d82dc6a92,So he ran to the coffee shop.,0.5813596248626709,Joe regret going outside.,0.392959862947464,2
558ffced-fc9e-428c-8b62-4227a8ecf556,In the box was a newborn baby.,0.694465160369873,Jen found her new coat inside the package.,0.7521995306015015,2
5f27fb6f-f523-4220-a393-1fee45f744e0,Frank lost his video games for a week.,0.6870893836021423,Frank got an all new game.,0.6728582978248596,1
61b5d18b-450c-4fb7-9f50-47d9df3c22eb,Timmy won the competition.,0.5035986304283142,Timmy went to the driving range the day of competition.,0.6931368708610535,1
81959648-7d1f-4f5e-a960-50465d1c6faf,And the host told him that he didn't know either.,0.5582073926925659,Drake told the host he wanted to attend his parties again.,0.7474167346954346,1
0a87c92f-e24d-48fb-b064-71e8c66d5f4b,Bob called someone to fix his flat tire.,0.6341965198516846,Bob drove his truck to the market.,0.5804269313812256,1
36c75e5c-8b93-4743-8104-122c769d1636,Now Jack actually enjoys replying to emails.,0.5749452114105225,Jack now uses the postal service instead of email.,0.4488111734390259,1
bbc7c651-dd54-46ea-b057-7b001c105912,Jake washed his hands.,0.320781946182251,Jake got the job.,0.5975593328475952,2
f884bcde-c243-4cfd-a9ad-3adeba0ef86a,I was really hurt.,0.1852470189332962,I was really pleased.,0.2867565453052521,1
4c58f47d-b444-4a16-a66b-553fc767130e,Chuck decided to quit his job.,0.4900273382663727,He then felt compelled to get back to work.,0.5543397665023804,2
49701721-7d91-47c7-bed2-ad411562391f,Bob used his reusable grocery bags to go shopping.,0.7406299114227295,Bob continued to use his plastic grocery bags to go shopping.,0.6548948287963867,1
bd8d2a48-5146-413c-baf3-47d7b7c4e65c,Joe was very satisfied with the results.,0.6609212160110474,The artist painted a Joe's cat.,0.5405163764953613,1
709db57b-125c-4434-b58d-f543070d8a27,Jen saw her books burning in the fireplace.,0.5725637674331665,The room was full of shelves of books that appealed to girls.,0.7441293001174927,2
4010d4ae-e1f4-4348-8b20-91a774bf34ee,Joe wanted to chew more rocks.,0.653067946434021,Joe decided not to eat dirt again.,0.6234335899353027,2
2e9fd58f-6036-4008-8c0b-c7d70cc43d2e,Rob had generous friends.,0.5366989374160767,Rob's friends were thoughtless.,0.5573278665542603,1
3329d95c-5a03-4d68-90b3-25ddba1e4c9e,Sam answered the phone.,0.5370124578475952,Carly ordered take-out over the phone.,0.5648679733276367,1
6d0772be-9406-4257-af59-ab5f2e819e81,Amy grinned with delight.,0.4311074912548065,Amy walked out of the room and left the house.,0.5514681935310364,1
3e13600e-4a0f-42dd-876d-9741076fc465,Pan finally stopped.,0.3601089119911194,I gave Pan a big hug.,0.49897152185440063,1
16a5c03f-6538-4913-b51a-f20a560577eb,"One night, Pam let her cats inside her home.",0.5687597990036011,"One night, Pam decided to release the dogs.",0.5649399161338806,2
bf8b9f77-692d-4873-a7e5-30dec273eb4d,She dropped out of school.,0.7349370121955872,She even liked all of her professors.,0.6930642127990723,2
ae97dd54-084b-45d1-aa4e-eaad35b58cc8,"After seeing her expression, the dentist was able help Mary.",0.5738617777824402,Mary left the dentist in a great mood.,0.727921724319458,1
4aa68faa-46af-4c29-a5af-76920608e42e,Ford was sad that he achieved so much.,0.543791651725769,Ford was proud of his accomplishments.,0.5770968794822693,2
d6ead853-dd97-4d11-be64-7b93a24bffec,I decided to change.,0.8405730724334717,I am unmarried.,0.503774881362915,1
dfadf8eb-0782-46f5-b8d6-f03b68044e5e,Nina bought a toy.,0.6387185454368591,Nina was excited.,0.48663386702537537,2
a8d36862-b0e3-4147-82a3-6ada95cc4939,Tracey ran back home.,0.6224249601364136,Tracey shrugged off her fall.,0.5256999731063843,2
a76f857c-34a6-4409-a2d5-1255ba6cf5e9,Jim saw his wife after an hour.,0.6713886857032776,Jim drove away before his wife showed.,0.5371797680854797,1
54ec0b0d-355e-484f-8554-315daf68fc44,Joe was still very proud of his hard work.,0.5454562902450562,Joe decided he didn't want to go to college.,0.6237433552742004,1
f5a85657-b572-43dc-adb4-b62c8d4d023d,Gina checked on ebay and found one she could afford.,0.6520937085151672,Gina mowed the whole yard and had no help from anyone.,0.5589256882667542,1
7c80498a-801e-4d4b-86f1-bfbea4247fb2,Leah decided she liked the tree on the floor better than standing.,0.368999183177948,Leah chastised her cat.,0.44691282510757446,2
968bf70b-55b0-49c9-9eb3-0e9c89043c72,Peter thought it might even be more comfortable than the old one.,0.4814872741699219,Peter let his dog use the chair for its own.,0.5829483270645142,1
c9e0ad92-16a3-4721-b221-bc7a7ea72195,The crowd booed the team loudly.,0.4913789629936218,The crowd all stood up in their seats and applauded wildly.,0.3825017809867859,2
4e5aa3fc-f0a5-4426-8fde-3229bbb1edb0,My wife and I were very unhappy to lose our internet connection.,0.6826997399330139,We loved the strong wind and lack of sleep.,0.4231322705745697,1
2d825c0a-d7f1-40ea-bb9b-c8f68c10eba7,Then she cancelled her order.,0.6100889444351196,Then  her keyboard arrived in the mail.,0.6717252135276794,2
b287eeca-7682-4a3f-8b60-d7529988dc1c,Amy was really excited to be at the park.,0.7129638195037842,Amy thought the park was boring.,0.5724346041679382,1
367d94ef-0033-45f5-b7bc-0e461e049220,The profits from the book sales gave Bob enough money to eat.,0.5034109950065613,The public reaction to the book means Bob still goes hungry.,0.5663959383964539,1
6d40efe0-4f3a-4475-8cc3-55915a7c2d17,I've never been happier.,0.5677502751350403,I'm really disappointed in myself.,0.31931009888648987,1
a2af46c3-ab6c-4b15-b3e4-205b55d5dd76,His dad laughed because the star was really a jet with lights.,0.6883909702301025,Sam's dad was glad his son was interested in geology.,0.5871165990829468,1
2d49847a-81d6-4d67-b36b-1bd695768cb5,He started screaming obscenities at Meg.,0.5015581846237183,He asked her to marry him.,0.5514284372329712,2
dc60a861-f7c4-491a-9f98-ffaaf73d4b32,Bobby was upset that he got the bananas.,0.4622555673122406,Bobby went into the shed to get a ladder to get the bananas.,0.3968433141708374,2
e7cda60f-1f70-44c6-b021-f485beb6c2bc,Beth needed to rest.,0.5552163124084473,Beth played football on her Friday off.,0.47538328170776367,1
83279ad4-371a-4d70-a479-82fb5422cfbf,Rhonda then decided to eat lunch and return emails.,0.5834908485412598,"Sadly, they were ruined and Rhonda had to buy a new pair.",0.4954308271408081,2
c77e19e5-ec84-4ac4-9a77-904b12a882e0,Marcus was so thrilled that he started dancing.,0.3872608542442322,Marcus then vomited from sea sickness.,0.475824773311615,2
cb054419-731b-4350-96aa-aadfc00e35ae,"She cuddled with the adorable puppy, happy to see it.",0.6352252960205078,The kitten was very cute.,0.64339280128479,1
a9ca9655-b64d-48c8-96dc-b14a9bc94890,Chuck was upset.,0.513664960861206,Chuck was happy that place finally closed down.,0.5864044427871704,1
3e6404e3-86cc-436f-9cec-40f6f922cafe,John then proceeded to assault the officer.,0.6502668857574463,The officer was understanding.,0.580044150352478,2
873a9a34-e68a-4971-a397-0ce28140bcba,He felt pride in his accomplishment.,0.500564455986023,Tom was upset that he did poorly.,0.5439462661743164,1
27e6ed53-de20-4969-ac97-d1c767e66e8b,The roof was completely fine.,0.8002735376358032,The janitor was frightened.,0.5747236013412476,2
d0b21d6b-1e82-47b2-94c6-3b37b559b58c,I hated my birthday.,0.5476810336112976,It was the best birthday party ever.,0.6206169128417969,2
0505ab3d-b0a6-403b-83bd-1ff36755c0e5,It was gross.,0.5837252140045166,It smelled so good that I ate it.,0.6928550601005554,1
c363f775-7fbc-4935-bf85-2608d84a0fba,We have many fond memories of this childhood trip.,0.5449868440628052,I have no memory of going to Paragon Park.,0.6286957263946533,1
06d18564-6dcd-4154-aa35-a9f326c2db72,"One day, I decided to buy the movie.",0.6284970045089722,I did not like the Wizard of Oz.,0.38424697518348694,1
2f47e25b-1df6-40e7-86e7-85cf008c7bd4,Mary Ann got a rash from one of them because it was poison ivy.,0.5002078413963318,Mary Ann finished making her salad and enjoyed eating it.,0.4063745141029358,1
26e62478-4a62-4f71-8449-26edcf3905c0,He cuddled up to the dog.,0.6696962118148804,The dog found him and mauled him.,0.4876687228679657,2
a7ac822a-737c-4734-a6a0-05763dedc94b,They gave me a big illustrated book on African animals.,0.6348001956939697,They gave me a book on the history of the computer.,0.5885846018791199,1
ba6be46b-029c-49d7-a56b-f8ec2f6f774a,She ended up making a bad grade on the assignment.,0.6533801555633545,She played basketball with her friends all afternoon.,0.5027886629104614,1
970cf7ed-b730-41a8-9675-85790da3004e,The young boy went home disappointed.,0.7435330152511597,The coach offered the boy the starting pitcher position.,0.733871579170227,1
3c9de9fe-20e8-4b46-b795-f474a6cc1ccb,Sarah began to watch tv.,0.5761895179748535,Sarah found spoiled milk on her desk.,0.5907954573631287,2
43d9d4f7-8542-4e45-ab22-5880462eb2a5,Mark hoped the procedure would stop his dental pain.,0.5796159505844116,Mark's coworker told him he wasn't going to vote in the election.,0.5245004296302795,1
e83f7e0e-0ff6-4546-b154-1c317dfa8526,Lulu turned off the dishwasher.,0.4147724509239197,Lulu turned on the dishwasher.,0.32553350925445557,2
73f5afd2-f1e4-420c-b536-ac86aed95ca5,Bill was proud of his work.,0.4069175720214844,Bill searched for the cows.,0.5888147950172424,1
e30c01b0-c968-44bd-8f78-4d1a1ae83ff4,"He agreed,",0.33563917875289917,Terry's sister decided to get surgery on her thumb.,0.5662480592727661,1
ccc59d4b-1e20-4c63-bbdb-a45cff6bc456,Mary's boss is happy with her sale.,0.5092761516571045,Mary is sad she sold a car.,0.5786416530609131,1
661e7f71-ccc5-4101-a026-32b0ab3c648e,Brie was glad they had become friends.,0.5217739343643188,Brie hated cheese.,0.5607221126556396,1
efe9f092-1035-4d33-9527-8959d4f71fd4,He installed a beautiful new kitchen floor for his home.,0.688218355178833,Tim returned the tiles to the store the next day.,0.7217620015144348,1
ff9b9128-31a9-4a2d-8fe2-b53affce964d,Dave checks the internet for more concerts the he will like.,0.5217353701591492,Dave took control of the helicopter and landed on the field.,0.634844183921814,1
3f7f71e4-82a7-4ad4-8bb1-4a02e11cb1b9,They rejoiced at the sight.,0.4857642650604248,They mourned for losses.,0.5191140174865723,2
af7b1f70-856a-4394-92f1-ecc901678956,Joe eventually won the fight.,0.4773951768875122,Joe finished the fight with no cuts or injuries.,0.6199260950088501,1
0a17cbf9-397b-4382-9ce0-0fd835626775,Jimmy felt sick to his stomach.,0.33574196696281433,Jimmy ate another chip from the bag.,0.4444403648376465,1
d88e0944-c71a-4c76-b100-44e42247fb1d,My son and I did not do well.,0.47931110858917236,My son was happy that we won.,0.4104468822479248,2
c5c0be96-86bb-43f7-8c71-f1c475cedf65,He eventually made the team.,0.6260305047035217,He decided not to try out for the team.,0.6720664501190186,1
d32397e1-f5c8-4e0a-923b-b941a169a888,Harry was glad he saw the movie with his friends.,0.5093840956687927,Harry really liked the movie.,0.5921639204025269,2
942054b7-4c71-441e-ab8a-83e413c79604,"He was fired that same day, and walked out of the building.",0.48851948976516724,He realized he would fit in perfectly at the new job.,0.44809871912002563,2
4bc45635-2e6f-4bd1-bbfc-c66db6521b7b,Ellen was horribly afraid.,0.6048436164855957,Ellen felt really calm.,0.5937868356704712,1
0c555fc3-d387-49b2-80a5-6c02ca258565,Pearl's sister hoped to please her.,0.7168741822242737,Pearl's sister was seeking revenge.,0.5968255996704102,2
063223d1-69ca-4296-baa6-295672e57351,Anna watched the sea life and thought about the wonder of nature.,0.5006444454193115,Anna felt disappointed by her trip to the shore.,0.4643976092338562,1
1375cd8a-0967-465e-b190-b445d9f76bf5,Brianna hated s'mores.,0.4067416191101074,Brianna loved s'mores.,0.42635637521743774,2
beb8a610-250a-4f87-98ec-0bd59bbd472e,Shay was finally found weeks later in the woods.,0.5005558729171753,Shay felt overwhelming relief.,0.5097782015800476,2
7be7a3f9-49c3-4a62-8f7d-13c95a530452,They figured out which restaurant it was.,0.5252012014389038,They went back to eat at the same restaurant.,0.49170318245887756,1
6bf5185c-501a-449b-bc7b-c096f66c18d7,Arnold was calm and happy to the see the bird.,0.5525904297828674,Arnold screamed in terror!,0.3409264385700226,2
3d4aa8d1-9c33-47db-91d8-91982635e8d3,To cheer him up Kip's parents took him to Florida.,0.6002377271652222,Kip dreamed of snowflakes.,0.47438278794288635,2
5a4e4ff0-d972-4991-8f91-bcf4dae1288e,They praised him.,0.4333694875240326,The bully was expelled.,0.6939690709114075,2
069fe406-47af-4c57-ae9c-2ffea2a0f7ee,"She traveled home to see Sam, and they missed each other!",0.4809904992580414,"She broke up with Sam, leaving him heartbroken.",0.5543283224105835,1
efd324dd-68fd-4a7a-a860-8939f7f1e4c0,Joey hated camping.,0.49929267168045044,Then he roasted marshmallows.,0.5955554246902466,2
0f277b11-2ac7-4769-b857-6055461ec558,She ate a huge lunch.,0.5023247003555298,She threw up in the toilet.,0.5590158700942993,2
1d846682-2dd7-422a-b77f-975ca683ed88,Everyone was impressed that Jason had become bilingual.,0.3986032009124756,Jason's best friend was not impressed.,0.45747455954551697,1
dce8a563-9c78-4ace-8ca1-3e1b6fd2b1b6,She was mad because Todd wouldn't stop talking.,0.3990882635116577,She decided not to speak to Todd either.,0.47543957829475403,2
5df54bbd-457e-4c76-be01-e6ece9d8a254,We hate parties.,0.5219943523406982,We had a great time!,0.41153305768966675,2
99d2fd49-f52a-4c24-89c7-3b346f4c5169,They handed them around to all the neighbors.,0.6264632344245911,They gave all the hamburgers to passerby.,0.6039090752601624,1
0c375b3e-3b7c-4bd0-acdc-7d4e71b8dbf8,School stayed open longer than usual.,0.6049180030822754,School was cancelled.,0.5103820562362671,2
c56e19f8-ebcb-4986-b474-ddd42dbbdfee,Larry was mad about his score.,0.5664514899253845,Larry was excited  to have scored his first hole in one.,0.49909764528274536,2
6e85099b-6686-4fca-a81a-bbf17f40c09e,She didn't want to binge eat out of depression.,0.6534698009490967,She is very happy no one gave her gifts.,0.6415924429893494,1
103b8bac-e6b4-4682-a040-5090410685d1,I decided to go for a run.,0.5631902813911438,I went to the interview and was happy to get the job.,0.676830530166626,2
930c9d40-894e-49ec-ab5e-e99632fc7136,She spent the money on going out to eat.,0.578972578048706,She bought and enjoyed the shoes.,0.6464200019836426,2
bf5a0b2e-43fa-4e0d-957f-7beff5009909,Ora took a bath.,0.534398078918457,Ora took a shower.,0.49504274129867554,1
5830252c-4cd8-4df2-a3d2-ffc46a1391cd,Allison plans to pay bingo again in the future.,0.37611544132232666,Allison thinks bingo is boring.,0.6034281253814697,1
261f4708-683f-4aba-8fa5-5b267ebeef0c,Nya missed the parade altogether.,0.5304931998252869,Nya was excited to be able to watch the parade.,0.5910719037055969,2
1d503d1e-84cf-4461-86f0-948a27c9330c,So Tom moved the plant to a window.,0.5920950174331665,Tom closed his windows to block out as much sunlight as possible.,0.6104735136032104,1
148092ae-3c1b-449f-9901-8057f5dd76c3,Ranger fans want him to go away.,0.729889988899231,Ranger fans are looking forward to his return.,0.7904990911483765,2
aacd1de8-0707-4870-a2b8-2fb9fa0b484c,Avery dropped out of school.,0.4377715289592743,Avery finished her project early.,0.4289654791355133,2
42736ec0-16cb-4e19-9404-d48ca24d08f2,Chester immediately threw out the shirt he bought.,0.5185099244117737,Chester was very pleased with the shirt he bought.,0.6543629169464111,2
5e7c3657-d66c-4d1a-aba3-8ce8fb109538,Gina wished she hadn't wasted her day.,0.49839240312576294,Gina was glad she had wasted her day.,0.6406405568122864,1
7abd6e73-645c-4ab4-a63d-2a232eea4d1d,All my clothes smell great.,0.667495608329773,I will do laundry right now.,0.5999978184700012,2
e4724aa4-c974-43b9-902b-9e0a50e21465,He was happy.,0.5969460606575012,He was disappointed.,0.4423946440219879,1
6e61a007-5fa7-4275-b45c-9a2d7a8ad2a8,They were so relieved.,0.5269469618797302,They were disappointed.,0.4945169985294342,1
1bbba135-3f42-4f1b-9bb4-6fcc69df64f0,They walked around campus and got invited to a party.,0.5668975710868835,He thought college was going to be miserable.,0.4585152566432953,1
50e7e0b7-5c28-462d-8bd6-3bdfecf1f40f,She listened to a book while she ran.,0.7042813301086426,She was glad she is never bored of music.,0.628623902797699,1
0edacb01-c9c8-4f8e-bf3f-f43518f03213,She lasted the whole night.,0.73703533411026,She turned on the stove and made herself dinner.,0.6911458373069763,1
106fb699-7469-4d23-a582-29d7ae7b2898,Sam had no car.,0.572269082069397,Sam was unhappy.,0.5844744443893433,2
9fdef8c0-2910-4eb7-8f79-979dea4b7aa1,Winter is the season that sees the most skiers.,0.5881339311599731,By the time she got home it had become warmer due to spring.,0.6201122999191284,2
c761de18-82df-47ad-a7ba-1e97533a2406,He was happy to be in Iran.,0.7433544397354126,"He left immediately.,",0.6799794435501099,1
1ee61f07-0a66-4d41-86a8-26a30660d3f7,The girl said yes to Andrew.,0.6200394034385681,The girl cried hysterically.,0.5560249090194702,1
b90a2af2-8141-466c-bce3-d0b8c599cfc1,Amy then left the airplane and drove home.,0.5852018594741821,She boarded her flight just in time.,0.7108908295631409,2
1a4ca91d-6bae-4a04-b605-b9a645099621,Paul was very frustrated.,0.6045808792114258,Paul was very pleased with his results.,0.5266687870025635,1
419324ac-9daa-4b86-ac21-482b3bcef5ca,The mouse got away.,0.7063210606575012,The cat decided to lay down and take a nap.,0.6263141632080078,1
3ab12b02-0972-4e68-98a2-72bcab9257a8,Neil found the trip stimulating.,0.48946481943130493,Neil found the trip dull.,0.5553116202354431,1
043877dc-d64a-4868-9600-72d27c0f8aca,Mary was very happy.,0.5297055244445801,Mary felt unappreciated.,0.6005338430404663,1
091644b8-fd23-4acf-a3b4-e244669f7f45,Gina and her sister had a great time together.,0.49144935607910156,Gina disliked spending time with her sister.,0.5230991840362549,1
c00cac38-57df-49de-95fa-bdf5e94f52ea,I went to swim and enjoy the sunshine.,0.6299134492874146,"My plans were ruined, and I went home.",0.652903139591217,2
0d70ad27-5468-4aa8-b375-c0a273f73bab,Arnold loved his girlfriend's cats.,0.6372092366218567,Arnold dumped his girlfriend.,0.5284867882728577,2
add7d561-802c-4697-8280-484420ad3d80,Leah gets fired.,0.5611445903778076,Leah gets the job.,0.7788807153701782,2
4615d59f-be35-4bb8-8990-988e2f16ade7,Bob felt very energized.,0.5931677222251892,Bob decided to stay at a nearby hotel for the night.,0.5857652425765991,2
f5e38006-7951-497d-812b-a272e2ba5780,I cheered when the Beatle came under the spotlight.,0.49454644322395325,I began to tremble uncontrollably with terror and dread.,0.3862425982952118,1
5828f905-bd2a-4c27-9c05-7f6a6e16fe0d,Joe liked how the blinds let in the warmth and light.,0.5691378116607666,Joe was pleased when he put up the new blinds.,0.7110556364059448,2
6b1c8d84-ad44-4247-ab03-dcf4c6bbbc82,Joey knew everybody was just teasing him.,0.3158174157142639,Joey took his baseball and went home.,0.5010927319526672,1
c82c141a-27e9-4a5f-9b3e-c1ae1f33ace5,He made sure to buy rechargeable batteries this time.,0.6956723928451538,He made sure all of his bills were paid on time.,0.6622517108917236,1
603fff0a-05d0-48f5-84c1-550fc754256b,Now I can bike 30 miles.,0.6014445424079895,I am so out of shape I can't even bike a mile.,0.5740612745285034,1
f934d116-c42c-4ec4-9b6c-d910999099c2,That was the best trip of my life.,0.6749874949455261,I decided never to go camping again.,0.5111935138702393,2
e29bc99e-a7be-45bc-a36a-bf68c6ff5797,I was worried about my grade.,0.6598049402236938,I was sure I would get an A if I didn't turn in my essay.,0.5582054257392883,1
64f920dc-a877-4397-9b07-f144432fa0ca,Sally hopes to lose her job.,0.6095379590988159,Sally hopes her boss will keep her.,0.590111494064331,2
7fa74ecd-3feb-4205-b2a4-d173f8b0c2bf,We found we made a mess in the kitchen.,0.6814512014389038,We decided to sell our candy to a local boutique.,0.6564619541168213,1
88670c09-ace5-49cb-960d-3eb7ddaf950e,Will started to listen to his teacher.,0.6329538822174072,Will wanted to be a janitor.,0.7639850378036499,1
ca7ffb91-a043-4ab6-adcf-d43917f8e882,Emily was reprimanded by her parents.,0.40784135460853577,Emily's parents cheered her on.,0.6772545576095581,1
4eec9565-76b4-4dc4-91df-479c71dcef70,We enthusiastically played the game till it got dark.,0.629557728767395,We put the gear away and went our separate ways.,0.7466143369674683,1
14791a39-5879-4cc8-91ef-ce366e93bdc6,I was successful.,0.657103419303894,I decided to quit using the computer.,0.7495410442352295,1
d6c07fc5-9379-427c-8db3-d1e216c61829,She was the first person to arrive.,0.6918917894363403,I was better for her to be late than to be unprepared.,0.6031102538108826,2
1759a271-0642-4f98-9330-4b577776b818,I thought Jack was very polite.,0.3399406969547272,I thought Jack was very rude.,0.3034600019454956,1
a711473b-b049-4d72-b54a-0f545f3a790f,Gabe decided to purchase a desk for his room.,0.7470406293869019,He polished the wood after he built the desk.,0.7384220361709595,2
dcc66657-38b2-4f66-88de-8edfab3399d5,Jerry decided later it was easier to collect unemployment.,0.5090290307998657,Then recruiter set up an interview for Jerry.,0.7088485956192017,2
d18c71ac-cd73-44a3-8e2f-0bfa247ba70b,Emile eventually got a job as a chef.,0.5666563510894775,Emile stopped talking to his friends.,0.5654972791671753,1
8b7ab48c-435b-49f3-926d-74cd9a50fa41,She caught hypothermia.,0.5932403802871704,She finished her latest book.,0.6061495542526245,2
ffcd78ff-f1c4-416a-b3d7-d4f9fe32c83a,Harry wished he wouldn't have went.,0.39378121495246887,Harry was so happy to be in the goo.,0.6083542704582214,1
55384f51-96ba-4ce5-91b0-2a5f55e1b028,He no longer had any interest in wrestling.,0.5682328939437866,He retired early due to injury.,0.6739398241043091,2
7de18c96-2e6d-4316-a853-c696e3d733f9,Joan felt bad about the dinner but glad she was assertive.,0.6674747467041016,Joan went to the restaurant the next night.,0.5956807136535645,1
1f677d6f-802f-4b54-8e0e-2f4adc4259f9,Jesse's parents were upset with her.,0.5041729807853699,Jesse's parents were excited to see the tattoo.,0.49350228905677795,1
ca30ecd2-9808-4e52-9c0e-4b9e0ffb3f8d,Juliette built a volcano.,0.5285563468933105,Juliette was bored.,0.3178219795227051,1
2f595ff8-e86c-4de5-aa27-211501bc5a4d,Rob finally left to hang out with his friends.,0.38446733355522156,Rob was very happy about spending time with Jaclyn.,0.4935128092765808,1
a2676c5e-becf-477c-9de5-a1356bf7456e,All of the eggs landed safely.,0.532649040222168,Sharon broke all of the eggs.,0.5197813510894775,2
b0d23a4d-9885-4428-87a5-aef0a58b8928,Ella had to be taken to the doctor.,0.6374976634979248,Ella was unscathed from the fall.,0.6849937438964844,1
7ea28324-be74-49bf-9f4e-314c874819c7,Bobby passed the football for hours after the game.,0.5703145265579224,Bobby took time to recover from the injury.,0.7132734060287476,2
2ae5e008-8777-465c-8cbc-7b42db210ea5,Susan was upset with the whole ordeal.,0.5947083234786987,Susan was very happy with the experience.,0.556879460811615,1
ff8e9ac7-0619-45d1-b827-7ff4275e399b,The cactus flourished under his care.,0.5117243528366089,The goldfish were very happy and healthy.,0.7171450853347778,1
b155c21e-4c58-430c-9053-3e4f5d896145,Gina went straight to bed.,0.5967775583267212,Gina decided that it wasn't late enough and went back outside.,0.6309596300125122,1
c1984cf8-6fc1-43c0-929b-c6d713c41ffb,Avery's parents were proud.,0.5979225635528564,Avery's parents were ashamed of him.,0.6269993782043457,1
978b1dfc-732f-4856-9a14-05011f2a4855,The orchids would be ugly.,0.7030420899391174,The orchids would be beautiful.,0.7011146545410156,2
811ef3dd-2646-4008-967e-009049c2624a,And asked her to marry him.,0.6768481135368347,And he started laughing hysterically.,0.6472713947296143,1
0e1cae86-3c60-4150-b34a-f306fa9fa1e3,Tommy had good friends.,0.5706116557121277,Tommy had bad friends.,0.5648640990257263,1
e5d75f5b-9c53-4698-a49a-4559715831e3,We went to a dentist who pulled the tooth.,0.6614804267883301,We had a week of hell as her tooth came in.,0.682856559753418,2
215b8a85-692e-4d23-a29f-c9077d9bae51,Amelia decided to never go back to Mexico.,0.5753457546234131,Amelia decided to vacation to Mexico more often.,0.637404203414917,2
4828eea9-7ca1-47c6-9b58-3b52884ac626,We told the kids that Santa must have share with the reindeer.,0.4933707118034363,We told the kids it was thanksgiving.,0.5605524182319641,1
976a11ff-1a3c-4f4f-9b21-3179f2d9cf20,She was so grateful and promised to pay her coworker back.,0.4555688500404358,She did not want to eat.,0.4972041845321655,1
ce73399f-5905-4bc1-9ab4-5d12c7039cf2,The government continued to fund computer labs.,0.6086033582687378,Kids suffered from the computer labs.,0.5745358467102051,1
e71d07b3-5647-4fa3-9b90-27ea083b39a0,The baby even pet the dog right afterwards.,0.7409722208976746,Officer Dunn was shocked about what his dog had done.,0.4263492226600647,2
952a11be-e6f9-4e0b-9b9d-2b2be66a3a54,I cleaned my motorcycle after I got home.,0.6222387552261353,I changed the wifi password to enhance security.,0.5613548755645752,1
d0ecfef1-dc1f-4c54-820a-04e4c623da1f,Ryan got fired.,0.4119425415992737,Ryan got promoted.,0.48691999912261963,1
629ec1e3-0d93-45bb-a0d9-cb645c89ffe7,The man stopped at the rest stop and got out of the car.,0.652624785900116,The man kept driving for a few more hours.,0.6692137718200684,1
1335f94b-5780-4228-8c68-74e56ddd452e,Josiah crawled to his mother and took the toy.,0.6706823110580444,Josiah rolled over and played with his feet.,0.6560007333755493,1
19b67b77-cb21-48dc-bde9-87f8670a1538,I brought a dog home since I have so many dogs already.,0.7334606647491455,I drove home with the mini pig in my car.,0.7904938459396362,2
705a69e2-7aeb-4c94-a1fb-2997d11e74ca,All his classmates were very supportive though.,0.5742691159248352,His classmates taught him to overcome his fear of heights.,0.5771956443786621,1
552067ec-e238-4c17-8fd1-e627fa6c0af5,Matt and Lexi had a great time at prom.,0.5707038640975952,Matt was miserable at the turn of events.,0.6330283284187317,1
d84e663f-3654-4808-a3d2-cff4f40bc5b1,She was heartbroken.,0.47813060879707336,Shyanne was overjoyed.,0.3452438414096832,2
6318c4bc-e94f-46d1-b8cb-cbf9c8bb2d58,John had carrots instead.,0.7049009799957275,John devoured his pizza.,0.47959011793136597,2
0db573d0-dc8e-428b-a483-6e71a11a0b94,Then we collapsed on the couch and slept past noon.,0.6689125895500183,We ran in hopes of improving our speed.,0.6722683906555176,1
120aac36-5d49-4b9e-ba55-7a45495cb786,Ally used the three hundred dollars to buy clothes.,0.43343931436538696,So she bought a new cell phone.,0.6429004073143005,2
28bf468c-50cf-432e-abae-216ba816a399,The worker thanked Mark for his patronage.,0.48878413438796997,Mark has a court date next week.,0.701676607131958,2
b9124010-865d-43e8-a341-75280447382f,I can't wait to to start the paint-by-numbers set!,0.4830062985420227,"But in a moment, I'm going to start the puzzle.",0.640184760093689,2
c977fd68-7741-448f-be29-f049268652d9,Rex loves cleaning the bathroom.,0.5466533303260803,He feels better about his room.,0.7504992485046387,2
ea067ab3-67d0-4860-a5f4-7ee4492d3f3e,I aced my exam.,0.5426656007766724,I failed my exam.,0.3527716398239136,1
feb5f3a2-3e9b-466c-82b0-931fec45abc7,I washed the blue shirt.,0.6849613785743713,I wore the blue shirt.,0.6740099787712097,2
71da85fa-e6bb-44e7-82f4-3eae7fb0c2b8,He fell asleep.,0.5075626373291016,JJ stayed up all night.,0.5471069812774658,1
0fd8d108-d8ea-4093-8a35-f51cf70fe5fc,Todd is proud of himself.,0.728462815284729,Todd decides to study as much as he can before tomorrow.,0.7578756809234619,2
e06719bc-6fdc-44b0-b40d-2892b339ba7b,Maggie was happy to have a new companion.,0.4821277856826782,Maggie wanted to be alone.,0.5469529628753662,1
2ce0a18d-0c2f-48bc-b634-73ee52b540f0,I did not have anyone to talk to though.,0.6316549777984619,"When the ride was over, we parted ways.",0.5426230430603027,2
0a6db8cc-a132-4588-b5d5-2ea500b33c05,"Eventually, she hated all men.",0.6069200038909912,She felt better playing with a group of nicer people.,0.5600869655609131,2
99acf9ff-e624-4ab4-b904-ec640c20593c,Bobby was bored.,0.39634817838668823,Bobby enjoyed the carnival.,0.4558050334453583,2
f1911438-d757-4798-953e-eee6c5397dc6,Al and Val went out to eat.,0.5041822195053101,Al felt even lonelier as time went on.,0.5984053611755371,2
da333c2d-fd57-4270-871d-8dee0045f51b,I wish I had gotten more tickets.,0.42697733640670776,I now drive at a normal speed.,0.532282829284668,2
c63cf569-80b3-42a2-b42f-cf47598684d5,David learns to play piano.,0.5222606658935547,He has a great time in Oregon.,0.6207680702209473,2
ff38333b-722a-4c39-94b7-5ba1dfc6e556,But it was worth it when she saw her straightened teeth.,0.5119187235832214,She couldn't wait to get her braces tightened each visit.,0.46275416016578674,1
c32c85c1-62a3-461a-88f9-bf8d98c057fc,Jayne ate a delicious meal from the fruits of her labor.,0.7525402307510376,Jayne decided to set fire to the garden and destroy the farm.,0.7292542457580566,1
9bafd29b-aaf8-47e2-b0d1-b4600723e8f4,Amy then drove to school.,0.7244431972503662,Amy then had to walk to school.,0.7512946128845215,2
add4b967-73e6-428c-8b76-0d35e20d61a4,Rod died in the fire.,0.6647543907165527,Rod was proud of what he had done.,0.5549719333648682,1
f89a91ee-9f17-41cb-925c-5cdf45990be3,Barry voted.,0.5285083055496216,Barry turned around and went home.,0.6503646969795227,1
b5a83206-0f36-4dce-84ae-083105802b6a,"She moved into a smaller, cheaper apartment.",0.6742913722991943,Amy signed a lease and moved into the apartment.,0.7800190448760986,2
2ba6a29f-c6cb-4be4-8958-3f76ccf6f08e,I got to eat the slice.,0.4906580150127411,I ate a hamburger.,0.4744233787059784,1
14109871-2c9b-499e-8033-c5f2b0d14a1b,May and Cathy got along greatly.,0.6513287425041199,May went outside and Cathy never saw her again.,0.7575362920761108,1
c8a83dec-8666-4241-8637-daf8c5e9c9fd,Monica was pleased to see her friend admire the homemade gift.,0.7018005847930908,Monica knit the scarf to donate to an orphanage.,0.7340150475502014,1
ac6e7c57-bc25-42a7-ac90-05098af8d1df,The suspect decided to turn himself in.,0.6569143533706665,No one seemed to notice the suspect.,0.5637063384056091,2
1a6f72b0-88e5-47b8-92d9-141200921477,But eventually they get together anyway.,0.48287081718444824,The boy and girl's parents are very happy they love each other.,0.5509319305419922,1
77d497cb-8ea6-4fa0-8b07-637f789425c2,I was thrilled.,0.575475811958313,I was completely bored.,0.4088777005672455,1
60c41b64-a700-4370-8ed7-4061f074d9a1,I drove to the beach.,0.549808144569397,I decided to visit Vegas.,0.5186960101127625,1
999f3b11-5d26-41bc-a542-e0a6dafba00f,Steve's wife was ecstatic about the gift.,0.5603961944580078,Steve's wife filed for divorce that same day.,0.5630595088005066,1
1e71748f-a74b-4117-a7cc-4cd49620228b,John went to the movies by himself.,0.5058306455612183,Jon loved spending time with the kids.,0.5308502316474915,2
686d0a57-8b7e-460f-972a-65c314ef3999,Ben was fascinated by the string.,0.6700028777122498,Ben went for a run.,0.7468148469924927,1
a77d6cba-d46b-4801-bb5c-70fc0b97800d,Juan decided that being  luchador was a stupid aspiration.,0.5334084630012512,Juan was very successful eventually.,0.6111000776290894,2
6d8ef0c4-7b5f-443b-b9e1-c95bb507a55e,They finally decided on one boy name and one girl name.,0.6189935207366943,Tori had to go to therapy because she was so upset.,0.5794655084609985,1
7114ba39-aebb-45b2-a2b8-4d53647c81ea,Sara was then able to stop by and get food.,0.6444889307022095,The food was too unhealthy for Sara.,0.5346803665161133,1
015efb0e-8d0f-4a81-8bb2-c1906451f09f,They decide to be lab partners in their class together.,0.6849300861358643,Rufus is happy to have a friend in Geometry class.,0.6348575353622437,1
cd0399d2-96c1-4a2c-a0e4-2361312a0bf8,He was happy to get the Chemistry set.,0.45466649532318115,He was disappointed to receive the Chemistry set.,0.43236565589904785,1
d08d37fd-9914-44c3-a11f-591565f46a10,It ate the territorial hummingbird easily.,0.5439008474349976,I shot the rat and tossed the body into the garbage.,0.7259310483932495,1
3a90aa96-7867-4e9c-82fa-2904543f072c,Lo figured the math problem.,0.46755215525627136,Lo had the best costume in the play.,0.45675960183143616,2
69490a80-2168-459d-8081-c427fad01c74,We later decided to start a small band.,0.6370816230773926,"Later, my manager told me he didn't like the beatles.",0.4539244472980499,1
35db21bf-01e3-4eb3-a3ec-98869fe34242,Tyler got depressed.,0.433677613735199,Tyler was elated!,0.39469674229621887,2
15946f27-9852-4e00-a6cf-f0f8d1e6c471,She was excited because she loved going to the dentist.,0.627695620059967,The dentist was able to make her tooth feel better.,0.5617873072624207,2
56fa9b11-6e0a-4f67-ac67-30e4ff40dcb1,Derek never read again.,0.4421689212322235,Derek now read all the time.,0.5158255696296692,2
965b65fb-69f9-44dc-9d7a-abf73c77c5ab,The bar asked me and my friends to leave after a while.,0.5759545564651489,After that we all decided to go to a restaurant.,0.5944375395774841,1
a6ef24b0-8d15-442c-905b-9952779c27a1,Pat got in his car and drove to work.,0.5716431736946106,Pat felt silly for pretending to be sick.,0.40363121032714844,2
bfb3cf0c-3cce-4b1f-b953-ebccf25217f6,Greg filed a police report and they eventually caught the thief.,0.5382135510444641,Greg judged the chili cook-off competition.,0.5138782262802124,1
701cea8d-4be7-4533-a5ae-2558ea63dd4d,"He had a miserable weekend, but told his girlfriend it was great.",0.6491193771362305,Johnson was an avid outdoorsman and hiked often.,0.5634892582893372,1
2a5347ad-a91c-42c3-86a2-b8e3edcdb4b0,Pete kept the wallet and donated the money to charity.,0.5934043526649475,"So, Pete kept the wallet and bought a new TV with the money.",0.6560018062591553,2
31787fb8-6f36-40f6-88f3-f588c5cb28e2,Sally thought her sister was cruel.,0.6730259656906128,Sally felt better.,0.5685279369354248,2
fdbceae0-770a-4d16-8890-75362a17e25f,My son died and we buried him in the graveyard.,0.6368479132652283,He has a scar from the stitches.,0.5653939247131348,2
be83c2be-8761-4cce-8c56-dc027929393f,Lorelei calmed down after getting the teething biscuit.,0.6433814167976379,Lorelei chose to get flowers.,0.4997868835926056,1
5ac09084-6bac-4761-b8d8-adf3b7912dab,The ducks liked me a lot.,0.7358936071395874,I ran away from the ducks.,0.728637158870697,2
51f11eec-b9eb-4bae-acd7-03886c91675e,Lewis started to dance.,0.4597703814506531,Lewis laughed and told them not be afraid of the bats.,0.4789658188819885,2
81e69e5d-2cb1-4059-b497-b43577392a99,Sara made the purchase enthusiastically.,0.6218758821487427,Sara decided to buy a Viola instead.,0.6529995799064636,1
ca70b26c-2edb-474f-8b2e-6f3f00905fb0,Bill started to get ready for school.,0.5354278087615967,Bill felt relieved.,0.33098945021629333,2
bb49eaa7-a2ea-4ca8-9ca9-838bfe384b4e,Martha became an expert seamstress after a while.,0.5747621059417725,"After a while, everything Martha cooked was delicious.",0.6068851947784424,2
a643c405-45ac-4245-a3d3-66208ac077f9,Both cats were very healthy.,0.6813534498214722,I took him to the vet to treat him and he got better.,0.5632410049438477,2
aec3209e-fac7-406f-a129-7c2b41c20fe2,It ended up dirtier than it was before.,0.6865925788879395,The carpet looked almost new after it was cleaned.,0.7007502317428589,2
851b28b1-31d3-4f81-9414-1760f328f07a,Being healthy isn't always fun.,0.5855712294578552,She loved the donut she was eating.,0.6097601652145386,1
c19ec643-99c6-4a27-bb9d-689ff5d5a036,Anna ate all the wings as she drove home.,0.4720180630683899,Anna was happy with her meal of lasagna.,0.5951199531555176,1
e8c07445-8e02-45bd-8b31-a3696b3523c5,I never watch television with my brother.,0.567453145980835,I agreed to let my brother use the remote first.,0.6014428734779358,2
800c26cc-5a4c-46d5-a417-c52e53482df0,"When the plane suddenly corrected, Ivy felt a wave of relief.",0.5836596488952637,Ivy was glad she had chosen to fly.,0.6343640089035034,1
65dae43e-c570-4e77-88a6-0b64479e383e,Joey felt proud of himself.,0.437110036611557,Joey wished his parent's appreciated him.,0.354922890663147,1
09052ed8-4951-496a-bf96-1d665b942abc,John decided to bring bagels to work.,0.591364860534668,"John reworked the presentation, and it was a great success.",0.5288535356521606,2
773e400c-9ba6-4aa0-9299-10253cac009f,Gina stole al the soap that was in the bathroom.,0.35509973764419556,So she had to settle for rinsing her hands off.,0.4870139956474304,2
fa6b61d5-9ea0-43b6-9d5e-05afaf2b5f63,She then yelled for them to get back to work.,0.5989105105400085,"The family sat down, and enjoyed a meal together.",0.7269186973571777,2
27157c02-49b1-483a-9745-e6f654428dfe,"Then, Emmy's dad said she could keep both kittens.",0.5986279249191284,Emmy left angry because she wanted a dog.,0.6253373622894287,1
696f32ce-3d68-41ec-96d9-7b958fc4cde0,Kyle was really into Marvel heros.,0.5546684861183167,Kyle thought Superman was a ridiculous construct.,0.6126819849014282,1
67f83b61-a0fe-4599-8cc9-66ef0e1ba4fb,Francine was glad that she wore comfortable  shoes!,0.42316627502441406,Francine  retested  the formula for the missing genome.,0.5467482209205627,1
35742286-71eb-4bc9-ac2f-b41e6b8b1c2b,"When I got older, I had to stop jumping out at people.",0.5903863310813904,People were very happy when I played this game without them.,0.6209993362426758,1
65c8e152-567a-4b94-968d-48b75fb9687f,He bought lemonade and made us feel welcome in the neighborhood.,0.5974060297012329,He poured our lemonade onto the ground.,0.6265624761581421,1
6eea24a9-3542-4a46-949b-778c96e5712f,Jorie admitted it was a very emotional tour.,0.5821216106414795,They decided to visit the comedy club upstairs.,0.5627816915512085,1
40236de6-9cb6-4a42-be7b-efde6f86af05,Clara liked being outside.,0.5017977952957153,Clara's mom helped right away.,0.5831353664398193,2
35c32a1e-cf05-4d95-8523-733082a30cab,I was angry and confused by the letter.,0.6767236590385437,I was very happy about the letter.,0.6487646698951721,1
fe77bddd-892f-405e-acd9-f1cfb8522d74,His wife was proud of him.,0.6615856885910034,His wife found out and they got a divorce.,0.6582540273666382,2
eb534ad9-b837-42b2-9d9f-863d22de6183,The man eventually blinked.,0.4694412052631378,The man wanted to lose his bet.,0.4561498761177063,1
5803a261-2dd1-4156-bceb-c81fca0ca1b9,Shay had a great time.,0.6042298078536987,Shay really didn't like dolphins.,0.3837796449661255,1
5c029f1f-b635-4a8c-b469-1816892ad31d,Lia hated going to England.,0.557223379611969,Lia took many photos of Stonehenge.,0.6421619653701782,2
ca59756e-6ff6-4d36-8c69-70d8f21d6d6b,I mopped up the mess.,0.5584772229194641,I left the mess and made a sandwich.,0.6911391019821167,1
173df287-22f6-49b8-8d63-f422129e0dfe,Arthur felt good about taking the last one anyway.,0.7697653770446777,Arthur ordered another round for his friends.,0.7578392624855042,2
e450d3ff-2902-4182-96d9-eadf4e570a1a,Jill was excited.,0.4044336676597595,Jill was depressed.,0.5379106998443604,1
46d66ed9-9b87-4bcd-90e6-9266d21015da,Jaden's girlfriend slapped in the face.,0.7165083885192871,Jaden had saved the day.,0.6035345792770386,2
ad2a375a-a800-48a6-881a-7c034f4b3f9d,He was able to ride the bike just fine without them.,0.5924465656280518,"He realized biking was not for him, and took a nap instead.",0.5777220129966736,1
fa10c3d0-1dad-4423-9054-b783c6f4d4bd,Quentin was glad that he went.,0.5224918127059937,Quentin vowed to never go sailing again.,0.43998491764068604,1
4527bb6a-c109-434b-bf49-dffe2874b903,The cook praised him.,0.6437078714370728,The cook decided to remake the pancakes.,0.6122516393661499,2
7013497b-6bac-4e24-a1bf-9ce80a31bb21,"After watering them more, my plants look better than ever.",0.5797812938690186,I didn't water them again.,0.5979646444320679,1
d4395ad3-c9ec-4e4f-805b-2a9772b8bdd3,Jill and her sister could not play any more videogames.,0.6410742998123169,Jill got better at video games.,0.5866410732269287,1
ad552657-42f5-4d61-9b9d-2992a13e6358,Then I fell asleep until the next morning.,0.6830350160598755,Then I imagined that I was Buffy and went running.,0.609915018081665,2
fd578a8b-fd54-45a5-916b-a60797100095,Drew always wants to obey the law.,0.46462833881378174,His mother was very angry.,0.6846287250518799,2
f407ed78-e481-4579-8b32-5b4bca206a04,The baked eggs were great.,0.6107416152954102,"I left the shell on, and ate them whole.",0.688906729221344,1
4baf0727-0769-4a16-b57c-0f65138e476d,The boy was grateful.,0.37460243701934814,The boy was angry.,0.5346959233283997,2
3551862d-06d4-41b1-94a7-f547eb6d6063,He enjoyed watching the game anyway.,0.6483951807022095,Tom thought it was the best hockey game ever.,0.627855658531189,1
5a26b3c4-3d2e-4ffa-89f3-e7e3c7994a85,Trip enjoyed the flavor of the seeds.,0.5622967481613159,Trip stopped eating watermelon completely.,0.6362056136131287,1
518faf54-80a9-4ab0-8019-4f9b76ac419b,Angie decided to tell the requester to reject more of her work.,0.6503303050994873,Angie tried to discuss the issue in detail.,0.608333945274353,2
6266a3b8-2233-4bca-b648-7fcf5301040a,Trina's dad scolded Trina.,0.5871171951293945,Trina's dad taught her how to dance.,0.616597056388855,2
e4cb65fa-0052-496f-8407-91adb01a783f,So Ned gave him his own cotton candy.,0.5585751533508301,He bought more cotton candy for the boy.,0.6445767879486084,1
7ae98915-03b0-40ae-9cd0-e1051e88c454,Sebastian felt like staying inside that day.,0.7826193571090698,Sebastian walked outdoors and went for a walk.,0.6505858302116394,2
abb6f801-84a5-4f5c-8acd-41366562540b,"His brother yelled at him, and slammed the door.",0.4638288915157318,His brother was grateful.,0.41174858808517456,2
7eb48737-de7e-4935-ad07-fb6bd6323923,She wondered if the cashier had stolen her information.,0.629308819770813,She made sure to thank the fast food cashier.,0.6648544073104858,1
ca091eda-e978-4722-b8c3-8fd607ab6ff7,I decided not to buy the painting because I didn't like it.,0.49618643522262573,I purchased it and brought it home.,0.48204463720321655,2
fa858dfd-9b76-4b82-9c28-d6af70649a5c,My boss fired me on the spot.,0.6785221099853516,I received the promotion I wanted.,0.5119479894638062,2
1cb827d2-5dca-4618-8787-770e5b31e5fa,She gave Dan the train.,0.5954016447067261,Dan's mother told him to get ready for school.,0.6843657493591309,1
0d6425fa-bf7d-47e9-803c-4918ebbfe1de,Then Gina placed the purse right back where she found it.,0.6120800375938416,Then Gina told her mom where the key was.,0.5582546591758728,1
5869b273-6f8c-471c-a269-a976c4a2a2ba,The man moved to Texas.,0.6058895587921143,The man moved to Kentucky.,0.5823280811309814,2
eb063789-2d4d-49ab-ab4b-bdccc21ad5c8,Tim was thrilled.,0.2854687571525574,Tim was terribly disappointed.,0.2766783833503723,1
e45ad242-95e8-4d1f-98df-068e883d7224,She decided it was not the right cat.,0.5409718751907349,She took the cat home with her.,0.5446060299873352,2
51a5d37a-b747-4b2b-ae86-77417dfd37bf,I was rushed to the hospital.,0.5719125866889954,I got up and got right back on the balance beam.,0.5962443947792053,1
0f00cda0-7624-4e4f-bbf6-b3b185448063,We each bought one dog.,0.6187087297439575,We did not like the dogs.,0.458595335483551,1
f8dce44f-2d2d-435b-9c0b-613d2011882f,Johnny began planning to move to Boston.,0.5928574800491333,Johnny was happy to be in a small town.,0.7335720062255859,2
f4afa99a-a6b4-4023-bce9-3c5772ccbb3d,Joan's mother didn't speak with her because she was unmarried.,0.5361827611923218,Joan felt good at seeing her mother's face.,0.5094281435012817,2
10580bae-a7cf-483f-aa01-49626781a87e,I began to write more.,0.29428213834762573,I went on many dates.,0.5305125117301941,1
72afc487-caed-42ff-b8cd-fc14176348fe,My daughter never forgot her field trip.,0.41827258467674255,My wife and I had dinner that night.,0.45497509837150574,1
115cd979-a1f5-460d-90ff-4c1fc637f930,We befriended the bouncer so we would get into the club tomorrow.,0.5305525660514832,The bouncer did not allow us into the club.,0.5098102688789368,1
34f11687-2858-4acc-9f91-968cb6d4a1d2,I cut myself on a small piece.,0.6033013463020325,I loved the way the glass looked now.,0.7681597471237183,1
90d91e34-19ae-4ab5-836a-ef991863d531,That helped her figure out which car she didn't want.,0.597657322883606,That helped her find what she wanted.,0.633942186832428,2
4b43c037-c52a-4076-af93-caf125331695,Sebastian was disappointed in hit performance.,0.6413416862487793,Sebastian was happy that his practice paid off.,0.6394007205963135,2
bee156cd-7812-4c67-ba93-1b2c497ee364,The mother gently sung the lullaby to her baby.,0.6360676288604736,The mother played some hip hop for her baby.,0.7039828300476074,1
33ccaec6-8ae3-4569-8a79-05ccb6b27184,Some people noticed and Johnny got in trouble.,0.5808483362197876,Everyone was really happy because of Johnny's behavior.,0.600532591342926,1
ae768ce1-26e7-4d76-8a2e-2a53bdd8d8fc,Amy felt so much better.,0.5247786045074463,Amy felt terrible.,0.5519037842750549,1
958ba547-7970-4a46-b969-c98dec34907a,Joe was very proud of his team.,0.5139178037643433,Joe was very disappointed in his team.,0.523746132850647,1
2a1b4844-f9c5-4c5c-92e6-bd9b278739c2,Mark was very happy.,0.6268574595451355,Mark was enraged and stormed out.,0.6646908521652222,1
240e4087-d102-42d2-a7e7-07c116811129,Elaine found it easy to make up her mind.,0.5379992127418518,Elaine found it difficult to make up her mind.,0.5741613507270813,2
b358c39f-5c1a-4274-890e-e7ef1b44cc09,3 months later he received an acceptance letter.,0.6166653037071228,He never thought of it again.,0.6928192377090454,1
8af86cec-fa88-4a5f-932d-3113fb225eac,Matt and friends walked home and slept it off.,0.625702440738678,Matt did not care about the missing phone.,0.6313307285308838,1
c71f92f5-d1e8-490e-8226-af55bd39ed69,Everyone had a great time.,0.6822099685668945,Bindu hates her friends and parties.,0.5953811407089233,1
248a69a6-117f-4512-92db-7bde99a2ab0b,Tyler made cupcakes to show off his baking skills.,0.6245572566986084,Tyler takes a quick shower and gets to the bus stop on time.,0.5813502073287964,2
e33c53cd-ef8a-4db1-9c32-f959915e58af,He was diagnosed with diabetes after gaining forty pounds.,0.5843584537506104,His doctor was very pleased at his next checkup.,0.4822363257408142,2
2ad820ab-e57f-4652-bd55-8d65676cc26a,She decided to watch her favorite comedy show on Netflix.,0.5262994766235352,She screamed and pushed her brother away.,0.6854571104049683,2
17701a43-538d-43de-8115-113ff7211818,Stephanie pushed herself up with her hands.,0.6914677023887634,Stephanie could not get up until someone found her.,0.6250724196434021,2
a4d8103f-fb5b-47b5-9bb0-619a13fff746,Roy decided to leave the fish in the refrigerator.,0.5990548133850098,Roy threw out the old fisher and everything smelled better.,0.6041932106018066,2
d55d516a-381b-448f-a955-de72d53f50db,So he repaid them for college.,0.7317776679992676,Jimmy called his parents and cursed at them.,0.6020002365112305,1
aff4c215-48cf-46b6-9e7d-0f66bab8fe98,Her date arrived and complimented her appearance.,0.5895957350730896,Jill and her friends had a fun girls-only night out.,0.6624453663825989,1
cd3eb218-2b2d-462e-b33e-2747b8dfaeb3,The old woman refused to give back the banner.,0.4796180725097656,The old woman was delighted to find the fur coat.,0.5966639518737793,1
f15ddccd-7a21-45c3-ab3f-241ef3b2e4d3,I never ate pumpkin bars after that day.,0.5497410297393799,I made pumpkin bars later in life and they reminded me of my mom.,0.6674647927284241,2
ddb2a703-b9a5-4462-98c2-eb6705f1430f,Tim decided he wasn't interested in birds anymore.,0.4181482791900635,Tim and his grandad found a hobby that they both enjoyed.,0.41128647327423096,2
577c1232-e3bd-4650-8f6f-17d941d9cb6b,He gave him another scoop of ice cream.,0.5081472992897034,He refused to give him another scoop.,0.4808988869190216,1
7d5f167f-0f44-4bed-bf1d-7c6a1fbaa6db,Laurence and his family drove to their new home.,0.7633304595947266,Laurence put all of their belongings back into the house.,0.7141293287277222,1
8175fe68-8698-40ec-a14e-7fe61c43a17e,She had to buy a shell after all.,0.44708988070487976,So she brought one home and gave it to her crab.,0.47476494312286377,1
cd83513d-dbe7-4931-badb-7adf2c0a1b95,Westin cut a perfect slice from the cake.,0.45390695333480835,Weston and his wife kicked out the intoxicated person.,0.5044927597045898,2
91143c2a-eb2c-4524-8ff5-98c06aa46da2,Joe laughed about the experience.,0.5617259740829468,Joe was angry he got hurt.,0.519781231880188,2
3ed55cbe-f198-4d64-b083-4c27788cf82d,Tim was very determined.,0.47926953434944153,Tim had little determination.,0.434719979763031,1
2928e9de-f40c-4851-8d2f-a8b70e106751,The person apologized to Henry.,0.47670623660087585,Henry was happy and thankful.,0.525635838508606,1
047d8c8e-c97e-408f-a29d-2d1650e82a18,Tami made the basketball team.,0.5082724690437317,All the players were good but she made the team.,0.7309086322784424,2
202a3b75-1851-44dc-9162-4cd6123e5ef5,"Their mom enjoyed her new, broken vase.",0.6106247901916504,The glue held the vase together and their mom never found out.,0.6756806969642639,2
69742aaa-ec73-4354-9de2-2ee4f8e19ec1,Steve wondered if they could ever get back together.,0.5966542959213257,Steve drove an hour away to go to a strip joint for drugs.,0.6255759000778198,1
e7594236-eaed-46c5-8389-f1e099bd5e11,She wore them proudly to the next party.,0.6945137977600098,She was jealous.,0.6423628330230713,1
81a217ff-717d-4416-a45b-25fe7be0d0fa,He decided to go turn on his heaters.,0.5362886786460876,He then decided to jump into his pool.,0.5202751159667969,2
a94a118d-643c-434e-8a5b-626aff2969e1,He was deeply unhappy but afraid to leave.,0.7093716859817505,His eyes glowed with excitement.,0.6606533527374268,1
e56d5c8d-221c-4388-9a15-c38af332120c,I am a biologist who studies snakes.,0.6454184651374817,I followed the road back to my car.,0.8144798278808594,2
3bb6cd39-ddc2-4265-9119-3b7ec21417e9,Mary crashed into a poll.,0.49724504351615906,Mary kept driving and drank it anyway.,0.5889090895652771,2
dad91d83-5774-4465-9256-0168882ff253,He never regretted his decision.,0.5044741034507751,"He was so depressed, he became an alcoholic.",0.5888172388076782,1
1edab233-bd17-466b-b096-763a79b68f7f,Quinton felt depressed.,0.20328736305236816,Quinton was so happy.,0.08921019732952118,2
d1fdbb06-3fda-49a6-8987-4aa10930bb53,He ate a muffin.,0.6498106122016907,Igor took a cold shower.,0.6121283173561096,2
e04b2175-4e43-4660-a9bc-fbb0f0a2db6d,Tara still enjoyed listening on her own!,0.5175256729125977,Tara was a mean girl.,0.3968040943145752,1
dac28c5f-fbd7-48dc-810e-c5126ac2ac89,We took the tour and enjoyed the history of the place.,0.5663973093032837,We left the White House abruptly and did not take the tour.,0.6368552446365356,1
61eaf272-ed42-4f8f-be21-d1f5d08232dd,She hates music.,0.5840305089950562,She wanted to play the drums.,0.6220932006835938,2
15f0716f-58ba-42c1-8551-969e4fed73b8,Maggie was encouraged to do more.,0.617914080619812,Maggie gave up the piano.,0.6268430948257446,1
9b84f608-dfbd-4e83-8f09-82371de7b597,I am glad I signed up.,0.5770089626312256,I regret signing up.,0.6466504335403442,1
549ab2c4-c609-4c30-b0b9-ce126b9cb78c,He decided to serve meatloaf instead.,0.6724697351455688,They all enjoyed the meal.,0.594488263130188,2
8752af72-d046-4b0c-b8f2-70b7830775fa,Ryan was blind.,0.5933959484100342,Ryan decided his job was rather dull.,0.6871645450592041,2
c578bb8a-96b3-4f9c-8e57-086bb7a1b4ec,Johnny told the teacher he was happy.,0.7932401895523071,Johnny told the teacher he was upset he didn't get more colors.,0.6380760669708252,2
2f54110e-3ffe-45b0-84af-58c6e04c9056,Jill hoped they would find it soon.,0.635971188545227,Jill was glad she did not bring Joe.,0.7049300670623779,1
aff182db-fdb7-40d4-b5e1-b7832062b4c8,Ella did not ever become good at piano.,0.5197502374649048,Ella then became a star piano player.,0.5113489627838135,1
b25259c8-032f-41ee-b65d-91e191d79bee,Dave was against the second amendment.,0.640945315361023,Dave bought it and enjoyed his purchase.,0.6178051233291626,2
d3b8322e-701b-4fc9-9c22-19829846be51,Rose was so warm that she took off her jacket.,0.707990288734436,Rose shielded her face from the wind.,0.7388255596160889,2
0651e816-17ac-4226-9b7f-6391936ced7d,Drew was glad his project would be free of any mistakes.,0.5581945180892944,Drew had to start typing the paper over again.,0.5573127269744873,2
8eb0f3e2-f19f-46d6-8ad5-fef5aee976bf,Sarah's father took back the telescope.,0.5668442845344543,Sarah loved her new telescope.,0.6425659656524658,2
b5225b40-7c56-4569-907e-8ac547e7ed7b,Melanie decided that the room looked perfect now.,0.5071206092834473,She decided to put a rug over the stain.,0.5258616209030151,2
3a97e4bc-6cc7-4c33-bf8f-4f31ebca4e6e,We woke up to find him sneaking in the through a window.,0.6123216152191162,"He sat down at the table with us, and we all had drinks.",0.6678271293640137,1
8078b014-a08d-4e23-8c52-bc82316d7207,My parents want to live together.,0.607168972492218,My parents was to live separate lives.,0.7085012197494507,2
92eac3bf-1e5f-428e-bad3-52b72ff12be6,The new baby was a boy.,0.7256004810333252,The new baby was a girl.,0.7340396046638489,2
90396c59-53e9-41fd-b6c2-fe87d57e0064,Monica and her friends enjoyed the doritos before the next Dare.,0.6934509873390198,Monica could not explain why her friend had stolen the doritos.,0.613673210144043,1
642a4773-0c58-41c4-85ed-c9544b642ded,"Finally, Ray  asked his friend if he had a spare toothbrush.",0.6385871171951294,Ray did a good job brushing his teeth.,0.6537102460861206,1
896f3a7a-76b3-4cf9-ac0b-286e62200f8e,Ellie was felt prepared for her schooling.,0.6598842144012451,Ellie decided to skip school the next day because she was ahead.,0.6155776977539062,1
792e9960-ab64-4b97-a921-5f2eae24af47,He named it Don's Comics.,0.4219006896018982,Don threw his comics in the trash.,0.41451752185821533,1
70a48e6f-a798-4f68-a865-4cecdac6c262,Arnold took a relaxing shower with the bat.,0.6439483165740967,The bat flew directly toward the source of the scream.,0.7161508798599243,2
3afb1043-b5e5-4935-9d2a-819270164bec,Sean decided to go to a shelter.,0.5680939555168152,Sean eventually moved to a huge house.,0.5005189180374146,1
8591a808-13de-487c-8468-0d49058b5ad3,They decided that they could not make a meal.,0.554267942905426,The two hobos ate their cheeseburgers.,0.6349442601203918,1
7a3f8018-cb36-403d-b464-14f3a6872b70,Judy and Bill were highly unprepared.,0.5131046772003174,Judy and Bill were very prepared.,0.5250635147094727,2
cca245f8-ea9f-4110-87c5-9b23b17ce789,Sal was furious with his wife.,0.7306979298591614,Sal's leg eventually healed.,0.5140608549118042,2
f5666b2f-ccbb-421c-ad5a-a0dd0e3cf52a,"After that, we got a divorce.",0.6433600187301636,Both groups had a great time seeing the movies they wanted.,0.7417998909950256,2
e46e91fe-65e7-42f0-93ed-bebd23ff903c,Amy decided to go swimming.,0.48117026686668396,Amy was surprised that she did a good job.,0.7118285894393921,2
ca41e234-633f-4b0b-8f7f-7cca85b688ea,Kay's raft floated.,0.5829437971115112,Kay used the raft for firewood.,0.6136791706085205,1
8683daa0-eb11-418c-b411-046283484c92,Max consistently failed.,0.5756539106369019,Max's teacher's praised his creativity.,0.579909086227417,1
8f7be9c8-a310-4319-9ae1-5c20b9b0f292,She knew he was someone she would always remember.,0.575818657875061,She realized how boring his life was.,0.7039309740066528,1
2c2e3bc5-3cda-4c6b-9173-41e4eeaf36c7,Ashley went surfing.,0.588790774345398,Ashley went home and went to bed to get better.,0.618215799331665,2
cca36237-4d06-4282-b20a-47006348b0a2,Her mom brought her to a sleep specialist.,0.6303218007087708,Her mom gave her an alarm clock.,0.7511618137359619,1
61d3fcb2-33e6-47c7-8ee2-80230d9a0717,Joe could not find a job.,0.5623161792755127,Joe was grateful and then went to work.,0.5407091379165649,2
3be5ad30-ff57-4914-99b8-b89ae807bf6c,Lizzy decided she did not like bananas.,0.6361131072044373,Lizzy needed help to get the bananas down.,0.5493979454040527,2
b0646c99-45f2-4db5-bc83-e60e69b37387,I am afraid of heights.,0.5977493524551392,I had a great time!,0.41228073835372925,2
a555794a-41f6-4893-9125-1a0a3a5445f1,Bryan went home in pain.,0.6326009035110474,Bryan went home relieved.,0.5402816534042358,2
418b31ba-eb1a-4986-b569-dafa82f58bc3,Tony would blowout Mark.,0.6820511817932129,The games were very close.,0.5857627391815186,2
3213262c-8178-478f-9528-61fdc6f89dee,The girls decided they never wanted to make candy bars again.,0.6553252935409546,Her friends suggested she should sell the candy at a bake sale.,0.5119150280952454,2
900e1a7a-c221-4b15-9998-750301bd6a31,She continued to work out for the rest of the year.,0.5638443231582642,She went home and ate 3 cartons of ice cream.,0.6461192965507507,1
89cbffbf-4258-47a7-944a-9241ec0c2f17,She was happy at the turn of events.,0.5708291530609131,She became depressed.,0.6220232844352722,2
9b291170-7135-4249-9411-24c27a685414,Bill thought he was the luckiest guy alive.,0.4389219582080841,Bill was sad to see the sucker covered with dirt on the ground.,0.47644099593162537,2
f5625636-c343-4673-8695-dd8f5ed5058e,Neil decided to never return to Transylvania.,0.667778491973877,Neil enjoyed visiting Transylvania.,0.5458331108093262,2
4491c70f-158c-4c4b-b5ed-87b3812711f3,The stunt man was paralyzed.,0.7100834250450134,The stunt man loved it.,0.626705527305603,1
b666186a-9b57-42d0-adb8-96ccab629c82,Ralph then asked Pamela to marry her.,0.6079328060150146,Pamela decided to break up with Ralph.,0.583988606929779,2
76e63073-9411-4974-b799-5d2d97b66955,Helen looked forward to her first mission.,0.38307061791419983,Helen dreaded seeing outerspace.,0.4528723359107971,1
9f211d53-a8ce-4dbb-9962-d0a7a431775c,Hailey was excited to see them all again tomorrow.,0.6423856019973755,Hailey cried to think that she would not see her friends.,0.6908482909202576,2
7afb9047-0f6b-42cc-9787-34aacba9d03b,He hates his grandmother.,0.6440941691398621,It is a fond memory.,0.5821726322174072,2
a7055395-54de-49ed-83dd-c185ea15d576,Valerie wanted to visit Germany.,0.584317147731781,Valerie hopes to live in Italy someday.,0.6958708167076111,1
e45e2974-a14f-4f8b-b681-ca7cb37cd2ee,Tim's phone became ruined when he spilled water on it.,0.6997977495193481,Tim didn't have to worry about dropping it in water anymore.,0.6421828269958496,2
2f5c65fb-843e-4997-8140-13f5f38c9137,Gina walked down the highway without her family.,0.5628964900970459,Gina was so hungry that the fries tasted good this time.,0.6524834632873535,2
f3c5e059-72e7-412b-9248-80396c4e240a,She said she was my long lost mother.,0.7077474594116211,I said goodbye to the man on the phone.,0.7920879125595093,1
2ad06102-faf3-4d63-8256-be03d543ce2c,Nelly hated the outdoors.,0.5367223024368286,The fresh air was exactly what Nelly needed to clear her head.,0.4905961751937866,2
2db35e99-36cf-4fbd-876d-d26fe8b649c9,Alec and his wife decided to go to the movies.,0.574067234992981,Alec was happy to see his daughter developing her verbal ability.,0.6264363527297974,2
7c8964d9-c397-485d-86dc-6b95fb3be64a,The police officer gave me a badge and made me a deputy.,0.4969102144241333,It was terrible to be sentenced to life in prison.,0.5671099424362183,2
2e2b0ba2-cc01-48ca-983d-50109116c862,He felt cool and retro when he played records at a party.,0.6798282861709595,He broke the records one by one as his parents watched.,0.6938263177871704,1
2406943f-8a63-496d-8585-8ec3abac0f49,Amy was determined to gain weight.,0.7196488976478577,Amy was determined to lose weight.,0.7024899125099182,2
0affefb8-3cfd-40fd-b5e5-cddfb5d30428,Tina held back her tears.,0.5578573942184448,Tina joined the high school dancing team.,0.5966494083404541,1
b6c98944-3cb1-4d9d-877d-bb5d463526a5,Sally was grateful for his kindness.,0.3893134295940399,Sally cried the rest of her break.,0.5208823680877686,1
80191f19-91bb-40f6-be0d-17f33e002c19,Jennifer worked hard on her lessons and got into the band.,0.6532735824584961,Jennifer had not taken any cello lessons.,0.7248716354370117,1
b088959d-79f1-44e7-9fd1-b69dd14acb87,Fred rolled over and fell off the bed.,0.7617413401603699,Fred woke up with a hangover.,0.7756166458129883,2
6d412966-5675-41f1-bd11-65f3a2fa5797,Ronnie's boss commended him on his dedication.,0.5234174728393555,Ronnie quit as soon as he got in.,0.5081885457038879,1
1a83c1eb-7041-4040-8982-7cb0b63c9c20,Burke soon reverts back to being grumpy.,0.5788905620574951,Burke loves interference from strangers.,0.6396540403366089,1
79afda6c-31b6-4201-ad86-233ab808ef8d,Matt always paid more attention to the road after that.,0.6936720609664917,"Matt fiddled with the car radio, looking for a better station.",0.6540361642837524,1
953792ed-bd0a-4c95-bc6c-7965187afd82,Brian was very creative and brave.,0.6248137354850769,Brian was not very creative.,0.5046396851539612,1
8552c047-b700-4b7b-95b9-f149cf26cffb,I loved decorating for holidays.,0.5083049535751343,I hated decorating.,0.5493189692497253,1
04a3004e-2468-463a-9481-8435917491cb,The police found the perpetrator and locked her up.,0.7447986006736755,The police put on a community event to raise money.,0.5144355297088623,1
844bc94f-b9dd-4c80-874e-b56c300fcca7,Pat is happy.,0.6465880274772644,Pat is sad.,0.6331917643547058,1
96736ca6-46ef-4ed0-8a12-3364ae3b27da,Solomon asked the interviewer for an old-fashioned.,0.6119875311851501,Solomon thought his name might not be so bad after all.,0.6784325242042542,2
fed543f8-a766-4304-a8ea-d84b18bfadb0,"Try as she might, Kelley couldn't find her dog.",0.5780661106109619,She was relieved to find it underneath her car seat.,0.6708787679672241,2
34e043b3-9511-4589-8d32-3c91f92e0365,He used the tickets to take me to see Star Wars with him.,0.555907130241394,"With a look of disgust, he threw the tickets in the trash.",0.46692466735839844,1
9e9c90c8-f951-4f4d-a4a1-9c0885008086,The customer was uplifted by the special service.,0.6820869445800781,The customer was angry.,0.6153309941291809,2
5266d0a9-9676-4b0f-9947-5f0b9d2f5227,Stacey got back in her car and drove to work.,0.752745509147644,Stacey told the police what happened.,0.7096686959266663,2
5a68e437-26e9-4c2c-8390-e09787adf317,Diane decided she hated Karen more than ever before.,0.5974573493003845,"It was hard, but they agreed to go their separate ways.",0.7041875720024109,2
7dd60447-f348-46d6-a9c8-a8c0e1929ebb,We miss her so much.,0.6414432525634766,"Later, we gave her a bowl of milk.",0.6680510640144348,1
04e5efa9-1c6c-4316-9aa3-be095b55f14d,"Eventually, the goat became angry and bit Reilly.",0.6640884876251221,Reilly fed the goat extra food.,0.5589793920516968,1
b92f303b-57b3-409d-a126-e8b2ed6dae8f,Sally ended up being my best friend.,0.629310131072998,Sally wanted to inform the family of her husband's condition.,0.5726921558380127,2
0f16f911-002b-42e5-a03b-0f0d481a7abd,Laura wore a hat all week to hide her hair.,0.46428316831588745,The compliments she got made Laura think the trip was worth it.,0.5925516486167908,2
d198e207-13f8-45bf-a627-7f3418b98968,Neil thought the country was wonderful.,0.45661652088165283,Neil hated his trip.,0.5236557722091675,1
caae8e0c-2dd1-40f5-9444-5a41c6ec5093,The man jumped over the gate.,0.6947931051254272,The man went under the gate.,0.6984536647796631,1
471915a5-c895-42c2-9541-b2aa27f5a419,I thought the movie was great!,0.4854462742805481,I left after the first forty five minutes.,0.6707291603088379,1
4e92b613-219a-4068-a04d-3789c266ab3d,He gets much less for them than they are worth.,0.7311968207359314,Grayson uses the money from selling his stamps to buy a guitar.,0.5831015110015869,1
7077f2e6-ad0a-4c7e-b21e-cd28243d886a,Adam was never able to repay Lance.,0.49236324429512024,Lance never spoke to Adam again.,0.667748212814331,1
d96069af-cdd7-42d9-a4f2-1837b3b42d88,I left the dentist's office with a signed petition.,0.6936020851135254,I was nervous but he reassured me that everything was fine.,0.585625410079956,2
39d062a5-c89c-462f-a0df-876cba16daf3,"Pretty soon, Tim's parents hated the sound of the trumpet.",0.6015429496765137,They set up a space in the garage for him to practice.,0.545645534992218,2
3541e6f4-8e10-473e-b8d0-2854f882e5e8,"So I would indulge every once in awhile, and it was delicious!",0.4593237638473511,I always ate there when I wanted to save money!,0.5173013806343079,1
cb6da984-9fc8-467a-b366-4d19e2889158,Her in-laws thought the cranberry sauce was much too sweet.,0.5543906688690186,The cranberry sauce was very sour.,0.798764705657959,2
2f0b9829-8c65-4cdc-a6c7-e4c5d31b517e,I did not have a good holiday season.,0.6093021035194397,I had a great time with my kids while home from college.,0.5976014137268066,2
f2d8aa08-96e5-4ac7-b8b6-d7198d74e738,Michael hoped the new squirrel would fare better than the first.,0.6565425395965576,Michael decided to have the dumpster company pick up his trash.,0.6232147216796875,1
a320d13e-5936-4b94-b152-81c7f2880d12,Rob was happy.,0.45956048369407654,Rob was disappointed.,0.5258433222770691,1
82491e68-a823-425d-9496-d26a1e8be976,Jennifer was proud of herself for swimming so well.,0.6875165700912476,Jennifer realized swimming was not her best hobby.,0.5865906476974487,1
1d7c1148-bf98-4578-ac1c-148f12c3595e,Ace called out his friend for cheating.,0.5230987071990967,Ace was happy for his friend.,0.2771698534488678,1
cd2c799f-ffe8-4a32-aea4-09bb5cee816e,He decided to go golfing all day.,0.6485248804092407,So he gave her cash.,0.6743832230567932,2
0b2e246e-9290-465e-ad33-77af5e681528,He tore it apart.,0.42610281705856323,He loved it.,0.47644513845443726,2
9daed93f-ad77-412a-b044-4a8dfe44043a,Tammy learned a valuable lesson.,0.6179205775260925,Tammy kept working out.,0.5150046944618225,1
54804420-28ad-4197-ba66-c1f301f8e4a5,And so Abigail was able to lose a lot of weight.,0.6606173515319824,Abigail climbed off her wheelchair and onto the bed.,0.6935971975326538,1
d06963fb-440b-4c26-9a32-2bdaf1bfe246,Eddie needed medication.,0.4065099358558655,Eddie loved his new friend.,0.503642201423645,1
36911b38-b7c2-44c1-81c9-6fd7e5baa8b0,Jay was livid.,0.6100673675537109,Jay had a good laugh.,0.6103419065475464,1
5b361aeb-8082-4fc8-94ab-aa3e4af4e83e,They then got home to their neatly cleaned home.,0.6314488649368286,"When they returned, they saw that their house was gone.",0.6221252679824829,2
88340408-893a-4b3b-8401-c4f4935d2d70,Carmen's family loved the crust.,0.6773239374160767,Carmen decided to order Domino's instead.,0.5351510047912598,1
20769e19-7dc2-4cf7-a889-f2e869400ea1,His fingernails are much shorter.,0.5983169078826904,His fingernails are way too long.,0.4861118197441101,1
f558675a-1600-4c49-b0f8-8bb238e57d17,Herman decided he wasn't hungry anymore.,0.5678313374519348,Herman managed to buy some food to make a small meal.,0.7870564460754395,2
39a60eeb-95a3-481b-9e32-a9838d212c4e,Grandma had to pick the peaches herself.,0.5794607996940613,They were excited to bring the peaches to grandma.,0.5598857998847961,2
5ccfaaba-fd87-4439-a947-a31fb8d943dd,Candice stuck to her original taco recipe.,0.6188042163848877,Candice got better at making tacos.,0.4995972216129303,2
a447849b-07ec-40fc-a2d1-90a4ea497ffc,Tony was hired immediately and succeeded.,0.5452844500541687,Tony then went back to school and found a different major.,0.5324176549911499,2
67a75c6a-e95f-4b50-879e-8fe0b3a6278f,Jenny was thrilled with her new living situation.,0.5471056699752808,Jenny was unhappy.,0.4599778950214386,2
267b00f2-70b5-47ae-9fb8-26f990752396,He finally got down to his ideal weight.,0.604863166809082,After a month he gave up.,0.6358057856559753,1
d06e3657-9028-4d55-adf2-ad63bdbcf407,The woman told me to leave her alone.,0.6787129640579224,I got her phone number.,0.6631506681442261,2
db50ca49-9ca7-4cdd-ab92-c9c627781747,Cindy asked her mother to drive her.,0.6809725761413574,Cindy was very experienced.,0.6109774112701416,1
ae34fa14-8288-44d9-a1e8-b56ce11408aa,I made a little bit of money.,0.6818363666534424,I was ashamed of what I had done.,0.4626721441745758,1
27434ef9-0520-4aa2-836b-c0c800bdc981,He quickly bought the camera.,0.6228109002113342,He quickly bought the film.,0.3920469880104065,1
78b13b6b-f8da-46f8-8eb7-a4c875bae08b,He fetched the ball and brought it back to his owner.,0.576438307762146,He then ran away with the small ball.,0.6434720754623413,1
2d4cb4d7-46f3-4cdf-989b-4f2c27f674b5,My mom jumped into the swimming pool.,0.41933321952819824,My mom slammed on the brakes just in time.,0.33411699533462524,2
fbd3cadc-ed50-4384-91f2-cd769e228235,Kelly was fired for being dishonest.,0.49461108446121216,Kelly used the money treat all her friends to ice cream.,0.4872460961341858,2
d15127c8-80be-43a4-b6ae-bbb624f26be3,It helped him get a job in an office.,0.7319393754005432,It helped him get a job in construction.,0.7481769323348999,1
35c15ec3-cf7b-4626-9c88-94ba6787eea1,She wore her gray hair with pride.,0.6822552680969238,She dyed her hair blonde instead.,0.6925434470176697,1
f0fdfa37-a5cd-4afc-b01e-59ec46e2e249,She was freaked out the whole way home.,0.7022894620895386,"She decided to give it a chance, and returned to the party.",0.7300695180892944,1
64b62db2-d6cd-4353-8834-1448d885e73b,I got my car registered and drove it around all day.,0.5234590768814087,I had to sell the car in another state.,0.547685980796814,2
886c5f73-22f4-4f15-8954-95a544c2bd04,Trent drove off road and totaled the car.,0.4970691204071045,The group got to Las Vegas with no issues.,0.3940320611000061,1
2685ba6d-8b1c-462c-af50-ae5381d64172,Randy bought the ring.,0.35191410779953003,Randy ran away screaming.,0.33584433794021606,1
79ec2783-bf9c-4c84-985e-541ad687ef30,I went to the tennis match alone and had a beer.,0.43994006514549255,The performers were really talented and the music was beautiful.,0.44564324617385864,2
90c53b34-57a6-41e1-b5a1-29d50387212b,Shay was upset that her company had mistreated her.,0.5943663120269775,Shay was happy that she went into the office.,0.617317259311676,2
f26605e6-c3c2-4ea4-9a24-5c237bd92938,The whole family mourned Cinnamon.,0.6266782283782959,The whole family was glad Cinnamon left.,0.6831248998641968,1
14126bab-64ca-4467-aa1b-0e80352cb136,I was very happy.,0.5500965118408203,I kept trying and eventually I excelled.,0.6866909861564636,2
624d9d5a-87f7-483e-8987-feca8924c212,Harry loved Mary.,0.6737504005432129,Harry disliked Mary.,0.5701285004615784,1
764c6282-20a9-4f0f-9d1e-540409d0e102,Gina felt amazing that she ran.,0.508619487285614,Gina cried at the end.,0.6018680334091187,2
29b08f00-d2bc-47b6-966e-6da1036f069a,I couldn't mow the lawn.,0.4429708421230316,The lawn mower suddenly started.,0.6534422636032104,1
3e4078a2-9651-4fbf-82eb-043136dcfadd,The fox then lept behind our dirt bike.,0.5644195675849915,We stopped in time to see the fox run across the road.,0.5317081212997437,2
ed4c0e4e-ef66-49bb-b0e8-5f38bd3ba569,John was happy about being rejected.,0.5329136848449707,"The girl found this charming, and gave him a second chance.",0.5343713760375977,2
e40b2aad-3873-4b37-9d90-a264abfc7e74,She began brainstorming a new ice cream recipe.,0.5822421312332153,She threw her ice cream in the garbage.,0.5916805863380432,1
e0a9d5b2-15cb-4f12-93b8-90953167efc0,Miriam did not enjoy arguing.,0.5321018695831299,Miriam became a very successful lawyer.,0.6820087432861328,2
a97be601-1dfc-4302-a72b-0978ffff81fd,The field trip went very well as we had hoped.,0.6347800493240356,"The bus never arrived, and we missed our field trip.",0.6662874817848206,1
d4452d09-c194-4796-aaf6-cd48d7e5120b,My family only ate vegetables.,0.6054877042770386,My family was too demanding.,0.4864999055862427,2
e0e7182d-d02d-4259-9fa5-9986f7d865ea,Alice was a mess during her presentation.,0.659238874912262,Alice helped herself to some coffee and sat down to relax.,0.6615599989891052,1
217c5791-7a72-45d0-b3e8-1b4f20734f3a,Gina's mom liked her behavior.,0.7135667204856873,Gina got in trouble.,0.6163787245750427,2
667536f9-e681-42ae-bba5-afe8b0af70fe,Amber slowly developed into a pretty good hitter.,0.4220319986343384,That extra practice improved Amber's fielding skills.,0.3984367251396179,1
bcf843de-e50c-4380-b7d9-ff504a0f1d6e,Gina missed her grandfather very much.,0.7562994956970215,Gina was had a great time at her grandmother's house.,0.6685663461685181,1
10dff8fb-1f57-4261-8f75-4abf667e5f93,I hated Christmas.,0.700295090675354,It was a great morning.,0.6500930786132812,2
c55aad1c-4eb1-4c9c-a27a-5fbba9196f47,Jim made the basketball team the next time.,0.6117522120475769,Jim quit playing basketball.,0.5016286969184875,1
287a0ff3-5017-4f34-8e69-a14053bba585,"Gradually, Mary was able to pay off her debt.",0.628877580165863,Mary saw no change in her financial situation.,0.6351693868637085,1
2cb343e8-1946-44bc-9550-17bdf23d7edc,John turned his homework in the next day.,0.6100773811340332,John didn't know what to do.,0.5719814300537109,2
7dbd977b-94b8-41da-888b-aee254d4f327,"Once there, she got her dream job.",0.4839760959148407,She decided to go back home.,0.3948043882846832,1
c5c1c868-cae5-4826-aae4-a8fb7eeca5a4,John had a nice day off of work.,0.579171359539032,John then felt sick the rest of the day.,0.7034125328063965,1
7afa9244-864b-4a02-9c71-bf1aaae50d1a,Sally decided to order her own pizza.,0.6128671169281006,Sally was very happy to see cheese pizza.,0.5644177198410034,1
5e0bf502-0e65-4d3d-bf92-ad19f8f5b5dd,I went swimming in the lake.,0.7095600962638855,I've never had a worse day.,0.6379966735839844,2
c977abad-2d05-430b-b3fd-abd29d227ced,Ed won the game.,0.6533374786376953,Ed lost the game.,0.6006268262863159,1
af7e712f-35ce-4332-a6d8-d530a254b64a,Lary ignored it and kept working.,0.5591182708740234,Lary was happy and excited.,0.5870583653450012,2
5aaea84e-dc43-4fdb-826b-2d68ad19ea15,Jim decided that he would rather buy a bike instead of a car.,0.7802594900131226,Jim saved a lot of money in gas by buying a battery run car.,0.6847643852233887,2
9b3c381e-f61d-41ad-a815-fa82966818db,Sam was very amused by his dog's behavior.,0.63703852891922,Nick decided to take his dog to a trainer.,0.5268574953079224,2
ed5d6365-1862-4e67-8118-41630999a060,He was relieved to be alive.,0.4666886329650879,Everyone else got out safely.,0.5003024339675903,1
19611623-a65a-4990-8803-559fdf276c3a,Jake satiated his hunger.,0.19919681549072266,Jake then threw the sandwich away.,0.6571342945098877,1
2f30738c-02be-4c4b-af03-6b6d6edd9a83,Matt trained hard to return to being a pianist.,0.6111078858375549,His training paid off at a marathon later that year.,0.5704872608184814,2
49063f7b-4e56-4c7e-9fcb-c21e4ad2e83d,Susie was so happy.,0.5067331790924072,Susie was upset.,0.4050133228302002,1
2e16fc90-126b-4d42-853d-adabc9329a04,Jon and Mika then gave birth to a boy.,0.730370044708252,The baby grew up to be healthy and strong.,0.6024085283279419,2
f847c329-4af7-4481-b10e-2333e55658e4,Brendon got angry because he was in serious pain.,0.49229270219802856,Brendon couldn't believe he was soaking wet.,0.6360897421836853,1
e3d73dc6-32ce-43f3-a831-0e1eb32319a8,Cara sold lots of items.,0.38927021622657776,Cara left for Vegas.,0.4823262393474579,1
9a26ef1d-19a5-4f8b-bd04-7674f598df91,Lorraine is pleased.,0.4640335440635681,Lorraine is disappointed.,0.5231354832649231,1
c8a2430c-9e6f-4ffe-a72e-553d546fc32c,The meal Joe prepared was cold.,0.4333516061306,The meal Joe prepared was piping hot.,0.4818122386932373,1
3ec93abb-d64a-45a9-bdc8-a8d366e1a999,Many people viewed Jake's skirts.,0.5503625869750977,Jake hope no one would view his skits.,0.606253981590271,1
fa228d73-45a9-4322-afb3-a94af13fb2c9,"The window was busted, but the horse survived.",0.6231376528739929,Jackie was happy her car was undamaged.,0.6469021439552307,1
8398d541-71aa-4f6b-a7d4-6a504e9d114a,They burned their candles that evening.,0.5984885692596436,He poured the majority of it down the drain of the sink.,0.6375600695610046,1
18d4dbc1-ed3c-40ca-8155-18884bb42732,I was happy with the TV.,0.5370616316795349,I returned the TV.,0.5341456532478333,2
0029bfd3-b3f3-42ec-ba8f-2ea9b26e19f8,Dennis won the competition.,0.47827625274658203,Dennis did not have fun.,0.5416233539581299,1
9f5c5186-d29d-4914-9be6-917ae7520f5e,The next year his garden was beautiful and healthy.,0.6235118508338928,In the spring he decided not to start a garden.,0.6288800835609436,1
23f75488-ac93-4c34-8914-a7727508f8ef,Joe paid for the delivery of some Chinese food.,0.736504077911377,Joe started eating the pizza before the delivery man left.,0.7204042673110962,2
c6cdbb7f-ff5f-4b0b-9c41-6818d712dbcb,It was the best New Year's Eve party ever.,0.5587509870529175,"She accepted the food, and asked them all to leave.",0.6340785026550293,1
c8a46f88-aa83-4380-b466-a83715b1924d,Jim felt pleased.,0.5114967226982117,Jim was frightened by his gunfire.,0.4861557185649872,1
26db57c4-7415-465e-b1c3-732d6dc8b8ae,She also bought plenty of blouses.,0.6000051498413086,She wore a ripped shirt the next day.,0.5852853059768677,1
b7dcb1ce-bfe5-4e67-8ab7-e5b1df3c0b2c,Juanita climbed back into the boat.,0.6204389929771423,Juanita continued to take pictures.,0.6370688676834106,1
ce62c6d1-55b5-47f2-bcbd-736598321ad5,Jody was fired on the spot.,0.3656882047653198,Jody became a manager and succeeded.,0.3457189202308655,2
fb8557d0-f43a-4910-8e9e-6a42c3c6d0ff,The two then caused more problems.,0.44214409589767456,Charlie changed his bad habits.,0.5122861862182617,2
5428c4c0-2339-4b9d-84ad-2115279a759a,She spread out a blanket and had a lovely picnic.,0.6258246898651123,She ate all her meals in the cabin while on vacation.,0.6878441572189331,1
cd779b2b-1964-44a3-a00c-f1f51633dcac,She thanked her friend for the advice.,0.5682361125946045,Marcy stopped talking to her friend.,0.6548246145248413,1
da54dc4e-8a45-4804-8446-73c5222ab7e2,Sharon knew her time with Fancy was short.,0.5700346827507019,Sharon couldn't wait for Fancy to go.,0.6016090512275696,1
5c864b3f-9700-41bf-bb22-bb0dd4a3b792,Keith's car then skidded off the road when an earthquake struck.,0.5822589993476868,Keith's yacht hit the reefs at high speed.,0.5659331679344177,1
4a7a6a06-fdf2-493b-b44c-55af33f92f74,Sean hated dining al fresco.,0.46181997656822205,Sean loved the outdoors.,0.4779428243637085,2
5e3bd2fb-97f8-4457-8ac7-37cda8af8205,Their son was difficult to take care of compared to Joy.,0.6433849930763245,The parents had another baby.,0.6501768231391907,1
125f2ec2-b9df-4014-a5ac-08fc0e30908a,Chris begged for mercy.,0.7219005227088928,Chris was excited to get caught.,0.6876735091209412,1
4ea69358-703b-4256-8d35-b0db9a455ec2,Neil stayed some extra days in Bangkok because of all the fun.,0.3858194053173065,Neil decided he never wanted to go to Bangkok again.,0.3918171525001526,1
93d64af4-f815-44d7-b4d7-2cb5aa2394b3,Amy was devastated.,0.6041939854621887,Amy was pleased.,0.5062769055366516,1
3d4e2972-d59b-4077-a16e-0d810743682a,It's so gross that I warned my friends to never eat there.,0.7779244184494019,We walk in and the food is on the table right away.,0.44727927446365356,2
221b2d03-83ca-494d-965c-e75e4d598b49,Mike laughed hysterically.,0.4020523428916931,And he decided that it was his calling to fight crime.,0.6497464179992676,2
49bdca9c-4f31-4864-98bb-6db6e6e8d9ce,Tracy was happy with Doug.,0.563591718673706,Tracy's apprehensions about marriage were confirmed.,0.48491454124450684,2
c437d896-83d7-45b0-935d-25b20ecb8a5f,He closed his eyes and picked one.,0.5273230075836182,Joseph went downstairs and got an ice cream.,0.6657589673995972,1
27675b3b-ba98-4b7e-aca9-fa73a6822c8d,He enjoyed his stay in the country.,0.5146583318710327,Neil was bored of the trip and went home.,0.5654597282409668,1
bb996fce-3cb3-4f2e-bf0e-f689ee6932f4,The friend was very grateful for the help.,0.4297926425933838,Then I took the tire off and left him stranded.,0.6085330247879028,1
2e62070e-48c9-4aef-8a4c-f304065b9ad5,Grace was very disappointed.,0.3301198482513428,Grace was happy about the ice.,0.4404827058315277,1
fa1e1318-d400-4dca-89da-cafd10680944,Harrison got angry with Emily.,0.4071653187274933,Harrison was happy and excited.,0.4527406394481659,2
41f9c7bb-c8ff-4859-bfef-3552f065baa1,She found a cool item and then happily bought it.,0.7599026560783386,Sally could not buy anything without any money.,0.5130915641784668,1
0ddb5cc9-a0a3-4d6e-8271-d6e9046164f8,Fred didn't like his diary.,0.34889620542526245,Fred enjoyed reading stories from his past.,0.3875439763069153,2
8941700e-80b8-457d-8057-5191d6e822ea,Sky wanted to leave as soon as possible.,0.6200211048126221,Sky never wanted her trip to end.,0.4112195074558258,2
41006d52-82fa-4f6f-9589-caa9f2c5f3b1,Joss told her mom that the exchange student was mean.,0.5913110375404358,Joss considered the exchange student to be like a sister.,0.6534302234649658,2
57f8da4f-6a05-4645-aa53-8adb7afb0679,The all decided to never do it again.,0.5351415872573853,They all had fun.,0.7070918083190918,2
2ef42f27-39bf-40d8-8636-108de3583103,I wish he would pass away already.,0.43817049264907837,It's nice to relax and reminisce.,0.3245445489883423,2
88d01e29-7b59-4eec-9070-0607c375b168,"Less than an hour later, they're stomping around again.",0.4889296293258667,"They were so quiet, I had to call the police.",0.5479427576065063,1
2a20ef11-6bc5-4192-b59b-d6df5a78a2ba,He wore it everyday.,0.6410592794418335,He threw it in the trash.,0.6930814981460571,1
732d31b0-0c2d-4ae0-a374-8592dc480df9,He remembered to invest in gold.,0.5885869860649109,He did not drive under the influence.,0.400820791721344,2
222074bf-dded-4566-92c0-8dddf5272e37,Francisco became a good surfer.,0.548093318939209,Francisco became a good skier.,0.5283961892127991,2
b4d4c62f-3043-4bd2-b51a-502a93477c41,Sal felt rotten.,0.44729235768318176,Sal felt great.,0.5107672214508057,2
bb17a4af-4b29-4cc9-9d3d-ffba54fbde43,The friends found Alycia's truck.,0.6645777225494385,Surprise they found it on the street she parked it.,0.5695046186447144,2
62283acf-2724-47df-a5f7-27229dc5acfc,Katie was disappointed when her mother said the back yard.,0.7254530787467957,Katie was relieved when her mother said the back yard.,0.675804853439331,2
a5dbdbe4-d1b4-4cca-abc3-437cea2b8989,Eric hit the ball with his baseball bat.,0.6970852613449097,Eric couldn't return Bill's hit and lost the match.,0.5792496204376221,2
ac3a7c0b-8ef1-4a7e-8f54-b24369873596,Gina was very happy with the outfit she picked out.,0.6156942844390869,Gina's mother took out a loan to cover the expenses.,0.6366307735443115,1
d2110ec7-67be-418b-9e71-5fa884c13740,She then scared away the squirrels.,0.6336060762405396,The squirrels began to come to her house more often.,0.621762752532959,2
656c23c4-7342-4073-a2b4-a6f5fe5e2087,Gina was natural rebel.,0.44514894485473633,Gina was worried about her parents finding out.,0.5377719402313232,2
b22e9193-17b6-4868-be18-d7736063a26f,Then they moved to their new house.,0.6557906866073608,Alicia was happy to be leaving her old house.,0.6129165887832642,1
77034191-c785-4040-8824-3c6435ef0bec,He was happy that his friends considered him trustworthy.,0.5311437845230103,He had to admit he didn't really like their cat very much.,0.5940967202186584,1
3b074fb8-11c0-4bb5-b6eb-3a1870fd0cda,I ordered pizza to eat instead.,0.665501594543457,I loved the new raincoat I bought.,0.5561003684997559,1
800c65e1-0a7d-4058-a943-a2f22efa1251,Laura felt she had wasted her time.,0.40002840757369995,Laura had a good day in class that day.,0.5655354261398315,1
e6aa4d18-ca05-41c2-a28b-067c52d59be1,They went home talking about their night.,0.7564818859100342,They got into the plane.,0.5593985319137573,1
4e219458-ab81-43ad-8c03-a5e04313bb3f,It worked and the speech was received well.,0.6270076036453247,I stopped talking and went home.,0.7559225559234619,1
39e4750c-7552-4768-8090-68e982acbae5,Alice was upset she had to settle for Chinese food.,0.6733483076095581,She invited all her friends to join her at that restaurant.,0.5147585868835449,1
5166cfca-16ab-4e30-b944-115a9819ad1c,I cooked the noodles.,0.6093018054962158,I threw the noodles in the trash.,0.6157048940658569,1
43d18abf-80a4-46c7-b81e-64389881989f,He finally found it in the garage.,0.7124754786491394,Pete decided it would be a great time to take a trip to Vegas.,0.5327362418174744,1
05f00a90-899f-4138-8452-352e2787ef9d,He decided to go home and cry.,0.5089213848114014,He was so happy that he did and loved the park even more.,0.3869616389274597,2
b760d9ca-110e-41da-bee3-7e21a59c10c3,Wendy happily bought more of the bath oil.,0.6431321501731873,The company gave Wendy a full refund and apology.,0.48935559391975403,2
84b1b98f-1e3b-460b-92a7-ef7b8f87e76a,He decided to have two.,0.6500711441040039,E spit out his beer.,0.5719764232635498,1
48d93df4-f763-4964-b61c-c8a281b27257,The frog had never had such a full stomach in his entire life.,0.559116542339325,The frog was still hungry.,0.558540403842926,2
e7f2f98f-c44e-448a-985c-cf849cc079d5,She gave him a dessert treat.,0.6676554083824158,She yelled at him.,0.8063112497329712,1
f403cad9-dd10-45b4-84c0-940adb678035,Then I ran towards the snake.,0.5679049491882324,The snake bit me.,0.6827868223190308,2
899bb94a-66ec-4a36-a26d-131571aff33a,Matthew's mother finished all of her work on the computer.,0.8965298533439636,Matthew's mother put Matthew in his time-out corner.,0.7869008183479309,2
c39a117f-2925-45d7-8bbb-41aeb4288587,I ignored it and went home.,0.5993736982345581,It was a deer that I was able to stalk and shoot successfully.,0.6209033131599426,2
43581cb2-1ab6-4999-bac4-ad9ad9afc9d4,It took 20 minutes to remove the needles and continue climbing.,0.4127497971057892,Jack was able to climb without any discomfort.,0.42197340726852417,1
ebe0057c-473b-4a3b-8361-746a9fbbf39c,Jim asked Lynn on a date.,0.6115148067474365,Lynn told Jim the he is unattractive.,0.636715292930603,1
4f062272-6c07-4f43-9e8b-ff12ba8dc264,Riley looked much better and was well received.,0.6130461096763611,Riley stopped being friends.,0.7244064807891846,1
401dd8df-ea68-43e6-b446-4320f891ee9d,Aya was very happy about the outcome of the contest.,0.6176726222038269,Aya was very upset about the outcome of the contest.,0.6193434000015259,1
6a8bdf10-7442-4f8e-8f3c-073efed3b7a0,His parents gave him three days off.,0.6091889142990112,His parents threw him out of the house.,0.7335046529769897,1
d26b71ef-6d65-4a35-a8b9-400cb8068d76,Anna sued them but got nothing because they had no insurance.,0.7429744005203247,Anna went to the club and danced all night long.,0.4234457015991211,1
13cde7cf-2c08-435e-9bcb-5ec5caa5d71d,They purchased a nice home in a new neighborhood.,0.6478437185287476,They both purchased sportscars with the money.,0.6128181219100952,1
f95c252d-06a5-4b36-9d97-fd49781cb41b,I have no computer.,0.5074458122253418,Most people liked Cover A.,0.6338404417037964,2
431d1f9b-b5af-4bc7-84bb-5ba8cc43fe93,The cat accepted the new post made of sisal.,0.6864385008811951,The cat rejected the new post made of sisal.,0.7089899182319641,1
d5f57be5-3ca5-416e-b525-8cc2193b600a,Daniel hated writing.,0.482860267162323,Daniel had to get an actual job.,0.6494942903518677,2
3eb84632-b959-4a0a-aae3-f79c4a515cdb,The guards stole the ball from Jeff.,0.4737392067909241,Gary thanked me for my thoughtfulness.,0.5938851833343506,1
dc91bd65-f0ca-4cbe-9e1f-73da6aefd7e5,We will never camp again.,0.5996905565261841,We had a wonderful time camping.,0.7353029251098633,2
9bfb6178-81b2-4ea4-8571-3fc395b35de4,I liked getting a good deal.,0.5844465494155884,I decided to throw my bowling ball on the counter.,0.7006673812866211,1
cd7faa5b-6895-4a34-a737-0b2efd11d8ae,Joey finally received a call from an employer and got the job.,0.6516664028167725,Joey spent her days playing video games.,0.6644008159637451,1
03e1ec4c-f6e5-45bf-8ced-3d335a1d01fc,"Joe ordered some new cable channels, but was still unhappy.",0.633135199546814,He was much happier now that he some companions in his life.,0.6134891510009766,2
edd7b992-5e79-4359-8f60-99051b557b38,Nya decided to eat the same thing everyday.,0.6705094575881958,Nya later regret eating unhealthy food.,0.5902955532073975,2
027408de-1e4b-43c6-805f-6e3ecce5aa65,A tornado came within 2 blocks of the house!,0.7202768325805664,So I went outside to play.,0.506401538848877,1
ce715a40-f9c1-436f-87fd-8f582337b5a3,I decided I didn't like drawing.,0.5326963663101196,I went home and practiced drawing.,0.5615776181221008,2
e173545d-f2fa-4f12-b117-58b2def77753,Lisa still felt confident that her choice would make her happy.,0.35891634225845337,Lisa got a degree in business.,0.6316736936569214,1
edd718b9-d7fd-4109-9645-501281ad3335,When her parents caught her she was grounded.,0.6915725469589233,Mary's friends were very disappointed in her.,0.6687213778495789,1
a7e0d548-30b7-4d6b-b94b-746718b06b10,Afterwards they watched the sunset from a cliff.,0.6764734387397766,"Ivy returned home, and never spoke to Peter again.",0.6098295450210571,1
9da06a52-ae28-4a98-b5c8-aa143b89dffd,The Man was not a building designer.,0.4804399609565735,The man built the tower and it was grand.,0.5127065181732178,2
ac55ff95-89fb-452d-9a58-8894d2cd4954,She gawked at how much her and her sister look alike.,0.48031696677207947,She tore the picture up and threw it away.,0.46832263469696045,1
ae6a3c38-eb49-4e7d-b185-8f9bf0618bbf,Liz got bored of the game and took a nap.,0.5700238943099976,"When she heard him giggling from a closet, Liz was relieved.",0.673599123954773,2
914f41cd-4518-492b-97c7-f13b82c29f76,Mark ended up being late for work.,0.641302227973938,Mark was early for work.,0.736153244972229,1
746bea88-d387-436e-afef-f5e92a2f8929,Amy was very committed.,0.6440339088439941,Amy showed little interest in the flute.,0.7525140047073364,1
bc18f305-4f3b-4296-a5ff-702dd706322c,Emily's child walked closer to the lions.,0.4914798140525818,Emily picked up her child to comfort him.,0.6230252981185913,2
12807d27-8002-4330-91bf-1802fd3b5eff,Kim scored a basket and got a puppy.,0.6464248895645142,Kim was upset when her family got a puppy.,0.623464822769165,1
558a065f-e37a-4e6b-8d2a-3a4d962ba1fe,Kayla thought it was the best date she'd ever had.,0.5137425065040588,Kayla told the therapist she was suicidal and asked for help.,0.5409913063049316,2
f1e433e3-6cbe-4d7d-afee-3a39dc9d28ad,He was relieved to find out he was wrong.,0.5021506547927856,Ricky was soaking wet from falling in the pond.,0.5675370097160339,1
71ddd569-e638-4f14-8bf3-60bd188f9971,My husband is so grateful!,0.43024134635925293,My husband is so disappointed!,0.4924142062664032,1
12cf3857-c4b8-4733-9d39-e0b31f75fa4b,Ralph's mom punishes him for refusing to help.,0.6827500462532043,He is surprised when his mom gives him money for helping.,0.7121405005455017,2
fc53b072-2682-446b-b2f1-b3e2bc2ee73d,Kayla was an only child.,0.5462577939033508,Her sister was mad!,0.4032120704650879,2
17ac6b6a-38c7-4d0c-92f0-cd1d0dc76827,Laura was then impeached by the country.,0.486542671918869,Laura then became elected by the country.,0.49083212018013,2
4ff0bfb1-66ea-436d-858e-856e45b3f2e6,Charlie started taking bribes.,0.573452353477478,Charlie vowed to change things if he was ever made chief.,0.6140027046203613,2
96d9d324-0868-40bc-9959-1aae94dd3b55,Sean's roommates got very angry that he wasn't listening.,0.4144023656845093,They tell him to never wait so long to do laundry again.,0.457832396030426,2
1c3e9a4a-661f-48de-8107-e12331ef4674,"She never discussed it again, and didn't become a doctor.",0.38250845670700073,We took her out to drinks to celebrate.,0.35073405504226685,2
48bc580e-3694-4441-ac99-b175ecc1aa02,Kelly went home to change into dry clothes.,0.6356014013290405,Kelly was very happy to have soaking wet clothes.,0.6744719743728638,1
7efd5758-6c1f-4c3f-a78f-474683a8a688,Ben asked his grandfather when they could go fishing next.,0.6149913668632507,Ben asked his grandfather if they could watch a movie instead.,0.6082302331924438,2
51331d6f-f1df-4163-8747-ec4c7d5b1d8a,Amelia went back home.,0.5786622762680054,Amelia was very happy.,0.6669239401817322,1
3200606c-05e1-4aca-93e9-047de5a933ec,The boy hoped to get lots of presents from Santa!,0.5308173298835754,The boy left without getting his picture taken.,0.7313430905342102,1
0ead4e95-f11f-4fed-a8ef-47d46004934d,When he woke up it was freezing.,0.6158620119094849,Stewart was glad that he remembered to keep the fire going.,0.6018190383911133,1
ea50a050-f5d7-4f1a-a12c-076e9ea82c99,Anthony became successful because of his linguistic abilities.,0.48889824748039246,Anthony could not get the language down properly.,0.603421151638031,1
cde7e7d6-2ddc-4f5a-88f1-1a9105fe3198,She bought two skirts and a blouse.,0.6167047023773193,After that she was able to go home and cook a good meal.,0.499612420797348,2
d59bdca1-4056-415b-9a7e-11d60e545af8,Joanie was pleased with her brother.,0.5201635360717773,Joanie ran outside to confront her brother.,0.5671833753585815,2
2fdb6362-2b1b-47b1-9a38-cb3ffe6e9201,Cornelia then moved her bed back to where it was.,0.6703060865402222,Soon all her friends had arranged their beds the same way.,0.6132415533065796,2
e245afa1-99b1-440c-91b6-f2e511c64380,Tim feels safe when he rides his motorcycle.,0.6869452595710754,Tim is scared to ride his motorcycle.,0.6764858961105347,2
a0c199b8-13ca-43df-86fe-caab16c2cf64,Wendy ran out of the room crying.,0.6020560264587402,Wendy enjoyed seeing the photos.,0.5883196592330933,2
bb8870d3-44c3-4223-9511-b3c0c9909353,Lester continued his life without a cell phone.,0.5873061418533325,Lester went out and got the best cell phone he could afford.,0.6496621966362,2
085eb2c2-bd13-439d-8a61-0244f1c27b25,Ben was able to get his oil changed.,0.6720447540283203,Ben sold his kidney for crack.,0.6539497375488281,1
c2906cf8-eb46-420a-9012-1cae78ab3f55,I came home and ate cereal.,0.5415940284729004,I came home and ate pizza.,0.5426058769226074,1
23a9ba39-15bf-4243-a508-2dd550756ceb,Anna soon returned the fish to the store.,0.5536039471626282,Now Anna has a diverse tank with fish and coral.,0.4222964644432068,2
20e398b2-135e-490f-bd48-df8864229f48,Lee decided to adopt a puppy.,0.6309371590614319,Lee decided to adopt the kitten.,0.650603711605072,2
0990d818-d928-4d78-a5a5-41b6b4876019,Bob really enjoyed his shopping trip.,0.7050607800483704,Bob returned everything the next day.,0.6641789674758911,1
7502cdcb-1e6f-47af-adc4-6e7c292f3e8b,Jamal Lewis gave him personal advice and wished him the best.,0.5645946264266968,Young Reggie told him to stay far away from him.,0.5592623353004456,1
fd6e207c-1c55-40c9-85fd-d6ac53ea0eb3,She liked taking care of the robin.,0.5859853029251099,But she didn't want the robin anymore.,0.5192211866378784,1
4d567833-0f68-4976-bf8c-d10ba68e0956,I'm now free to pursue a career that will make me happy.,0.41517525911331177,I go back to work at my job tomorrow.,0.6369920372962952,1
03a810c5-6385-470a-bf0f-4beae08c5284,"Honestly, I didn't really know why either.",0.5652885437011719,After a few weeks the flower died.,0.6036068797111511,1
ed8f4dfe-600e-4e68-af3d-22d2883ed575,Ben was frustrated at the extra charge.,0.7512194514274597,Ben was happy after getting the call from the bank.,0.686004638671875,1
11c2d92c-ceaf-4796-8521-435c0d0e5831,The patron helped teach Chris how to speak basic French.,0.5059427618980408,The patron didn't understand Chris because he only spoke Chinese.,0.6272331476211548,1
3bef731d-076d-4d20-a722-a2f8c2668796,I learned a lot from Google.,0.6293766498565674,I quickly become very angry at it.,0.7422599792480469,1
2fed71a3-7ba4-43b1-9ebf-b15ecbabbe62,He was pleased when he was given the promotion.,0.4161648750305176,He realized he needed to quit his job.,0.3614424169063568,1
896a1b17-2dd1-4f0e-9168-7146939f6dcd,Fred's boss gave him a large hug.,0.6432235240936279,Fred's coworker who saw him assault his boss called the police.,0.6011333465576172,2
d806a701-9310-4b74-909d-c4bc746710d5,She bought more cable boxes.,0.46796685457229614,She was glad to hear that.,0.5031274557113647,2
4fdedd14-b582-4e75-b786-f565892e9cc9,Victor decides to start buying pistachios regularly.,0.5641285181045532,Victor realizes he has left his sweatshirt at the gym.,0.5998591780662537,1
24487427-d54e-4cf4-a7fd-acdcdafa87ba,She asked her neighbor for a jump-start.,0.7340357303619385,She drove her car to the mechanic to get it looked at.,0.6489552855491638,1
d1817a6c-58d1-498b-aba9-34af04659142,Eventually Tom went back on the grid.,0.48411381244659424,Tom loved the idea of a fast.,0.46014314889907837,1
07e6627f-e1c5-4cee-9b4e-0b951d508d42,Tim worked hard in school to become one.,0.6115447878837585,Tim hated mars.,0.5588548183441162,1
65b3382b-23e1-41d4-b2cf-169da4f7d578,Fred regretted his stock purchase.,0.5887473225593567,Fred was very happy.,0.5420162677764893,2
bf02c548-9458-4b48-a482-5cfb4031d7a7,Jen won the spelling bee!,0.4766870439052582,Jen lost the spelling bee.,0.4845282733440399,1
281c3608-602c-401f-861e-5288408315c7,Kelly loves to have visitors.,0.5591888427734375,Kelly is agoraphobic.,0.5859218835830688,2
2a25942d-3b24-4a82-917c-f8b1c278ad45,She had a wonderful time on the beach.,0.6193561553955078,She was fortunately able to get back to the beach house safely.,0.5675818920135498,2
e378ee18-a45c-4ce9-9506-e852566a8b33,Andrew wished his parents had alcohol.,0.5705041885375977,They drank the alcohol and got drunk.,0.6985766887664795,2
112151f0-6986-4251-aed3-2c454670a09f,She was happy when the power came back on.,0.6965805888175964,Ellen was perfectly comfortable.,0.5506658554077148,1
aa86fc61-5be9-4ef6-9c9b-24003fdaaa33,Mike had a stroke.,0.46873289346694946,Mike started laughing hysterically.,0.3976840376853943,1
be1e8b99-b087-4e4f-b054-55ccfb85e480,He blamed her for stealing his bike.,0.6043506264686584,She was happy he asked her to the dance.,0.6161603927612305,2
81150546-2bec-413f-a2f1-df4b40f4bb0e,I decided never to go back to that restaurant.,0.6044634580612183,This was my new favorite restaurant.,0.711498498916626,2
d313ed5f-56c3-40ee-918a-efeef6818d88,I was very excited.,0.5468169450759888,I was very disappointed.,0.45135974884033203,1
5af45d17-34dc-4059-89bf-6ac89e4b44b5,She had left the shower running.,0.4279688000679016,Helen went down to the lake to rent a jet-ski.,0.5356989502906799,1
63467525-31e2-4563-88ec-be61c5ba9d7f,Dan admired his father.,0.5772160887718201,Dan was ashamed of this father.,0.7398313879966736,1
c0b47103-e22e-4a61-bff1-031c33410523,Jeremy has a difficult manner for the workplace.,0.47572600841522217,Jeremy's demeanor is perfect for the workplace.,0.5470744371414185,1
e098b268-e0bc-4caa-a96d-2dd57183be2c,Fran's yard is now overrun with bugs.,0.39231616258621216,Fran suffered a fatal heart attack as she arranged flowers.,0.39508819580078125,1
dfd56967-1d66-472d-92ed-a59cea6c7f69,Our team was ashamed of their performance.,0.6886014342308044,Our team felt gratified.,0.5912450551986694,2
c467150a-5c67-4125-957f-557d05d3b953,She dropped out of college.,0.53265780210495,Kelly graduated with good grades.,0.602170467376709,2
1cf5a954-d883-4c42-b116-40635b3a53a4,Sophie cried.,0.47097474336624146,Sophie laughed in her face.,0.5863045454025269,1
05a2aa5d-1e5b-4741-a053-87b342b04578,Kelly hoped that she would get a call soon.,0.4766159653663635,Kelly hoped that she wouldn't get a phone call.,0.5084552764892578,1
c080b61b-7467-4eb8-8c36-096451d16182,They decided to play baseball there.,0.48033419251441956,They left and went to school.,0.7528597116470337,2
e3ac8542-f974-4a3f-b198-e7b999397e7f,Mia won a jackpot!,0.44253093004226685,Mia lost even more money.,0.6610382199287415,1
f72182d5-f378-4377-a1fa-560607b43c52,She is happy with her selection.,0.7348589301109314,She donates the boots to the thrift store.,0.7386119365692139,1
62925eb3-37ff-4f69-aa07-14ac0142ffcf,Andrew was disappointed he found the ring.,0.5835375785827637,Andrew was so relieved.,0.4499221742153168,2
6e9efc4e-6b0a-412f-95af-8ace0483644d,He hated his decision and himself.,0.43517908453941345,He learned that honesty pays.,0.4135909080505371,2
eb3c880b-ca0e-41a4-aa8c-3e602ed593c0,That's why I take two of them every day.,0.7026501893997192,I decided to only take one long warm shower per week.,0.6709915399551392,2
5a70a9e6-2934-4fbc-8573-98d5e355cc66,Barry also bought a hot dog.,0.44278475642204285,Barry decided to leave the game.,0.558635950088501,1
40861849-64ad-48ef-be5e-7502a10cd665,We put out more red wine bowls after the results we saw.,0.4986240565776825,We could even see the trap working.,0.533896803855896,2
8cd5c023-1bd7-4821-bd29-26bb06a35ddf,They adopted the cat.,0.5793675780296326,They left the shelter without an animal.,0.6433088183403015,1
5af670c5-f7db-4f79-9407-054bb817fe93,They all went back home.,0.6017063856124878,The crowd made many people late to class.,0.40406548976898193,2
1ee70e30-2b21-45be-be71-379c84f910ea,Azalea was very cool.,0.5086273550987244,I won't be going back to another concert.,0.558663010597229,1
9242cf97-46fc-4972-962e-cd11166ce518,Eric then gave up working out.,0.4255295991897583,Eric stopped being anorexic.,0.5035855770111084,1
d9785ee8-3367-42de-b7c6-5ce1704028c5,"After she finished studying, Sally collected firewood.",0.7219518423080444,"Sally did well, and her parents agreed to take her to Hawaii.",0.5805635452270508,2
4edea61b-cb7e-4650-a6ff-08b12a283e1f,We did not make any money.,0.6211562752723694,We made a lot of money for our needs.,0.7650129795074463,2
6acf52a2-ef62-4d9c-b1ee-4b0973e98f26,My house is now full of flashlights I don't know what to do with.,0.6134176254272461,I hate my smartphone.,0.5427126884460449,1
f8dd27d5-40e9-437e-8b2b-6d975a46c3eb,Terry was forty five years old.,0.3901568651199341,Terry was still disappointed.,0.4584122896194458,2
1eb35b08-ec06-4ccd-9cbb-8ccf97624907,The Parker family was frustrated.,0.5779533386230469,The Parker family soon moved into their new home.,0.5441132187843323,2
5080c261-9751-47c0-9cb9-7a9a326fb62f,Tom began to laugh.,0.4562559723854065,Tom began to worry.,0.5057275295257568,2
45afcd92-2b65-44a8-9c9f-3f732e157167,Kelly was relieved that the battery was still good.,0.5644534826278687,Kelly reluctantly paid for a new battery.,0.5608146786689758,2
72e5dcdb-ae9f-4b0d-9734-059ad36c33b2,"After he left the hospital, Joe went surfing.",0.7496541738510132,Joe was in terrible pain.,0.613844096660614,2
674a896b-c852-4475-92cd-0ec302276b80,He felt like his mouth was on fire.,0.6777427792549133,Neil loved eating bread.,0.5619170665740967,1
7be7b198-e925-4349-8f62-68e6fd50994a,When I got home I went right to bed.,0.6804543733596802,The teacher was happy I slept in detention.,0.823278546333313,1
c8830537-e768-43a8-b250-81bcf74a7976,Amanda enjoys learning about nature.,0.47575443983078003,Amanda finds nature boring.,0.582990288734436,1
49ed13f1-0fd9-4cd8-b810-0c1971af59a5,Terry hope to improve.,0.5651432871818542,Terry has given up swimming.,0.5053412914276123,1
127d62ef-d930-4258-8011-42f38662b067,Kaylee and James were married in the fall.,0.6526195406913757,James was sad about the proposal.,0.5258229374885559,1
93e752a9-e351-4148-98f2-3a6f1b89b3c6,She turned down the job when the manager offered it to her.,0.6049587726593018,The next day she got a call and was offered the job.,0.6080002784729004,2
7e38da11-bd11-4368-b640-bcda32262763,"Someday, she told herself, she would get a full-body massage.",0.4761379659175873,She felt magnificently relaxed and contented afterwards.,0.6605831980705261,2
2490798c-c929-4518-be1b-60a7bf447f02,Bob was even more happy than before.,0.6148774027824402,"Bob was still happy, but less excited.",0.6345100402832031,2
98e50567-1b6d-4763-ab4e-e9b8cb0de91d,We were all very upset.,0.5754536986351013,It was the best meal we ever had.,0.5803272724151611,1
0391b604-7929-45bf-bb70-3fc5cb9fab70,The children threw the money in the street.,0.6157548427581787,The children excitedly bought ice cream cones.,0.5045596361160278,2
eaf2de23-127a-4772-977e-a30f147d38dc,We boarded a flight to the beach.,0.676837682723999,We decided to keep driving past the airport to the beach.,0.5853604674339294,1
581bd269-50db-4eef-8f73-ff34ac30f3ff,Susan left feeling very angry.,0.6708681583404541,Susan took good care of them.,0.7952699661254883,2
d9c4c9b2-9412-4a85-91eb-28fed5792764,The television show had hooked me in.,0.5168918967247009,I hated the television show.,0.4117092490196228,1
9e84d7be-cf37-48c7-88a4-0b8fa8d60f5c,Howard was happy to have had such a good day.,0.46761634945869446,Howard sat and cried the whole time.,0.5902022123336792,1
2e52f1ec-fada-4834-b9ec-49d24504e07d,Trent charged two pitchers of sangria to his parent's room.,0.5396220684051514,Trent was careless and caused a huge fire.,0.5365142822265625,2
cd681552-f7d4-4df2-b6eb-19f116383b4a,"He told the police, who said they weren't likely to find it.",0.6159804463386536,Things had turned out just as he'd hoped.,0.6983324885368347,1
8b3e5896-e1be-4ada-8e49-616acf0ec9b7,They loved the new look that Tommy chose.,0.24704304337501526,They made Tommy shave his head.,0.5765606760978699,2
6de23ad3-39be-46ae-bc2f-eefa0a636059,Cameron came by and helped Robbie shovel.,0.34604284167289734,Cameron went to the movies and watched Ghostbusters.,0.36604493856430054,1
1ab065d1-8ce6-419e-aed7-0937443df462,Ronald put on his shoes and laced them up.,0.5269174575805664,Ronald went to look for more laces.,0.6126035451889038,2
acf1cc07-ead5-4a22-af08-36aef9bc1242,Sara had a baby boy.,0.5896445512771606,Sara took a nap.,0.42062079906463623,1
9eaf8117-275d-421c-a7b1-031caf44006f,My uncle hates the beach.,0.562892735004425,My uncle enjoys his hobby.,0.5152380466461182,2
75ce5041-1988-4e25-8c53-32f7a0a7a435,I do not have a sister.,0.44537878036499023,We had a great time!,0.39733684062957764,2
38b21dc3-18c1-4203-a8e5-2c1d9fa8a9f8,Alice felt her friends were slightly thoughtless.,0.5360567569732666,Alice felt her friends were very thoughtful.,0.56548672914505,1
83c5b5ed-ca29-4c90-abea-9df9d8d43cdb,I adopted the puppy for my daughter.,0.5331692099571228,I decided to buy her a candy bar instead.,0.4577203691005707,1
2dc6ed26-4720-42e9-a27c-dc71dd1af6f9,Zeke then happily moved to America.,0.6337217092514038,Zeke lived out his life very happy.,0.6883987188339233,2
0318f3a8-92aa-4fa9-8d6e-01b4d87f17ec,The navy got back to her promptly.,0.6954110264778137,And the US army got back to her.,0.5440726280212402,1
6e39e409-bb18-482b-a8f2-54cec56943b4,Gina had a great day.,0.6009267568588257,Gina felt very lonely.,0.5259252786636353,2
00ad2c65-acc5-41da-9661-5a63eca26dd6,I vowed to never get on a plane again.,0.3962259888648987,I am no longer afraid of planes.,0.5614009499549866,2
9c5a0b3e-2f04-4d67-80b1-93e290e9c475,He threw the box in the closet.,0.5934728384017944,And he opened it as soon as it got there.,0.5629844665527344,2
eeba73c7-ebe6-46d0-9dfe-939e794a90b7,Neil felt very happy and satisfied that he'd been able to visit.,0.4037446975708008,"Neil spent all his money too quickly, and never saw art again.",0.5074759721755981,1
d7a88126-58e6-4b96-93a1-6ad17df59064,Jessica was very happy.,0.4487570822238922,Jessica was very angry with her dad.,0.5541205406188965,1
3e6e375f-2f96-4bd0-81b5-b7584e4734f7,Sandy threw her bed away.,0.6270604133605957,Sandy sold Jim her old bed.,0.7117606401443481,2
79a52a70-4a06-4cda-9caa-77b3d819e610,I loved all of my professors.,0.6719363331794739,Teaching myself helped me get ahead of other students.,0.46256476640701294,2
54c85959-aa11-443a-a1d9-0d54c02b2a18,He said hello and they began talking.,0.5717459917068481,He dived into the cool water.,0.5541986227035522,1
98254f4a-f06f-4f8e-9602-c92cb9298f33,Neil was fascinated by the scale and beauty of the pyramids.,0.3989240527153015,Neil couldn't wait to get back to the hotel so he could watch TV.,0.43931904435157776,1
720c5b5e-1190-4d53-88dd-b4b6a41c06e6,Jen put more bleach in her hair.,0.5052424669265747,Jen's mother fixed Jen's discolored hair.,0.527823805809021,2
4bf5f0f2-24e3-4244-a80b-624024007a43,Doug looked out the window and saw a blanket of white snow.,0.6949185132980347,Doug found no snow and was instantly thrilled.,0.523533821105957,1
6015f416-2703-4d14-937f-5612841d0445,Joe was late for work.,0.5831162333488464,Joe went back to sleep.,0.49111881852149963,1
89eb34ec-56c2-4bf3-9e03-69b0c90a03d3,The police didn't question her.,0.7764104604721069,She hired a defense attorney.,0.6618093848228455,2
55baff05-b025-458b-9cfb-9e9c7baa891f,We bought a chihuahua.,0.6382313966751099,We bought the kitten.,0.7409870624542236,2
c176e98c-4d7f-4f96-b838-a43acb72865c,His sister congratulated him.,0.6316943168640137,He was sad for the rest of the day.,0.6680741906166077,1
f0829acc-86fe-44f9-ac9f-4ca6ac2a7718,Finally they decided on an apartment.,0.7205848693847656,They broke up after.,0.5986945629119873,1
1c422263-4631-4d89-8e9f-34963938d3c9,Greta was happy that nobody showed up.,0.6361454129219055,"Greta was very sad, but her parents cheered her up.",0.6177415251731873,2
2a001e11-a576-4043-a060-7b2e28658be7,The festivities went on without a hitch.,0.615791380405426,All the guests were covered in snow.,0.7088761925697327,1
16a1ac09-7e39-401b-8a36-94fddf339b62,Amy did not like Christmas at all.,0.5445703268051147,"On Christmas, Amy got exactly what she hoped to get.",0.4629237651824951,2
6516aa86-f856-4411-a128-2dbeba8102bd,Anna doesn't like vegetables.,0.44358229637145996,She had a bountiful harvest.,0.5434110164642334,2
19f0abfb-d2b3-444a-a099-60b022deb653,Hannah loved her fingers.,0.7004592418670654,Hannah gave up the piano.,0.6533491611480713,2
ad0ce734-b1cb-4dfb-aa2b-bd97c58da4c2,Keira was so proud of her new boyfriend.,0.6109974384307861,Keira cannot stay with this abusive man.,0.579805850982666,2
9ddff691-93e2-4af9-a29a-e391be79cef7,The shepherd then went back to his house.,0.6424791812896729,The shepherd then released the sheep.,0.624215841293335,1
d3c29310-4502-47e9-9a6e-8b1178a0952f,He asked the lady from bingo to go to dinner with him.,0.6273854970932007,He decided to never date again.,0.6010144948959351,1
d582d1e8-c11a-4658-ab45-0755c17dd83d,She loved playing golf.,0.30055710673332214,She couldn't believe how windy it was.,0.6305626034736633,2
419d6f93-426a-458b-8e69-0a67e2e06ced,I didn't win.,0.4603978097438812,I was disappointed when I won.,0.5938330888748169,1
ae050b5c-4abe-4cdc-a1e5-401c0146d220,Amy then failed the test because she did not prepare.,0.6153833866119385,Her song helped her and she then did well.,0.7391228675842285,2
143e9c51-729b-4891-888d-72b2a9e76438,I ended up leaving early because I was sick.,0.5429875254631042,I had a great first day of work.,0.5900847911834717,2
52556e86-50fe-4617-9edc-91841103805a,They had a good time together.,0.5825266242027283,But they didn't have any fun.,0.612404465675354,1
19852081-0594-415f-924f-19b2e606a26e,Kay had to put some of her things in storage.,0.6385161876678467,Kay had to go buy more things.,0.5422865152359009,1
58429e2f-3bc1-497a-ab9b-13f0b840d7ea,The girls were thoroughly embarrassed.,0.6355488896369934,The girls had a great time.,0.6412647366523743,1
91a8783a-1db2-4047-afd5-0171b05c0ed6,Vinny kept walking.,0.48973560333251953,Vinny got his picture taken with him.,0.5847472548484802,2
d12c4ece-930d-40d6-85ea-9112993f3e33,My birthday was the best day ever.,0.5674057602882385,A lifeguard jumped in and pulled me out of the deep end.,0.40666472911834717,2
56d8378d-0d44-4cb1-a0cd-26b793c4663b,The Smith's cat meowed at the front door.,0.5948882699012756,"The Smiths all cheered, and rushed to hug their cat.",0.5696055889129639,2
8ff209b5-fb11-4a1c-9862-fec64612d00e,Flora felt forlorn because she never got to see Europe.,0.6327888369560242,Flora visited her parents every Summer to tell them her stories.,0.6651638746261597,2
aa19d4d6-195a-41aa-a23c-ecef6cf5b783,Joyce threw the fruit away.,0.6525232791900635,Joyce was happy with the new fragrance.,0.6684972047805786,1
fbd2679e-59e5-4f63-9d3b-a1b270f2adf2,Ted felt very dry.,0.5211706757545471,Ted almost drowned but was saved by his friends.,0.6112637519836426,2
6feb1097-ec20-4267-8428-5db886f7cdc4,We decided to leave without visiting the exhibit.,0.7192818522453308,We were gratified.,0.5259559154510498,2
b121d09f-138e-4729-b40c-4f2929f3537c,They feel foolish for having done so.,0.5096455216407776,They save the world.,0.6221314668655396,2
60e60562-8f20-4218-b4fd-087e577c97ca,Yvonne was proud of herself.,0.35636311769485474,Yvonne felt defeated.,0.36140134930610657,1
70a92fb5-86ef-40d1-8516-715428957cd6,She then drank her hot chocolate.,0.8028843402862549,"When she finished the preparation, she consumed the yummy drink.",0.769572913646698,2
bbb86163-0aa5-467a-bcfb-a37138d2e5ee,Maureen said girls didn't belong in science professions.,0.4381890892982483,Now Maureen shares her passion for Biology with students.,0.5206171274185181,2
e18c3d41-93e3-46b5-9e8e-3d9900f6b492,Cornelia chopped the  table  up  for  firewood.,0.796207070350647,Cornelia  uses it as a nightstand in her room.,0.7009142637252808,2
e5699d71-5494-4769-9e41-35e726fb5f53,Jim gave Bo a massage.,0.6764429807662964,Jim won the race in his Corvette.,0.6475903987884521,2
2d3473c4-76a8-48da-9c18-7ed1edae395a,He laughed and asked for a re-match.,0.4830504059791565,He was so angry he never spoke to her again.,0.5468983054161072,1
29c6de25-7425-467d-92b8-39bdd5cc51b8,He is an awful chef.,0.5269474983215332,He is a fantastic chef.,0.5303339958190918,2
015ffed1-7ff9-49bc-88c6-30b758dc6edf,The little sister was given a cookie for her behavior.,0.5892341136932373,The little sister got punished with a timeout.,0.5658631324768066,2
8c48b6e4-f783-404b-9e69-e2f590f20172,Eventually I found some trail markers.,0.7678983211517334,I decided to stay lost.,0.6505484580993652,1
c6c6c783-9dd4-4506-a064-9997bc933cd2,Jim sold the ring for 1000 dollars.,0.5492470264434814,Jim threw the ring away.,0.3921497166156769,1
f63fc817-d664-4b0c-8445-8089477c0624,They both felt great after eating the pies.,0.6329817771911621,Kyle and Ted got so sick that they both lost.,0.40063008666038513,2
40677245-6688-4b07-b0d3-7df878ae7514,Bob said he felt bloated from drinking too much water.,0.5296189188957214,Bob's friends quickly brought him some water to hydrate him.,0.5172353982925415,2
c284673c-f3fd-418d-8466-cdbef246fd3b,The children all went to bed without any dinner.,0.5765557885169983,Kathy took them to the store again right away.,0.616602897644043,1
9e448d89-e86b-457f-90b2-9180181e0575,Luckily my friends found me.,0.6781426668167114,I nearly died of frostbite.,0.3906947374343872,1
945706a8-1e91-4b26-ac22-e8e2af0dd0ca,Laura was pleased to show people her art.,0.583594799041748,Laura never painted again.,0.515133261680603,1
82f0d2f5-90e9-4c93-a97e-d57022758f18,He won his first fight by knockout.,0.6754459738731384,His wrestling matches were very exciting.,0.7826218605041504,1
2b64dde2-62d0-47f4-9475-768f27b922fd,We vowed never to return to the Great Wolf Lodge.,0.6246911287307739,We all had a good time.,0.7278210520744324,2
65081d5a-7192-4c94-b007-23bdb97b4f91,The tall gentleman asked Tom for a glass of water.,0.6191674470901489,Tom asked him what the problem was.,0.6235297918319702,2
873653f4-f427-4d41-86cf-758c51dc4693,Allie was able to lose the 10 pounds and have the skin removal.,0.6563355922698975,Allie gained all the weight back she had lost.,0.6818302273750305,1
6ec320dd-f58c-464b-a5cc-9027513354ea,Jenny continued to drive straight.,0.618191123008728,Jenny narrowly avoided a car accident.,0.6471560597419739,2
613220fc-79cb-4bf0-8050-a36532ab284d,Elle hated driving.,0.45096641778945923,Elle was very responsible.,0.48301395773887634,2
5ff19283-3ccf-4ec5-a47c-552b3af9d275,He told Jay the repair would cost nine thousand dollars.,0.6428772211074829,The mechanic told Jay that was only a minor repair.,0.7139760255813599,2
4bcf69b5-f500-4f3d-b633-ec780499a567,Don laughs at the experience.,0.6770064830780029,Don never forgave his friend.,0.6504857540130615,2
649f0213-7242-4d19-b8c7-7cb0bb128e73,The neighbor had my dog.,0.7023237943649292,I gave my dog to the neighbor.,0.7276076078414917,1
7ddedcff-cdf4-49b1-9fda-8e0cb6f9fd45,I don't love him.,0.38964176177978516,Eventually we had children.,0.6041055917739868,2
002af9dc-dadd-496e-8b5f-c89bebc1fdb1,Cindy went and ran cold water over her hands.,0.5966166853904724,Cindy continued holding the soup.,0.5627726912498474,1
1ee745bb-03f5-4db0-afc8-a3903e8bdab5,She works hard on perfecting her routine on the parallel bars.,0.6519337296485901,"From then on, she swims the backstroke constantly.",0.6615875363349915,2
e9f3c27a-6810-4d42-b3e3-e0efe499c33a,I hate bistro style dining.,0.4472319781780243,I had a wonderful time!,0.3934595286846161,2
20eba2e4-0a0a-4595-8e17-5d1c9adb3a40,The dog happily ate the salad.,0.5913974046707153,Jess decided to make egg salad.,0.4104312062263489,1
df1cff6a-d4c8-4ba4-869c-6539e1684b9d,Robbie and I dressed up for the occasion.,0.4221019744873047,Robbie and I wore shorts to the restaurant.,0.511704683303833,1
47a3d628-c1a2-445a-84ef-ee38cf7f00ad,Lonnie did not to camp out.,0.5564790964126587,After the initial noises Lonnie settled in for the night.,0.582046627998352,2
b1efeb4c-1626-4ec9-ad7c-b605ece908ff,Bob made it to work on time.,0.49612104892730713,Bob decided to go to the beach.,0.6162180304527283,1
f543cf14-e286-4854-b57b-f7c9cbb5d495,Ava was able to fly without spending any money on her ticket.,0.4244272708892822,Ava took the bus across the country for her trip.,0.44014692306518555,1
bbb59089-f474-44a8-858b-570d494606c8,Sharon went out and gambled all her pension money.,0.6929090023040771,Sharon is now looking forward to a new chapter in her life.,0.6922286748886108,2
c8875704-74c7-48af-b6d9-2b9cb6b1ea8b,Nita was so happy she finally beat her dad at rummy.,0.5087409019470215,Nita hated playing rummy.,0.6513746976852417,1
94904ce6-27b8-4c88-bb6b-bb1cee23f3f9,Tina has a baby blanket.,0.5168335437774658,Tina took second place in the competition.,0.6727318167686462,2
9eb4b140-2c8d-4f71-a01c-61081f97ac49,Neil thought the builder hadn't put in much effort.,0.5557347536087036,Neil was glad he had seen the taj Mahal.,0.6748384833335876,2
21b12d7c-ba68-4e72-8165-5f1792ac9b1a,Mark and Frank apologized profusely.,0.3618158996105194,Mark and Frank hit her again.,0.3606829047203064,1
df30abcd-2e74-4880-b166-29f84b2e6b2b,They all hung out at the lake that afternoon.,0.6853259801864624,They all hung out without him and he felt excluded.,0.6926887631416321,1
4b4eaf85-7b39-489e-a83e-9da41dd23f22,He shared it with a cute girl he met.,0.5474638938903809,Vince threw the yogurt away.,0.7069300413131714,1
d5fd7433-7ba3-499c-b52a-3b9d1f2d8cef,Buck was angry that the woman would say something like that.,0.6854713559150696,Buck was glad that the woman helped him.,0.5993871688842773,2
59bd5248-518a-4322-b6d8-eb8b09f2eb5b,Josh poured the rest of the syrup over his pancakes.,0.43783295154571533,Josh doesn't like bees so much any more.,0.41523149609565735,2
3e5bcf32-ac88-425d-9d33-f9dea0a8a62a,We decided to go to the zoo.,0.5223643779754639,We were happy to win a small amount of money from the tickets.,0.5868723392486572,2
b920e267-da57-4130-983c-9030b2159fad,She said yes.,0.5785900354385376,Fred told the barista to leave him alone.,0.6787437796592712,1
f55571bc-4948-4e3a-9a30-1ed39c863c28,Jenny bought the cookies.,0.6008847951889038,Jenny found the gum she wanted at the front of the store.,0.4946064352989197,1
8f3b0562-7f4c-4121-ab79-34d8f8fe4fd4,Bob never talked to Jenny again.,0.6038458347320557,Bob kissed Jenny good night.,0.6635472774505615,2
37e0e343-dc66-4f6a-a5e9-9f01fad3d6e8,"Afterwards, I washed my truck in the driveway.",0.5126422047615051,My truck looked so shiny afterwards.,0.8011406660079956,1
11871d4b-6b94-4184-b36d-c4e76d311f3d,He couldn't wait to vote for him.,0.7473129034042358,He was a staunch republican.,0.6083006858825684,1
5a56884f-0cdf-4600-834e-66e4c70a687f,Josh refused to take the money and quit the job.,0.6422794461250305,Josh used the bonus to repair his broken car.,0.5958303213119507,2
34a62099-27a3-4dec-b2f7-342e55426fca,"Now, Ethan wanted to make and upload even more Youtube videos.",0.3466726541519165,Ethan decided to never make Youtube videos again.,0.325445294380188,1
b128ff7a-7a0e-4f2a-900a-e76e08313ca2,They decided to wait for her.,0.5427618026733398,Gina hated the library.,0.42395198345184326,1
a5d1a221-307a-4f9a-8ee1-dc235aad4b7d,The man marveled at the bike's new engineering.,0.5602719783782959,The man was very annoyed.,0.43171924352645874,2
ed54f6ad-4172-4435-91bd-861e6b9a19ab,Jaime then told him that they were through.,0.6352258920669556,Jaime then walked up to him and gave him a hug.,0.5887705087661743,1
a29e4877-6e82-47c6-af69-511fc6add0f2,Billy felt brave.,0.617235541343689,Billy demonstrated cowardice.,0.6410113573074341,1
08694720-a137-4605-a125-211dce1bb369,Ana loved the earrings.,0.6412102580070496,Ana had no children.,0.5048127174377441,1
de8e5184-38f7-4fc3-a913-fc1f1501cf09,Sally's mom threw the roses away after dinner.,0.6856043338775635,Sally's mom appreciated the effort.,0.7063645124435425,2
dea87ee2-8a99-4ced-be0b-f900776a44f6,They pinned a medal on my chest.,0.518062949180603,I was so ashamed I never stole again.,0.386772096157074,2
23513f02-46b4-492b-8062-3b2003e1ab83,Matt scored a touchdown at the last minute.,0.5614086985588074,The next pitch he hit a homerun.,0.6096699237823486,2
fd232283-b8b2-4199-bb37-5ab1d4b9c18d,She took the car for a drive and thanked her parents.,0.654241681098938,She got angry with her parents and ran away from home.,0.7407841086387634,1
7bed01f9-5e3a-4dd2-b96a-cf6682849fd9,Toby told me that he doesn't like my cat.,0.47065266966819763,My family all loved Toby.,0.5937899351119995,2
dd098674-ee50-4033-a8b9-8637b80b34b6,It was some of the best bread he has had.,0.6152212619781494,Tony loved the pizza.,0.531836748123169,1
6243f443-719a-4425-a14f-c2e8cd65be1d,Selena made sure the person was arrested.,0.7108327150344849,Selena went out shopping.,0.6312603950500488,1
20b0814c-52f9-4a1b-825b-2d5b4e9e71d6,The mother ignored the child.,0.6938095688819885,The mother comforted the child.,0.6019141674041748,2
c5fb0b60-c8e5-482a-8995-dbda4c2f58ec,He turned on the radio to try and drown out the noise.,0.7888094186782837,"While he was sleeping, the bee stung him.",0.7565025091171265,1
70c330f0-3eab-4a4a-98b8-6ff53b17a8f9,We had a good time.,0.5677351951599121,We all decided to go to Vegas.,0.6698675155639648,1
97e4abb2-565d-4064-81a3-4bc93dadeddd,Jen loved her neighbors.,0.5888215899467468,Jen had the cops show up at her front door.,0.6041890382766724,2
cc8c4dca-3361-49af-808b-8568619de386,Logan and Maria were proud of the film.,0.6700834631919861,Logan and Maria were ashamed of the film.,0.6309605836868286,1
39cb365e-9e03-4e48-94a8-22535c9c2cbf,The old man told Sam to go home.,0.7689601182937622,"Sam learned from the old man's advice, and got the job.",0.5486391186714172,2
a9edad89-7ad4-4655-9aae-e1aec3a4a7df,They went to the animal shelter and picked out a cute puppy.,0.7021210193634033,They went to the pet store and bought a bird.,0.6761652231216431,1
2e1750fa-d0a0-4d1e-830b-2d4a7fc08780,She loved the lights.,0.580191433429718,Sara loved the Fourth of July.,0.6018555164337158,1
cd3a45c7-446c-460a-aa06-e31e674ca219,Robert studied hard and came in first place at the contest.,0.6252145767211914,Robert stopped trying and lost the contest on purpose.,0.6367154121398926,1
158d808d-bc93-4cef-b3aa-fe212b256934,He called road assistance promptly.,0.32570964097976685,He told his friends he was going to be on time.,0.4633753001689911,1
5399a7fc-1d66-429b-bb1f-a7d2fbfdde6b,Samantha loves the apple cider she gets at the orchard.,0.7062665820121765,Samantha hates autumn.,0.5235146880149841,1
11d6d183-74b0-41cf-bfce-04c05a940b38,John was relieved to have an extra day to study.,0.6910265684127808,John was angry because it was snowing.,0.5638875961303711,1
45ebac70-b33e-4aa6-940b-18134d372501,He arrested them.,0.7119896411895752,He let them go free.,0.6442967057228088,1
c1460cce-a43c-4402-9e00-60fcd40d19c2,Josie loved spiders.,0.5999943017959595,Josie hated spiders.,0.5649613738059998,2
80e87538-52cb-49b0-b0b6-b1caba694be4,The police never found the owner so they gave it to Nick.,0.557489812374115,Nick then kept the wallet.,0.8052268028259277,1
138bde62-3359-487e-b6f5-59c848cd6835,It was the best vacation Ken had ever taken.,0.6789605617523193,He was scared of the water.,0.5816761255264282,1
72610204-f986-4e0a-ace9-3aff6625dd45,Anne decided she hated flowers.,0.5901387929916382,Anne was very sad.,0.5277522802352905,2
442e3665-c620-415d-9896-e5437de30bbc,Brain enjoyed eating the vegetable.,0.5557847023010254,Brain was happy that they tasted so good.,0.4896529018878937,2
b06feba7-f225-41a3-a744-e732218a1d0a,James drove home with the car window open.,0.5293669700622559,James drove home to get change into dry clothes.,0.4902465343475342,2
87a375ac-fc48-4061-8eff-cacf8ad173e4,Gina's smile broke into a laugh but the principal didn't notice.,0.4871853291988373,Gina always chose bananas over oatmeal.,0.49475595355033875,1
834b3646-3628-4476-8817-e2bd8f0229ce,"Cole thought about the incident every day afterwards,",0.5419270992279053,Cole never got coal again.,0.6070393323898315,2
a3fce6d6-6ec6-406b-bd9e-72657f83d9c0,Mike went to France.,0.5558717250823975,Mike took a trip to Hawaii.,0.611060619354248,2
788b96a8-5edb-40db-924d-c4edc701d439,The popcorn had burned because she left it in too long.,0.5988529920578003,The popcorn was prepared to perfection.,0.7176336050033569,1
3a0baaf6-da36-44f0-b08f-1c48637d80b9,She had a horrible birthday.,0.5251006484031677,We had our first swingers experience that night.,0.6060556173324585,2
f0c94702-34a3-4fdd-834a-1cf1ede9891e,The boy punched her in the face.,0.5559935569763184,The boy watched her cats for her.,0.6309713125228882,2
5c227db5-f5db-47b6-a45c-d851bd811da1,They apologized and gave us another pizza.,0.6307252645492554,We ordered from another store.,0.5731697678565979,2
8a3d4657-67c5-4a8e-91cb-0990a231959c,Bob wished the car was the original color.,0.6742475628852844,Bob loved the new color he chose.,0.6369842290878296,2
58d60722-7371-439b-9803-b761a7d12017,It was easy work.,0.4878205955028534,It was hard work.,0.4289194345474243,2
cdd11ea6-27c8-4940-b657-76e14c756606,He was disappointed.,0.46675050258636475,He was pleased.,0.43221229314804077,1
9c07127e-872a-4a81-9815-177f4d562cfd,He was proud of himself.,0.5875043869018555,He was ashamed of himself.,0.5980079174041748,1
2f3d8c05-6cab-48cd-93bd-58606d259a5a,"Pretty soon, he was up to speed and feeling much more confident.",0.6844621896743774,His professors reassured him that medical school was no picnic.,0.6493097543716431,1
67e74211-eb19-4b3f-8c02-a71922d2f96a,Harold decided to throw the package away.,0.5894975662231445,Harold found the address was correct but the city was not.,0.5547932386398315,2
5b74d31b-f8f9-481c-8357-975bb275a584,Amy loved bright colors.,0.7020058631896973,Amy hated bright colors.,0.7637256383895874,1
b0d3a9eb-5b87-45ca-a12e-cac355c30cbc,David didn't have that much fun and became more nervous.,0.5550552010536194,David decided that he enjoys boats afterall.,0.6104167699813843,2
f231d08c-e6b7-4513-afea-6f5ea21c5ea9,I didn't get any homework done.,0.4846126139163971,I got up and ran a marathon.,0.7010071873664856,1
c181efbd-c6f3-4159-b969-73970763705c,She stayed outside until the sun went down.,0.6075195670127869,She couldn't wait to be back in the house.,0.4701330363750458,1
e66d5835-6a7d-48f0-aa59-9c3bf336454c,I got a sunburn.,0.5929633378982544,I was very pale when I got home.,0.5752493143081665,1
4fd8c43e-97a7-44fd-a33b-14059a5b2980,Jane was untalented.,0.5304163694381714,Jane had a natural talent.,0.5945522785186768,2
8a28a1c6-07c0-48f1-b8ef-7c5f48496bb7,Tim decided to order out.,0.555633544921875,Tim decided to never eat noodles again.,0.4955783486366272,1
b5db02e8-2275-4bf2-a8dc-a71a3667ea12,Betty was shy.,0.5295140147209167,Betty loved to share her opinions.,0.6051934957504272,1
740606e4-91dc-461d-ac86-58c4922b34db,Bella's friends were very frightened by her story.,0.6016528010368347,Bella remained silent and skipped her turn.,0.542769730091095,1
5f4e3494-27ed-4f2e-95ca-765494b32fb5,Jasper is happy.,0.5638302564620972,Jasper is disappointed.,0.549373984336853,1
84249fb9-80ac-477e-9016-89ce6cd7b14a,Jane was very bad at Bob.,0.502045214176178,Jane was very thankful of Bob's generosity.,0.5927208662033081,2
571ee98d-9c86-45b2-a9ca-0745f7080699,Amy thought the airline had a great sense of humor.,0.4729591906070709,Amy was distraught.,0.37167829275131226,2
63ccab33-02f5-49f3-94b5-c8b1bc5ed3bf,Now Paige smokes every day.,0.6737779378890991,Now Paige is smoke-free and happy.,0.6883424520492554,2
63c73231-89b3-43ca-abf7-27bd229a92a2,So Gina suffered from stomachaches.,0.6400288343429565,Gina got dehydrated.,0.7442963123321533,1
f0660bda-8871-4efe-a7c1-f589a48f5def,Ray ran crying as everyone laughed and pointed.,0.7193437814712524,All his friends were jealous of his new physique.,0.6211880445480347,2
4d87b489-5309-46bd-a431-49b799b5b896,Cristin enjoyed seeing her favorite band that night.,0.7271105051040649,Cristin decided not to go to the festival next year.,0.6847604513168335,2
f93b7a73-ffb7-4e8b-8e30-0687592c5767,Larry wasn't happy to see his Aunt.,0.5908327102661133,Larry started making regular trips to see his Aunt.,0.4801381528377533,2
c988874a-203b-4619-86de-e55d548a15d4,Amy picked a Pepsi to drink.,0.5339568853378296,Amy decided to buy water.,0.5422345995903015,1
a31fb268-dabd-46d9-b469-bab87b68e691,Reba thought she was doing the right thing.,0.5825047492980957,Reba was just like her dad.,0.5817461013793945,1
9c8aee80-5ae1-4ecc-9aea-1ba7e2db7959,The family started to help.,0.5529780387878418,The family agreed to sell their house.,0.629343569278717,1
6010b3d4-577e-411c-908f-4e2fce71717b,Jeb finally got a date after months of looking.,0.7017725110054016,Jeb got the date but never ate peppermints again.,0.7710103988647461,1
8d09a063-8599-4173-989b-af2313b1e6bb,Billy wasn't thinking about frogs.,0.6683143377304077,Billy started reading his book out loud to the frog.,0.5527068376541138,2
bd1f8248-6f2b-4d10-9fd7-db078ba12313,I bought the pen.,0.5903269648551941,I didn't buy the pen.,0.641944944858551,1
e2a4744e-ed5a-4506-84dc-a2a4ad9912e9,She then went swimming at the beach.,0.6461242437362671,She felt it was meant to be.,0.5510187149047852,2
345f9565-a35f-4d3e-828d-72ea9b0cc6ba,Jay went home happy that he decided to go to the festival.,0.46326586604118347,Jay wished he had ate more buffalo wings.,0.30318915843963623,1
7fd17ffb-154e-47b5-9a12-04b6722ade48,They agreed to lower the volume.,0.6376137137413025,They told me that they hadn't seen my cat.,0.5423610806465149,1
4863886b-ffb4-4e81-bdc8-d558165cd443,Robert starts to feel better after playing with puppies.,0.5772098898887634,Robert decided he wanted a pet cat.,0.5514954328536987,1
ce6f8088-50ca-4758-b820-ec35933b41e4,Lulu planted fruit and vegetable trees on her property.,0.5709174871444702,Lulu paid twenty five cents for a full bucket of candy.,0.4911709427833557,2
21c8bd50-e35d-4002-b487-fba08cfeb70b,Teresa was sad and begged for attention.,0.5761386156082153,Teresa was so happy.,0.5460467338562012,1
d1218989-f5b7-49bd-9783-a650d73c5aed,I yelled at my roommate for being disgusting.,0.4910707473754883,My roommate was very pleasant to live with.,0.6128969788551331,1
53f5a527-04f1-472c-b8f0-45a92d85dbfc,Then we had a relaxing evening covering on the couch.,0.5578474402427673,The day was very stressful.,0.5588830709457397,1
e832c317-227a-426c-8243-6e8ecc233b21,Then Keri took the child for  a  walk  to tire her out.,0.6812564134597778,Keri convinced the waiter that he had overcharged  her.,0.8537982702255249,1
f9498236-c0d7-443e-85ea-3ded1a7c270e,Kim loved everything she bought.,0.49306541681289673,Kim put her things down and decided to go to a movie instead.,0.7209731936454773,1
6c3e9a76-0976-4597-b600-dcf6766d16fa,The next year he didn't dress up at all.,0.5093474984169006,He was the most loved man in the neighborhood.,0.6087706089019775,1
55b7f15b-6703-4384-a575-2d364bf85030,Ben was annoyed that Tom had tricked him.,0.6817301511764526,Ben saw Tom and ran for his life.,0.5852956771850586,1
565504d1-6088-4f15-a592-d7dded841257,Barry was delighted with the new alley.,0.6766782999038696,Barry threw his bowling ball into the pool.,0.5997378826141357,1
a506d2c9-1ff5-4094-bfbe-e4e80bc6215a,The family had a good day.,0.6096392869949341,The family had a horrible day.,0.6387801766395569,1
0bce7a95-175d-41d0-bb5d-21e759baf220,They both had a good time at the concert.,0.6265406608581543,Brad decided to go to a rock concert instead.,0.5132516026496887,1
8e39f61f-2d96-460d-b99e-daf36af614f0,"After graduation, she was offered a job at NBC News.",0.6961223483085632,"After graduation, she realized she hated the News.",0.47208601236343384,1
2eddce77-d52b-4352-914d-ef4a7b787e56,They took their clothes off to sunbathe.,0.6879509687423706,They went inside to roast marshmallows.,0.7183489203453064,2
7f0ff4e8-3c77-41a5-8107-916dd66cb22d,I decided tight jeans were a good idea always.,0.6772484183311462,I almost cracked my phone.,0.5305213928222656,2
30714d1c-ab3d-4084-9084-5a44f39e0df4,"If Garry doesn't improve his grades, he will be off the team.",0.6593784093856812,Garry and his coach agreed that Nike makes good sneakers.,0.48747938871383667,1
6b0839e1-5e9f-4c62-919c-5c8f73e016aa,She broke up with Evan.,0.5597363114356995,Evan was pleased.,0.4191431403160095,1
d1857e28-aa9a-4afe-9132-ab27a8477924,John felt humbled.,0.19874262809753418,John felt proud.,0.1816164255142212,1
0d5e139a-4fe1-4652-85b5-7979d430391d,Ava was a neglectful mother.,0.585734486579895,Ava took good care of her son.,0.674235463142395,2
58735e26-2846-48fd-becf-e5f204ab1a95,Harry and his friends had a great time at the lake.,0.6936848163604736,Harry had always hated the water.,0.540438175201416,1
40a7c1fb-7e4d-4c4a-9e70-aaddb1697b13,Danny hated girls.,0.40372467041015625,Danny did a great job.,0.5746561884880066,2
4149fd90-e58e-415d-ad22-f41dd5ae98a8,Meghan hoped she would be promoted.,0.5342394113540649,Meghan decided to quit her job.,0.6333482265472412,1
56122b9c-8efb-40de-a343-88f7533689e1,Core's parents hurt their feet on the glass.,0.6995694637298584,They decided to congratulate Core.,0.5994994640350342,1
7af07696-728f-4f63-b975-69c0a251d8f9,Bob worked hard and then finally solved the puzzle.,0.6217123866081238,Bob then gave up on the video game.,0.537594199180603,1
3b172e2b-ab39-4278-8ca5-ad5f5d906743,Suzie's relationship with her grandmother remained complicated.,0.5143633484840393,"Suzie tasted the sauce, and it was just right.",0.41768184304237366,2
2b6218cf-27eb-4dc3-addb-84cee6617e80,I found a perfect pair of shoes and bought them.,0.7081133127212524,I purchased a taco at the food court.,0.5663236379623413,1
95ca9c40-0826-4efd-9f2f-0bc3828e1dff,She hoped the ticket was a winner.,0.5485108494758606,Before she finished she decided it was a waste of time.,0.6309003233909607,1
238532df-07c1-4db7-9ac8-1b5aa86a92d5,Annie's family was glad about the outcome.,0.5760781764984131,Annie's family was sad.,0.4867965877056122,1
a99209f1-2b57-4b5e-9216-0606cc005e90,I felt less lonely.,0.45890453457832336,I felt more lonely.,0.46439775824546814,1
131cc240-f6e0-4a76-81b8-aa6daf09e8f4,He turned around to choose another route.,0.6703447103500366,Larry laughed with joy as he drove over the bridge.,0.7230169773101807,1
c19bebdd-ac5b-413e-9052-1a5e15e5b31c,Jeff loves visiting with the in-laws.,0.45176824927330017,Jeff hates spending time with his in-laws.,0.3447190225124359,2
d1eef4fb-c303-4226-9519-54211561b425,The cat ended up a filthy mess.,0.5860694646835327,The cat ended up squeaky clean.,0.5618408918380737,2
006aa20e-51a7-48ea-8e1d-572f24cf1551,I was happy we found a new favorite restaurant.,0.8285307884216309,I told the manager I wanted to file a complaint.,0.6137136220932007,1
afd57a88-0c82-4116-a43f-6fcb8fdc9c09,Ben's hand felt great.,0.7015158534049988,Ben's hand was sore and he had to pull out all of the needles.,0.6418817043304443,2
ecd647bb-a30b-405d-913e-3a19011b092d,Nate had a hard time working up the energy to confront him.,0.532741367816925,Nate laughed with his friends about his dog's behavior.,0.5885051488876343,1
d0bd7fc2-5e86-4ffa-9f98-a0a166ce3d47,He proposed to Elena after six months.,0.6716135740280151,He brought a full-sized woman to his company's holiday party.,0.5886073112487793,1
a08e92e0-8aab-4f08-8bad-799b20d8b750,Jay thought her nephew was ugly.,0.5771374702453613,Jay immediately knew her fears were unfounded.,0.4638526737689972,2
17277360-5208-4dc2-b98f-da9dea534211,Darla turned on her television and began to watch a movie.,0.5803041458129883,Darla smashed her television with a rake.,0.4494784474372864,1
cbdf5369-ed2d-4534-9e68-7e1641969043,Lilly's finger had to be amputated.,0.5425893664360046,The prick got infected and she had to take antibiotics.,0.48490726947784424,2
816af3a0-0d30-4901-bb69-dc905f107636,Jimmy's mother started to get better.,0.5810707807540894,Jimmy hated his mother.,0.7280961275100708,1
df8c7222-a0e5-4723-ae50-e2e77e5d2410,She sat on the curb and watched the bus drive past her.,0.6299582719802856,She went to school and suffered through the pain.,0.5996843576431274,2
690bf721-0de0-440e-a9ed-69b056fc63b4,The plane took off and Karmen relaxed.,0.6234004497528076,Karmen immediately exited the plane.,0.6656838655471802,1
91f9d1d9-934c-44f9-9677-3614def2874b,Sandy decided to go outside and make a snowman.,0.6774663925170898,Sandy was prepared.,0.4150978624820709,2
322bbb17-93b9-4a7d-9533-4b1689d2c8ac,Quentin ended up enjoying the party.,0.7086697220802307,Quentin loved all being their with all the people.,0.5586371421813965,1
d5ddd22e-a842-43f0-ac12-1968e25a6692,I was happy about how easy it was to place the order.,0.5247344970703125,Finally the sale went through.,0.38708266615867615,2
be1b3d0d-1d1c-431d-8d08-a0585bd1b57a,Dan's grandmother was already dressed as the Devil.,0.5776431560516357,Dan made his own Devil costume.,0.6563800573348999,2
7aec4c2f-addd-433b-bf51-3fccc53b35bb,Eventually the horned toad died from starvation.,0.45490336418151855,"After several weeks, the horned toad was very fat.",0.5548772215843201,1
ac3d0720-2b2c-4700-be89-c59ede839c4c,She loved eating bananas.,0.3763524293899536,I never heard from her again.,0.826465368270874,2
a51306ff-2184-4744-88ca-83145944ed38,Both were arrested.,0.5158754587173462,Her friend ended up buying the candy for her.,0.5650911927223206,2
6fba848e-7b8c-4d7b-9eab-40f8d2add906,Don was glad he wasn't nervous at work.,0.5128236413002014,Don knew he would have to improve.,0.6110382676124573,2
247bcc69-4e51-4a1b-ae20-839ab1df13c9,Dal made a bad decision.,0.47004762291908264,Dal made a smart decision.,0.4481560289859772,1
c428bf27-8192-4ad2-9b66-dd07314804bd,Alice felt good after the photographer complemented her.,0.502454400062561,Alice frowned during her picture.,0.5875147581100464,1
37d942c0-21f8-4cde-be56-abb85318a379,Nila did not care for her mother.,0.7140854597091675,Nila loved her mom.,0.7312957048416138,2
3cf436ec-b46d-47ff-823a-f67efee8a4cb,The boy suffered through his childhood.,0.6052690744400024,The boy had a very happy childhood.,0.5430589318275452,2
41585929-5484-4dd6-8e41-88f4ef6801aa,Jessica wondered if that they had gotten up too early.,0.6888716816902161,Each of her brothers opened their Christmas presents.,0.6644705533981323,1
2dc626a9-20b0-4485-9a8d-cc8c320c5d55,Jan threw away the books.,0.6290720105171204,Jan brought the books back.,0.5352548360824585,2
cc855cce-17ad-4ae7-84df-ba2888b56fa1,We couldn't believe our luck.,0.5432560443878174,All three of us were very disappointed.,0.45877471566200256,1
e1e9d4c3-0dcb-4ef0-b558-2563e36088ff,Jeff would finally get peace and quiet.,0.547936201095581,Jeff was going to miss that dog.,0.5862336158752441,1
ce4b43b2-79e1-4874-9f39-0b9540ec71ad,Holly yelled at her brother to get back at him.,0.5627045631408691,Holly gave her brother money as compensation.,0.6597132086753845,1
459330e7-0e14-46e7-a482-b9df82b6622d,I decided to permanently get rid of the nightlight.,0.5834640860557556,I never made fun of my wife and her nightlight again.,0.6135576367378235,2
128450e2-4f28-4a20-a5b5-91805a6eef05,"However, she discovered Alaska was a lot of fun.",0.591244101524353,However the experience was no fun without her friends.,0.7061522006988525,2
91afa299-8aac-4ee9-8013-276d15a7769c,I really enjoyed meeting some new boys.,0.54485023021698,"All in all, it was a great day hiking.",0.5463759899139404,1
668e7d13-1250-4c4c-b3a9-f3965644e4f9,It was the best movie I had seen in a long time.,0.599733829498291,I took a shower and went to work.,0.623302161693573,1
7e5ecab4-a9c4-40e7-a61f-69d59c15b87b,Her friends applauded her poem.,0.5175520181655884,Paula tore up her poem.,0.3837375044822693,1
edb9e202-4c9e-4bb7-a18c-daa472a22092,I knew someone had stolen it.,0.3189482092857361,I knew someone would soon return the phone.,0.4685731828212738,1
ea22e460-6e1d-4271-8153-78da7900c0a1,Iris had a lot of fun at her party.,0.6626878976821899,Iris decided never to have cake again.,0.7348180413246155,1
f7efb395-97a8-424e-b2c0-b400eaa5831e,They liked the new bikini though.,0.5721638202667236,Tina's friends knew how unpredictable she was.,0.6724182963371277,1
51498810-6e27-42c5-ad73-04e2466792b0,Ted said he didn't want to be a homeowner anymore.,0.4315234422683716,Ted was grateful to his father for the help.,0.3628308176994324,2
14d386a1-4753-4bd0-a752-bbb21e13d8dc,She was proud of herself.,0.6404772996902466,She fled in terror.,0.6808702945709229,1
cb0c7433-daed-487a-ab74-36d05f277fa9,Years later both couples got married.,0.5835062861442566,They decided not to see each other any more.,0.6213962435722351,1
d0e044bd-b49a-4078-8519-a04a9997b195,Marco is glad that he made a good impression.,0.7217437028884888,Marco is horrified by the reaction of his boss.,0.5960032939910889,1
4865f73d-e8f6-4063-8edb-fe3a8088dffa,Tim vowed never to get on another plane again.,0.44914236664772034,Tim started traveling a lot of places by airplane.,0.47887465357780457,2
c248eb07-6e5e-4c33-a08e-9cded809d238,Lucy aced the test.,0.6666642427444458,Lucy failed the test because she had not studied.,0.6505976915359497,1
1a9a1b68-b971-4eec-9706-4d109934e8be,Fred told his friends he was taking a break from mystery novels.,0.36193472146987915,Fred started a mystery novel book club for his friends.,0.341042697429657,1
c3ff170b-8e5d-45db-be5b-e3d53e1f5104,Tia was disappointed.,0.3295285105705261,Tia was relieved.,0.29236549139022827,2
81f93432-7994-426d-a6ce-02685ef26b48,They vowed never to return.,0.5109771490097046,They went back the next day.,0.6450579166412354,2
4945b9f6-77ec-4bd0-b7c1-bbc093d07302,Sam laughed and ran away.,0.6737154722213745,Jeb was excited to build a new one.,0.7201338410377502,1
dd38b8f9-8005-4bbd-8274-031b6cb67861,Jeff had a fun time.,0.5706243515014648,Jeff was bored and upset.,0.5752593874931335,2
19242426-8575-4299-9ab5-ea59e7b28062,Dani was not surprised by the events that day.,0.5788850784301758,Dani got to know her father much better.,0.6720106601715088,2
21a8fb15-2612-4fd0-9b10-675eb9473360,Ella looked great and got a lot of compliments.,0.6871688961982727,Ella spent the next day in the rain.,0.7007161378860474,1
e6738c40-9d0c-4fea-a1be-44e90ce630c1,He was mauled by a lion.,0.5208536386489868,Neil composed a photo album when he got home.,0.5675249099731445,2
ee914e56-5e79-4560-a712-12b961e9baff,So she decided to throw it in the garbage.,0.49876928329467773,She shared the recipe and the pie with all her friends.,0.5673350691795349,2
06eef9c5-1b05-4d08-961c-fdefdb74d6ea,Then he bought his candy.,0.5444165468215942,He bought some soda with it.,0.6627606153488159,1
d6e10b5b-63bc-4c96-81c9-28f82a80c11f,Anna was disappointed.,0.564832329750061,The party went great.,0.613020122051239,2
b701052f-4728-4ea5-b215-f8c566d33d7c,I shot the winning basket that won the game for our team.,0.7589572072029114,I walked off the court and never looked back.,0.6379526853561401,1
4239c107-0a2c-4ab7-8763-c521cd06b180,Dirk was embarrassed.,0.2887512743473053,Dirk liked how it sounded.,0.2496626377105713,1
7fb56f8e-afb9-4510-9abf-4be01e8a66f5,I returned my phone.,0.46200722455978394,I felt foolish.,0.3008217513561249,2
0fadf7fd-62f1-4d61-901d-cda9174b2f7a,I am happy they weren't too expensive.,0.6936805248260498,I plan to cut them into strips.,0.7471189498901367,1
648cf01c-fcf2-4ce1-8f9d-235cf788ba25,Chase bought himself a new toy.,0.5476418137550354,Chase ran away from home.,0.648138701915741,1
1bed450a-2a30-4431-84d3-1361cd1423da,Renee decided she would have to get used to it.,0.3834978938102722,Renee was glad she decided to learn to play drums.,0.41246384382247925,1
a31f32a1-af69-4a84-b713-f8917cc1565a,Bill's neighbors sued him for making them poor.,0.3945710361003876,They baked Bill some bread in appreciation for all the fish.,0.5900406241416931,2
355efc45-5233-40b3-ab77-d6281fb11710,We ended up having a fun time after all.,0.6201903820037842,We were happy to not have Internet and to drink.,0.5512518882751465,1
67f56ec7-d96c-4f97-a837-0532ce002125,Tim decided he didn't like music.,0.5632914304733276,Tim became a professional musician.,0.5444604754447937,2
c816e74e-8cc8-4f01-960c-78724f118a87,They gave him a flea medication and it cleared up.,0.5533950328826904,Alex decided not to give the cat the medication prescribed.,0.5646690726280212,1
180c876f-d5d2-4397-a9bc-bdae30d5954c,Haley felt like she had been betrayed.,0.5452558994293213,Haley felt she had been supported admirably.,0.6015089154243469,1
db608f6f-3c58-4aba-bd8e-c5ceb0aaf835,Sam became a party planner.,0.7299550175666809,Sam had a terrible hangover the next day.,0.5332760810852051,2
dcca12a5-2470-4041-a22a-032ccc5ac018,But everything was okay as soon as they hugged and ate dinner.,0.6968717575073242,"Tom decided to take a trip to the casino, he ignored his family.",0.6450513005256653,1
2e6e714e-8b83-4eae-9370-d1d4afbc4e5a,They didn't need a stove anymore.,0.48200371861457825,They decided to buy the Viking stove.,0.6310391426086426,2
9e54392e-74ed-404e-8fb3-f11fc885762d,The teacher caught her and gave her detention.,0.6192895770072937,The teacher caught her and praised her ingenuity.,0.6610772013664246,1
702267f4-b51a-4366-bbe4-fe3d5f94077d,Sam felt quite hopeful.,0.567857027053833,Sam felt very depressed.,0.5378537178039551,2
9af012e3-d6c8-4a60-9f51-6379ba446742,Darren turned off the computer.,0.6374897956848145,There were no keys in his pockets.,0.6069279909133911,2
5dc94086-80d4-4196-9914-7b4d3f487c3e,I bought a bow tie instead.,0.6389250755310059,I bought all of them.,0.7583791017532349,2
f389d1ce-da4e-4843-94a7-62656df6fb10,Harry then quit his hockey team.,0.7014247179031372,"A few days later, Harry heard that he made the team.",0.6215176582336426,2
ac39ee93-4288-4302-aa7b-757fca64f2fb,Sue's mom took her to pet the goat instead.,0.6479040384292603,Sue continued to ride the elephant.,0.4221249222755432,1
7b95d4d5-1ee9-4f1f-9d7e-2c6ff459054b,Her parents insisted that her grandmother did most of the sewing.,0.6492918133735657,Her parents were very proud.,0.6146013140678406,2
e2d48e18-276a-4de1-81af-594cf54c2a90,Jim decided to do a handstand.,0.6582573652267456,Jim was hurt and had to call 911.,0.624845027923584,2
186cfc69-54cf-46d5-8033-8bf2493e9b23,I find doing laundry relaxing.,0.5978333353996277,I threw out all my old socks and bought all plain white socks.,0.7483983039855957,2
a0ecc896-63d6-4f4f-8960-24c4fb3db4fe,James decided to become a chef when he grows up.,0.5848565101623535,James never cooked again.,0.4982287287712097,1
d485e612-1b3c-4b67-a9f0-ef432ff4fcee,Lee's mom was proud of her daughter for being so thoughtful.,0.6836538314819336,Lee's mom threw the gloves at Lee and left the room.,0.7287449836730957,1
c08b9f9a-5d56-4701-92d4-3edef2ccec62,Jennifer thanked her boss for his fairness.,0.6519727110862732,Jennifer stormed into his office and straightened her boss out.,0.6037170886993408,2
86ab603e-0455-4347-a1ce-4a375f4495a8,Lorraine was thrilled!,0.32429373264312744,Lorraine was really sad.,0.5694586038589478,2
2290ba2a-137b-4047-aeec-cb133268a238,Tammy never spoke to Abby again.,0.7449333667755127,They decided to keep the bracelets for themselves.,0.624864935874939,2
2b635efb-e1b0-44de-beb8-4f9b9ef62876,Sal tossed his pillow out the window.,0.4876006841659546,The beautiful view made him change his mind.,0.5981844663619995,2
22f5e67b-4e12-4ba3-8649-a8b322e36811,Lydia wished the dream were real.,0.5732645392417908,Lydia felt relieved when she realized it was just a dream.,0.6746094226837158,2
73cf4b3f-604a-431d-8b5d-8e03b0cfb67a,Alex bought a yacht.,0.7075835466384888,She bought the groceries.,0.7524844408035278,2
967f6a24-cefa-4641-a9d6-e9a71b62e0c1,Katie was the happiest she had ever been.,0.4131239056587219,Katie regretted forcing Yolanda to go on the ride.,0.5763429403305054,2
10462d65-75a6-4430-974a-e8af56526fce,Tammy was sad that she didn't have a present to give.,0.5701488852500916,Lorelei treasured that blanket for years.,0.6561504006385803,2
5f02992e-3fc2-4e05-bb1f-a8e81400ff4d,Melinda thought the movie was hilarious.,0.795586347579956,Melinda wished that she had brought someone.,0.7094621658325195,2
d5f61641-8062-410d-9590-699f11ccd85a,They decided it was ok to let her work as a secretary.,0.6516002416610718,She had a perfect driving record.,0.6736520528793335,1
c94847d6-71da-43c6-981b-5442f6c1efff,Lela then finished treatment and felt better.,0.7187392115592957,Lela then got over her flu.,0.6406189203262329,1
30e8e610-0fbb-4c86-b190-f4934736ab7d,Joyce abandoned her kids shortly after.,0.5720518827438354,Joyce loved her children just as much.,0.3873922526836395,2
ede8db0c-1396-4503-b378-55edc720915a,"He noticed the cow in a neighbor's field, ignored it, and left.",0.5910978317260742,He found the cow and brought it back.,0.7191208600997925,2
eb6bdd24-5e10-445d-92ce-4744959c1d91,John won the race.,0.7183821201324463,John pulled over to buy a Mustang.,0.6838334798812866,1
779fbdd3-3e20-43d0-a214-1eea7ad0e3d3,Ben was pleased.,0.5178347826004028,Ben backed out of the costume contest.,0.5952415466308594,1
f9e6bf5f-ba88-4108-994e-529750445ff1,I told my mom to keep using my credit card.,0.6196576356887817,I was angry at my mom for running up my credit card.,0.6196927428245544,2
3ad5e2e4-fb20-459c-98b3-b9711e753f16,The therapist taught her ways to cope with her problem.,0.44914406538009644,The therapist told her she was strange.,0.572328507900238,1
a46cdbbd-6cd3-4da5-bc7b-ab131c1bdeae,Ellen was disappointed to find out she was having a boy.,0.5910109877586365,Her doctor confirmed it was a boy!,0.4480251669883728,2
16d64b08-061c-4449-8320-d0a763aa63a4,Zoey was happy that everyone liked her name now.,0.7874658703804016,Zoey had her name changed when she turned 18.,0.7173756957054138,1
a61e75c6-7885-434b-bbac-4787ece30449,Miranda went back the way she came to retrace her steps.,0.5116356015205383,Miranda was happy about her proud moment.,0.6550569534301758,1
a13f5ef2-8f1d-4be0-a037-ed2c30656414,Bob gained 50 pounds.,0.5613312721252441,Bob got in shape.,0.639387845993042,2
06ccc957-8b69-4d71-8f6f-4fb686041e5a,Lonnie finally decided to go into education.,0.4983314275741577,Lonnie threw the list away.,0.6367995738983154,1
d25df4e7-c94b-4a2d-a2d4-25e34655d0c9,Phil was thirsty and accepted the drink.,0.6261339783668518,Phil was angry at his friends.,0.5933429002761841,1
09e93773-cb09-4bdb-b1ee-bcf339416c53,Dorothy made sure to buy lots of cat food.,0.5510590076446533,Dorothy went to the pet store and bought a new hamster.,0.5437860488891602,1
57d1f6e1-cdbc-4df6-9841-5dba89d3e63e,Jeremy had to move back in with his mother.,0.43107426166534424,Jeremy enjoyed being more responsible.,0.5928609371185303,2
9c0cccf4-7008-4997-b0a6-2fadfee4fb55,Terry hated cleaning up.,0.5206791162490845,Everyone felt better that it was cleaner.,0.6015918254852295,2
462de42f-37e4-4ad3-9830-ea44e8ff72d5,Then I walked over to my neighbor's house to borrow some soap.,0.41308844089508057,Then I stepped into the hot shower.,0.4457263648509979,2
7956447f-c376-4355-9297-a9c8399f1aa5,He always enjoyed a nice nap in his hammock.,0.4811384081840515,He still ended up having a great workout.,0.502869725227356,2
51de9244-e843-4b94-9722-e43dee4a76ea,Amber could not find anytime to relax.,0.2802969813346863,They relaxed all day and Amber felt much better.,0.1503923535346985,2
9d58bb7c-7f32-4642-82cc-925d8dca62f0,Carl hung out with his best friend when they came home.,0.5704113245010376,Carl had to go to therapy for post-traumatic stress disorder.,0.6535928249359131,2
343c091e-8c1c-45db-9b05-27eab342d092,Janice decided she didn't want to learn how to crack walnuts.,0.4763379693031311,Janice is now an expert walnut cracker.,0.5793251991271973,2
7685e3dd-ba3b-4861-9486-ca3f13483afb,And throughout the season she kept getting better.,0.5575231909751892,She loved being bad at volleyball.,0.446155846118927,1
b090fb07-e7fd-4c01-ad85-38016522a727,Beth decided she was hearing things.,0.45486176013946533,Beth was deaf.,0.4638684093952179,1
2d58e924-e539-40ba-968c-f56efaff1b1a,Bob enjoyed using his binoculars.,0.3822399079799652,Bob was able to read the writing on the board.,0.5014185905456543,2
5fb0bd4d-a4df-4adb-9e99-d4fec9a6b10d,I drove her to iHop for pancakes and shakes.,0.6074007153511047,"Now, she won't even talk to me.",0.3977052867412567,2
327df8b3-9758-405f-a0af-1e38ffce0cb2,Our friend ended up home at three am with a girl.,0.6510418057441711,We found out our friend had gone skiing.,0.6816701889038086,1
1471ffe2-1330-48a6-963b-e6798252bac8,Benjamin did not enjoy the park.,0.4640953242778778,Benjamin had fun and then left the park.,0.6167486906051636,2
16c0b5f5-3c48-42c3-a5c6-ad5e4e6e4575,"After counting the cars, we went back home.",0.6631913185119629,"We then sat down and began to count the cars,",0.5851507186889648,1
f7b8017c-fafc-455d-8545-799f4813d10c,Kelly had a neurological disorder that kept her in a wheelchair.,0.6104480028152466,Kelly cleaned up in time and her parents never found out.,0.7050517797470093,2
a8ca1926-5d63-4de0-a1e5-d0826fbe0bf0,James decides to never leave the house again.,0.6514464616775513,James is glad he decided to run.,0.6556164026260376,2
25df4833-3565-45f6-a354-33c56e8dd8e7,He feels satisfaction.,0.42517316341400146,When he gets out of the shower he shovels his deck.,0.7948379516601562,1
29a8d6a9-d05a-4be3-9bd3-a138f804eb13,Matt began to laugh.,0.48699143528938293,Matt was very angry.,0.49943995475769043,2
86991c22-02d9-4144-80e7-8531a7a5ccf4,Mike had to apologize.,0.36538851261138916,Mike and Perry got married.,0.5830298662185669,1
9f177a52-fadb-49d9-a25e-6d7d6540fed6,She decided to go to the movies.,0.6782447695732117,She continued to do this until the laundry was done.,0.7144806981086731,2
3c15c1f6-ec72-48c3-abc6-830b9bff0ede,"We found our house standing, but in shambles.",0.5511412024497986,We decided to go swimming on the beach.,0.6170917749404907,1
54656ac3-787a-440a-9c0c-94fa7f19912c,The dentist fixed his tooth.,0.5944797396659851,Tom had so much fun that day.,0.5675150156021118,1
46a10ff0-42c4-4136-9cfe-a12661232e2d,Rufus is relieved to find his briefcase at the bar.,0.8298322558403015,He sees his hat hanging on moose antlers behind the bar.,0.6794798374176025,2
cf720bea-32e6-41f3-be77-d4674b580890,Alexia fell in love with a shaggy dog at the kennel.,0.6246378421783447,Alexia cried because she wanted a cat instead.,0.5217634439468384,1
50947e83-b0fe-44e9-b5a6-f8039c4f09f2,Bill started making much better money.,0.6571904420852661,Bill made less money as a computer scientist than he did before.,0.5210753679275513,1
841f539a-b6d9-4722-ab19-32f28ab7abfb,Jane danced in her bare feet and left her shoes in her purse.,0.5521293878555298,Jane was anxious to start tap school.,0.6141046285629272,1
37120c4b-0f9d-4467-ac5c-ef999e72ee70,Hannah became stiffer over time.,0.5757861137390137,Hannah eventually succeeded.,0.48841431736946106,2
9d05fb69-73c0-4ac5-8b23-2553b48da81c,The students cheered because they were free.,0.6887631416320801,The kids were mad they had to be outside.,0.6218514442443848,1
040ed97b-c8df-41ea-ba95-43cdf36462ce,Carla told her daughter she needed to join more clubs.,0.5768969655036926,Ann's mom said her daughter could choose one club if she studied.,0.5415352582931519,2
d466a6af-a2fb-4ebd-948f-c35c85e62e12,Gina was happy of the outcome in the house.,0.614014208316803,Gina was sad and cried.,0.6056596040725708,2
7f106d09-88a1-4307-8fea-06f32a31157c,He went to the sporting goods store to buy bullets.,0.5894651412963867,He carved some sticks to use for makeshift arrows.,0.7609752416610718,2
d0703dac-4538-4a8d-87e3-67246d6ee924,Taylor finally decided on the cute little kitten in the corner.,0.6315702199935913,Taylor decided instead to go clothes shopping.,0.5884786248207092,1
dacbdd76-ec3a-45dd-8180-bb45899cf5bb,Zeke would dress up as a pumpkin.,0.7375670671463013,Zeke dressed up like a skeleton.,0.5844118595123291,2
9bec6c96-04a4-4987-a65f-da0fead90691,Marge put a new key on her keychain.,0.5481982827186584,Marge felt a pang of regret about putting in the pool right then.,0.6303330659866333,2
3eeca3cb-2263-4617-8d42-89786fb986f9,Rosie waited patiently for Farmer Jones.,0.5450575351715088,Rosie broke free to head to the orchard.,0.5657963752746582,2
8489a2b3-cee7-4651-828d-704b1ab51575,Rick threw the license out of the window.,0.6466460227966309,Rick gave the license to the driver and made the driver happy.,0.6114869117736816,2
34505e75-67d3-47df-b140-429c87accabb,I felt ashamed.,0.47125810384750366,I was proud of my willpower.,0.6068678498268127,1
a87edb02-47b3-42df-b3ed-5333cb749436,Sam wanted to get away from his wife as soon as possible.,0.5560081601142883,Sam and his wife had a great time together.,0.6603848934173584,2
2c99419a-7247-45cc-8f63-4d423e852f5d,The two boys went out to have their adventure without hesitation.,0.618523359298706,Eric was fast asleep leaving Stan to fend for himself.,0.7281842231750488,1
f4477125-76c2-4c75-903f-5fa9b31bebe1,Brad's day went very badly.,0.6019214987754822,Brad then went home after a nice day.,0.6067008972167969,2
1a7e5dac-96a0-4fc8-8c2f-e5edbaee45ca,We gave him a bath.,0.7190913558006287,When we were finished our puppy was full of mud.,0.5368740558624268,1
cf5a5e9f-3af0-465d-9faf-3833a586e42e,Jerry's mother took twenty minutes to find him.,0.550311267375946,Jerry couldn't wait for his next bike trip.,0.5725307464599609,1
1cb2a8b6-8873-48a4-a778-02291cb7ca56,I got on the plane and flew home.,0.5897417068481445,I walked in and saw her.,0.5347238779067993,2
7e7704ee-3070-47e8-bde3-8ab6ba8ac305,I decided to fire my new social media manager.,0.6958807706832886,I decided to give my new social media manager a raise.,0.7449650764465332,1
fa0cba9c-0e7b-412e-a5ef-08065139b2dc,Sam's parents were upset they had missed the fun.,0.5918983817100525,Sam was in real trouble.,0.5514495372772217,2
737d2e8c-d15c-4ac5-8288-01532a5f794f,I had a great time at school.,0.7413802742958069,I hate school.,0.7521002292633057,1
5af5c599-4191-4c4a-b4a4-88c750c488f3,Jeb turned on the microwave.,0.6319258213043213,Jeb plugged the television in and it turned on.,0.677680253982544,2
e92781bd-beee-4be6-ba37-0e2f7c258864,Matilda then got a letter from her brother.,0.4990423619747162,Matilda was told to not write to them anymore.,0.4853867292404175,2
f9412344-ca37-4c8f-849f-62f2859905e7,Bill carefully added up the column of eight digit numbers.,0.5876864194869995,Bill and Teddy talked loudly about how stuck up pretty girls are.,0.5915137529373169,2
836221b0-fba9-4482-ab9c-5b6ff86fda2c,Nobody seemed to notice what had happened.,0.5324976444244385,We could not see our sheet music.,0.508059024810791,2
c545f1d9-8c13-4f15-907a-09d2115b1152,They decided to go to Vegas instead.,0.6491012573242188,They were both happy.,0.5286180973052979,2
dd2f07ba-4c92-41f6-873f-480173087b36,Olivia decided to never go shopping again.,0.41805559396743774,Oliva had a great day shopping.,0.5972108244895935,2
55323564-a201-4a6e-8c07-bd518babb542,I hate the thought of moving.,0.32955408096313477,I only hope I get to choose my own bedroom.,0.7263011932373047,2
17868cb6-c9eb-42f4-98a8-c6a855d8e11d,Shawn gave up smoking on the spot.,0.39405083656311035,Shawn smoked them almost immediately.,0.3780389428138733,2
f94fc6da-0162-4301-98b3-f25cfbfd2357,Nickie never found the doll.,0.6812195777893066,Nickie laughed all night.,0.8954689502716064,1
b2070b39-9b95-44c4-a698-f8f6993a5454,Bob went out to McDonald's later that evening.,0.6854418516159058,He was excited.,0.44246429204940796,1
1730c379-eff8-4d18-b195-4d59e7cce600,Tommy was then badly injured.,0.51509028673172,Tommy was then treated and felt much better.,0.6258883476257324,2
a2628347-52a4-44f5-a750-fefddf04a375,Ken made an excuse to leave quickly.,0.5015872716903687,Ken asked him for a second date.,0.4974798560142517,2
de0da0fd-5dbc-4521-adb6-cb2fb029fd03,Liz was ashamed of what she had done.,0.4013899564743042,Eventually they grew delicious tomatoes.,0.541439950466156,2
1e993bb1-28e9-46ca-9de0-e2984207fe98,He ate his sandwich.,0.8470190763473511,Bill started work on his carpentry project.,0.5693690180778503,1
09e1c076-d69a-441e-bb6a-d3d4c8268d81,Jack decided that he hated the color blue.,0.6577759981155396,He finally found it under the bed.,0.6583367586135864,2
ce171961-1139-4925-a52d-aaa45882193b,They were impressed with my phone.,0.5804780721664429,I was ashamed of my phone.,0.655787467956543,1
11aaa45b-8850-4eaa-8830-2885770f28d9,John had a wonderful evening.,0.6154256463050842,John had a miserable evening.,0.6222245097160339,2
e74a6f7f-b7a8-40b8-a5a5-08a86aff538a,Jenny picked up the sweater.,0.6566361784934998,They confirmed Jenny's suspicions.,0.5567928552627563,2
488b69f4-c685-4882-b5d3-73a328cfd087,Emma never painted inside a restaurant again.,0.48066246509552,Emma was happy to have a new audience for her work.,0.6698057651519775,2
8402aec8-1b97-4799-838e-53a24c126104,Tom loved his time at the museum.,0.6081900000572205,Tom told his parents he hated them.,0.6222267150878906,1
06fb6922-d4c4-440c-9830-4ceccd1eacfc,Johnny cries for an hour.,0.5603890419006348,Johnny is more careful on the stairs from now on.,0.4730198085308075,2
21f7ff4d-129a-499d-b881-6da07a4c3e2b,Mike ate the oatmeal.,0.6987795829772949,Mike was ashamed of what he had done.,0.5386863946914673,1
49582a49-fbcf-43e2-b1f2-843ab55d2491,I was very happy that I had been building wooden bird houses.,0.8183879852294922,I went to the hospital to fix my finger that I had broken.,0.744025707244873,2
6b79193e-0b29-4594-be27-f0a478c41fcc,Josh then decided to watch anime by himself.,0.6972302198410034,Josh enjoys watching anime with others.,0.46246153116226196,1
293b2d9c-6aa5-4237-9d3a-e375bd92ae58,Jimbo is pleased his boss does not allow smoking.,0.7076001167297363,Jimbo sneaks into a back room to smoke.,0.5850883722305298,2
7b243674-c555-4b75-a0da-489e89909703,Lester asked her to marry him.,0.4437161087989807,Lester never talked to her again.,0.48510685563087463,1
5829ddaa-59cc-4bf4-96fc-ae78f74bc477,I read a fascinating article.,0.6638634204864502,I finished the entire crossword puzzle in one hour.,0.6743146777153015,2
c0b88368-7866-4e13-8781-28b92322eab1,Sadly it made me look like a potato.,0.6323710680007935,The shirt fit perfectly.,0.6234477758407593,1
9bedc73a-bd04-4a08-9d93-d6da9dd33991,White doesn.,0.31918612122535706,Whit doesn't sleep well.,0.40807104110717773,2
c4700d83-ffe3-4332-92b7-6bb103becc03,Amy left for volleyball practice.,0.5047126412391663,Amy gave in and took a shower.,0.5740938186645508,2
3309982d-6c74-429e-b45c-68412831b4a1,Our teacher told us to go back and remove the pinwheels.,0.5647491216659546,Our teacher took a photo of the pinwheels.,0.6208545565605164,2
796cebdd-7d6f-4c1e-95c3-be941d0e4a55,Beth gave birth to a beautiful baby boy.,0.6169239282608032,Beth was very happy during those two days.,0.7566043734550476,1
1cfe77d3-b1b2-4e00-bcda-2afb98c8968b,Mia vowed never to eat it again.,0.35569676756858826,Mia liked it so much she decided to learn how to make it.,0.36813589930534363,2
c70faa93-43d8-4343-8b31-5b28aba6eedc,I began to teach special education.,0.5644148588180542,I decided to never teach.,0.43087121844291687,1
53756438-d5bd-45a6-83b0-5dc4ca78a5cc,Jake fell asleep after drinking the milk.,0.7475769519805908,Jake then drank a cup of coffee to stay awake.,0.747028648853302,1
6ead3cd4-e1a7-4ca8-a93a-f0fd32390bf7,I listened and told him I hoped he felt better.,0.6645181179046631,I decided to listen to my ipod.,0.5360605716705322,1
5cf80e19-8050-4d98-9a1d-b863be3e9f60,He could not wait for his advanced physics class to start.,0.6506171226501465,Joe practiced his kick and was accepted into the soccer team.,0.6416240930557251,1
d0cc2b2d-106a-4255-a946-cddb42b76b47,Bonnie called to say she didn't want an interview.,0.5891622304916382,Bonnie got the job eventually.,0.6498467326164246,2
e9223a00-dd48-400b-9b73-c24b5968285b,The ambulance took her to the morgue to die.,0.65086829662323,The ambulance treated her snake bike.,0.5197787880897522,2
ed8978f8-7863-4f85-b0d9-b29739250d9a,"Jerry attempted to run the marathon but quickly collapsed,",0.28182023763656616,Jerry won the marathon.,0.6322126388549805,1
bbdd62f2-63f7-48da-a4a9-cdb28f385037,Dave backed away slowly.,0.3386443257331848,Dave took pictures of the tall trees.,0.5498249530792236,1
39ba66cb-3cde-4cee-8a25-fbf47ac92678,Skip's parents decided not to get him glasses.,0.6760109066963196,Skip got glasses and improved in class.,0.6792203187942505,2
f6e2f4f5-0cfc-458f-95ce-aab93e029ee7,Rae went to fetch a broom.,0.5867109298706055,Rae asked his brother for the name of his plumber.,0.686269998550415,1
850f4d4d-0fb3-404a-9113-1197a4a3fe4a,"They framed the letters and kept them for years,",0.5072575211524963,The letter stated they would be getting no gifts.,0.6048393249511719,1
26e0a6ee-7898-4d22-9380-0a22e6e5e2f3,I found out I had the flu.,0.6109849214553833,I told the doctor I didn't need his services.,0.594980001449585,1
56b2b948-79eb-4a8f-89bd-bd7198c50546,Christian hates football.,0.5558369755744934,Christian got on the team.,0.8100275993347168,2
982d24ef-9aad-48f1-8c8d-c84b60739868,Gina was very happy.,0.6486926078796387,Tim did the dishes for Gina to be kind.,0.4854394495487213,2
bf839b9e-20fe-4906-bb7d-f34e50e066f5,Jen noticed that Lee's flea problem quickly got worse.,0.56602942943573,The vet suggested a flea collar for Jen's pet German shepherd.,0.5849881172180176,1
f658b035-346a-4d33-be6c-87106223ff88,She had just enough time to make the train.,0.4986230731010437,She turned around and drove home.,0.42411911487579346,1
ac74847e-5380-4cd9-a055-938a7f157e82,Gina found her phone.,0.6599735021591187,Gina went to bed.,0.6911273002624512,1
bf150607-566f-47f3-b180-49d4d5f87cb8,"Because of her replies, Sarah didn't get the job.",0.7274836897850037,Sarah got the job and was praised for her clear voice.,0.41510140895843506,1
bfd0edee-8c7b-4b44-afb2-f9620e89a07b,Linda and her boyfriend ended up getting both.,0.5372446775436401,Linda and her boyfriend didn't want to eat.,0.4683381915092468,1
b4c29adb-5bc8-41de-96cb-be694a0a7714,Morris was bullied everyday at the skate park.,0.43239647150039673,The younger skaters taught Morris a lot of tricks.,0.5198404788970947,2
3823e668-4a55-4c3d-a37a-544245f21eb5,Ron was proud of the decision he made.,0.400179922580719,"However, Ron still went out drinking with his friends.",0.5874984264373779,1
364ff78a-b959-4051-b50b-29d480ba0661,Jane decided to cut her hair short for summer.,0.5721818208694458,Jane loved her long hair and grew it even longer.,0.5543525815010071,1
0e92d1ba-0e2e-4052-99b7-d26a811da4b8,She was late for school.,0.5757226943969727,She went back to sleep.,0.6101878881454468,1
9e103dc9-b08b-4249-be00-28525dbd972b,I said i was fine with that.,0.7425631284713745,I asked for a Coke again.,0.5284897685050964,1
b67726eb-80bd-47d0-a32a-9296cd263744,We had a boring day.,0.5748606324195862,We found rocks to use for his eyes and mouth.,0.611925482749939,2
f4aeb79d-acf1-475a-9c31-b9cfd8bc54f6,Joe was very frustrated.,0.5232911705970764,Joe was happy.,0.4968518614768982,2
c2f3ba17-ee83-4837-b341-68055e9bbca5,Arnold was not allowed to return the television.,0.5226888656616211,Arnold kept and loved his television.,0.5722546577453613,1
2ad983c5-5074-4d10-acca-e98b9fceb09b,"Pretty soon, he was drunk and passed out at the bar.",0.7126144170761108,"Eric really enjoyed this new bowling alley, he realized.",0.5869975090026855,1
f0404412-c6a4-4467-bf56-59629753a81a,Ellie continued to dance.,0.6274732351303101,Ellie had to find a new pair of pants quick.,0.5790940523147583,2
23866dc5-7c69-4471-aad5-e85d636afafe,The shoes gave me blisters.,0.5836203098297119,"I happily played tennis in my new, uncomfortable shoes.",0.6895227432250977,1
171c010d-c961-466d-880b-5bf0550832c9,Marcus decided to learn how to fly planes.,0.4851616322994232,Marcus relaxed once they were in the air.,0.5962244272232056,2
2caa6eda-0fb4-4ea1-81b4-d271dd8b6b29,Larry was happy that he could contribute to the party.,0.6724857091903687,Larry decided to stay home from the party.,0.5940607786178589,1
a31092f3-5948-4de6-be36-f07a76895f7f,It was such a long car trip.,0.6853607892990112,She loved every minute of it.,0.629761815071106,2
6aa8850f-16b3-4eeb-b1d7-b976f53eb17b,He had a boring day.,0.5141627788543701,He was fascinated.,0.5562958717346191,2
4538de5c-e6fe-4cb2-a4c8-6c987edfd123,My wife cooked dinner.,0.5213833451271057,There were too many photos to upload.,0.6153788566589355,2
e4df84be-6c8d-4271-93d8-73999aab7fef,Doug's wife kissed him.,0.502189040184021,Doug's wife was angry.,0.5226078629493713,1
8a0c7f34-82b6-4230-a08d-afcada1dc5f3,Grace didn't miss a day of class that whole year.,0.5814349055290222,Grace decided to stop playing tricks at school.,0.44336846470832825,2
1c3f631c-ef1a-4dc3-bd26-715eea2c5703,Jane was thankful to have the recipe.,0.5925925374031067,Jane didn't like to bake.,0.4873669743537903,1
9f097485-ac0b-40b0-bf42-3fde6476ce14,Mark hated animals.,0.648849606513977,He felt bad for the birds.,0.6100314855575562,2
359c1833-b8bc-4f0e-b083-a1120047a73f,We ordered a pizza with separate toppings on each half.,0.3929651975631714,I suggested we choose a different movie.,0.3543494641780853,1
e4514b3b-2ac2-4e1f-8b23-6308185b3e25,He hung out with her all day.,0.5932466983795166,He yelled at her and went home.,0.6607997417449951,1
7887fe5f-be9c-48cb-9f83-cdf4e054852d,Johnny felt he let his parents down.,0.6692332029342651,Johnny was elated.,0.6086322069168091,2
d2c6f02d-624f-48d7-8bd1-e0cd4b456016,Ben's mother will now wake him  up  one half  hour earlier .,0.7150152921676636,Ben crushes his alarm clock and buys a chicken.,0.6147722601890564,1
be6167f9-7024-446d-8e38-ba627eb7a79c,Ally couldn't wait to get engaged.,0.5940941572189331,Ally was very subtle.,0.5157286524772644,1
36d8301c-5702-4b42-bee3-73415a992133,I hated the new song.,0.5427860617637634,I listened to the song all day.,0.6337263584136963,2
42c98f2d-f3c3-4a29-af0f-59a82bc01cf9,It made them depressed.,0.4927750825881958,They were very excited about being well known.,0.6183232069015503,2
f8a623b4-a19c-4176-a576-2fda8da9d616,She was very happy with the teacher.,0.7003154754638672,She failed the class.,0.6064521670341492,2
2562c10f-4f6a-4b80-bf78-93ce317ee1ed,Patricia realized it was a big mistake.,0.43907827138900757,Patricia eventually became a biologist.,0.5178205966949463,2
0aedef28-e132-48d3-952d-60d6023e6354,She was the best player.,0.489990234375,She eventually got better.,0.15508568286895752,2
560de71d-f0e4-4430-b5b0-e6ceda4b9c20,Marissa took the two puppies home.,0.5088747143745422,"Sadly, they were both filled with junk.",0.5767936706542969,2
fae520f1-4a08-41a2-a993-43a9f33ed3cd,She was excited to get to work at the camp.,0.6851981282234192,She didn't want to have anything to do with that camp.,0.6706826686859131,1
ad0ecbef-894d-44b0-ada0-dd4c02f1ea03,Gina threw the phone away.,0.3684103488922119,Gina's mother never found out that her phone was taken away.,0.5614555478096008,2
2a333529-c28c-4eac-a8f9-50ac2898ffa0,Meg could not think of where they could be.,0.6492038369178772,Meg checked the vacuum and then found them.,0.5780019164085388,2
0932cb74-8265-44a3-ad1e-53975f3ee80c,She found them in the living room reading and was relieved.,0.7065200805664062,The children were in the kitchen eating lunch.,0.7006887197494507,1
2a1e75df-7330-4db5-b870-a4520de57288,He finally decided to buy white eggs instead.,0.5031205415725708,All of the stores he went to were out of ice cream.,0.5839666128158569,1
e9b85e53-9355-4b2c-9596-fe595ffdb083,They all had a very memorable time together.,0.5632761716842651,Everyone was miserable and angry.,0.6789835095405579,1
fe46f94d-a6bf-403b-9c46-d600c747c6b1,Maggie has never seen a panda.,0.6132643222808838,Maggie loved her trip to the zoo.,0.44464826583862305,2
529ac218-8924-43dc-92c1-18b83bcbd10a,Vianna now works everyday.,0.5796819925308228,Vianna quit working.,0.6282945871353149,1
af50c61e-685f-4e0c-8766-bfe5865dd9a9,We had a great time.,0.6924058198928833,We all eventually couldn't stop arguing with one another.,0.4997769892215729,1
57b7b390-ced2-4b9e-8e84-71a5d98d8037,Lina made her kids wear clothes from the pile.,0.7244929671287537,Lina gave the clothes to charity.,0.7577755451202393,2
45be99fa-41ef-459f-b791-257a852933cd,Anna thought the chocolate shake tasted dreadful.,0.5716621279716492,Anna thought her own milkshake tasted just as delicious.,0.7123315930366516,2
c41221e1-a84d-43ff-a7de-d623d7480d43,I decided to buy chips at the gas station.,0.5082384347915649,I decided to never eat again.,0.7463345527648926,1
76962d77-c956-49ba-a135-427a6e78d0e0,Tommy started playing guitar.,0.5150270462036133,Tommy ended up doing well regardless of his nerves.,0.6287678480148315,2
488a1e6c-e8e5-4ad6-b912-73ba8d84a2c3,Jill's parents scolded her for skipping class.,0.682923436164856,Jill's parents took her to Disney World.,0.6654226779937744,1
e51aeb78-f81d-4fcd-8016-5d0cd450ccd4,Chris bought the red car.,0.5717296600341797,Chris bought a motorcycle.,0.49620741605758667,1
36c78816-7606-4fe4-beb2-4b4cfde8115c,Henry decided not to do the scavenger hunt.,0.606953501701355,The kids loved the scavenger hunt.,0.6964580416679382,2
2dc083b6-dcb0-4227-854d-32d8e98db2af,They both became more confident and made more friends too.,0.5553067326545715,This made Jake very upset.,0.6796958446502686,1
c7d01c21-6d8e-417d-9dc0-ca4492194254,He was thrilled when he was finally on his way to Ireland.,0.6070136427879333,Sean spent his saving on a new snowboard.,0.7087457180023193,1
be51f295-a71c-40b3-b540-d72d0005ea9b,He used a fire extinguisher to save the day.,0.45340293645858765,Todd had some great toast.,0.44326114654541016,1
8844fc1d-432b-46e8-8eb1-c78bb87e6c35,Beth was dedicated to making great mashed potatoes.,0.44321155548095703,Beth was a lazy cook.,0.7513763904571533,1
683fa7a6-70a2-41cb-b206-51c330e7fc58,Their parents jointly threw them a huge party to celebrate.,0.42376261949539185,They both learned their lesson and no longer kissed in school.,0.6713078022003174,2
a7d985bc-8564-4262-8c45-6d211bd59f31,Ashley's dog was full of live fleas.,0.6737583875656128,Ashley killed all the fleas.,0.6712313294410706,2
731c4da7-a88a-49c8-8212-ec512bad27e9,I hate spaghetti.,0.5814579129219055,It was very different.,0.5864794254302979,2
0ff4a668-ca06-41f9-8d94-89f9eb3cd42f,They helped me realize that I should cut my hair short.,0.46468114852905273,I bought her a dog.,0.4295957684516907,2
16119f0d-b0e0-43f6-ac36-5a13bab13604,Kaylee was thrilled!,0.4897908568382263,Kaylee was really disappointed.,0.35912495851516724,1
26176dbc-df7d-43ea-a3e4-93cb24cf04ad,She cried of joy when she received her first acceptance letter.,0.39687037467956543,She ultimately decided to become a geologist.,0.3630267381668091,1
3dfddb07-7fcc-4383-b01f-820d55f933cd,Now it comes on every time.,0.6430302858352661,That is why I only play Frisbee outside.,0.6227867007255554,1
f2a888b2-7571-4493-a723-eb2afaa56061,My professor was very upset.,0.49127197265625,My professor congratulated me.,0.4877975285053253,1
0444951c-aece-494e-bacc-ef5d9f70ad90,They rented a car and had a wonderful time skiing.,0.7165969610214233,He decided that he did not want to go skiing.,0.7529641389846802,1
bb054807-6986-45c6-a70e-3fe1d03d4c1b,Brad's mother was very caring.,0.7644810676574707,Brad's mother was rather uncaring.,0.7139692902565002,1
5cab8b6a-2396-41ba-b570-2953ff135740,He had to go to a homeless shelter.,0.6129032373428345,"Somehow, thousands of dollars appeared in his bank account.",0.8110722303390503,1
eaefa570-0098-4b6d-9da1-d1df2d785824,Juan's mother showed him how to make a taco casserole instead.,0.6193104386329651,Juan went back to the store.,0.5766769051551819,1
6d430931-b572-4cc7-b18e-e7bdec5be9ca,Lena went to school only to find out her friends were sick.,0.30611854791641235,Lena pretended to be sick so she could avoid her friends.,0.2972416877746582,1
e4086d5f-fa5a-41ee-a268-0c984a2cf816,Jim's wife decided he should have a dairy-rich diet.,0.7734097838401794,Jim's wife was relieved to find the source of the problem.,0.6837010383605957,2
4516ccd1-cf8c-4ec9-a791-ef79680b6e14,Tim was pleased the lamp was so easy to set up.,0.6656485199928284,Tim then threw the lamp away.,0.6046369075775146,1
a0463fed-950f-4202-a658-c95358cf13a0,She could not participate in the tryout with the injury.,0.6234475374221802,She did very well in the tryouts.,0.6179678440093994,1
64129ef8-a826-4a16-a76a-b3267b73a614,Morgan was glad she remembered to bring extra tea bags with her.,0.529029130935669,Morgan was glad the hot water tasted like coffee.,0.5189969539642334,1
d1a29203-adef-44c7-9f1e-2973a475933c,She loved the cupcake.,0.5299749374389648,They had to move the dolls to sit down.,0.6843724250793457,2
c86b0427-df64-416c-a4eb-753d5d3b666f,He finished in first place.,0.5845467448234558,He wasn't able to finish the race.,0.6979598999023438,2
4351716e-f1ea-4e28-ad5f-45e5d07480a1,Bob was never the same after being tasered by the mall cops.,0.5308709144592285,Bob finally went with his instincts and picked the perfect gift.,0.5665138959884644,2
ad40be2d-21b7-47d1-9b9d-5ae9a5bd0428,Ida was glad she could dance in the rain at the festival.,0.6672500967979431,Ida was glad that it didn't rain.,0.4946712851524353,1
406638bc-0ff9-4a9f-8034-8c43acf0b3ba,They huddled in the bathroom as the tornado raged overhead.,0.5030120015144348,"The earthquake lasted several minutes, causing minor damage.",0.5043458938598633,1
e3651067-1160-43b9-bb24-93137b4a8298,She ate the cake alone at home.,0.6901954412460327,Her mother enjoyed the cake greatly.,0.5494898557662964,2
2193129d-8583-44fe-8f38-279c317a458e,Ron found that he rather enjoyed living on a farm.,0.46534305810928345,Ron hated being on the farm because he disliked the animals.,0.559421181678772,1
973e3d54-e7f2-4845-8460-d29f2baf3229,Ron was given a prize by the store.,0.5316934585571289,Ron was arrested.,0.49824824929237366,2
6b75107a-46e6-4c21-90fe-59869d692c97,We stopped playing in a band together.,0.6912778615951538,We performed a small show for our families the next weekend.,0.589501678943634,2
787d6725-553a-4fe6-9878-d7e2f3c79f33,Jack abandoned the whole idea of getting a puppy.,0.6297352313995361,Jack then showed the online puppy and pleaded with them to get it.,0.553425669670105,2
e19f9cff-0587-4ab8-b099-122a903ce6c8,Jon then watched germs with his microscope.,0.7021235227584839,Jon used his telescope often.,0.6424775123596191,2
6f21cce2-3086-4096-9243-7799ad831690,The clerk told him where the bacon was located.,0.7448388338088989,The clerk told him to find the eggs.,0.693530797958374,2
391f5b4e-ffac-4184-be40-438c4304d922,Jimmy laughed.,0.507636547088623,Jimmy cried.,0.469423770904541,2
449c1058-fb27-4c6d-9cac-fbd5b32b80da,He threw away the treasure he found.,0.688368558883667,He found many treasures from his childhood.,0.6547317504882812,2
743a3dca-d9a4-4297-a47d-34183a672f6d,I didn't like any of the groceries my mom bought.,0.4904091954231262,I ate a lot of candy that day.,0.5376604795455933,2
e17eb2cb-2fa8-4a33-8838-4f9b033fdaa4,Joe loaned Grant some money.,0.5915332436561584,Grant loaned Joe some money.,0.7455815672874451,2
19c29a0d-7b1f-4066-8fd0-090fc6c640f5,Lobster was Rakesh's least favorite food.,0.6187565922737122,Rakesh loved eating lobster.,0.5372804403305054,2
9ba79327-d72c-4882-a828-e8bd80fbab56,Ron was very happy.,0.6059757471084595,Ron was very unhappy that it had snowed so much.,0.6717685461044312,1
4dfe85e4-7e34-4906-8eaf-5f519820b2a4,He didn't listen until we got a lot of ants one spring.,0.5285040140151978,She showered him with praise.,0.6508016586303711,1
2029aa56-ef8f-4c6f-a599-6dae60566f01,Brad had delicious Eggs Benedict.,0.4952046275138855,Brad hated his mother for getting the eggs.,0.5620464086532593,1
32cccca4-9475-4755-8fd4-b540b70d64a0,Paulo was ashamed of what he did.,0.4858867824077606,Paulo felt proud of his accomplishment.,0.5655966997146606,2
ad4fbdb4-6d17-4417-b560-b6a3c6a74825,Patrick developed a fear of dogs because of the incident.,0.5600314140319824,"It didn't break the skin, but Patrick was scared and cried!",0.48566797375679016,2
e0487099-4c2b-4cfc-af24-489a5675a52f,I am much healthier now.,0.6001911759376526,I am 300 pounds.,0.6314776539802551,1
e0f9cc9f-2cff-49af-9cb6-cafd44f3faf1,Jane's girlfriend was a die-hard flower lover.,0.546585202217102,"Jane loves biking, hiking and walking her dog.",0.43797704577445984,1
9ec710ea-0c91-4616-91ab-f28588628b5c,Damon went straight to his room and went to bed.,0.5890706777572632,"The next day, Damon found his wallet under the bed.",0.6005504131317139,2
61f5c395-725b-4249-bf21-838525b78a4a,Bob's daughter thanked Grandma for the delicious meal.,0.6323446035385132,Bob angrily drove home after the meal.,0.6378546953201294,1
d86787ce-aeb7-4bfe-ab75-a98c253e67f1,Suzi hoped the cat would stay in the tree.,0.5104019045829773,Suzi's cat was saved.,0.599494457244873,2
4cf8dc65-71e8-4664-9d71-c15cbd3d61ee,Ava flushed all the aquarium water down the toilet.,0.7171998620033264,All the fish got along fine.,0.5754114389419556,2
ea04f6ea-5b4f-4a24-a276-fe6c1e55667f,It costs more for gas to the other theater.,0.6936821937561035,I still go to same theatre that I always have.,0.7857948541641235,1
3e43926e-578c-4da6-9026-fa7908d46003,I decided to get rid of the car.,0.6590551733970642,I drive the car everywhere I go.,0.7583975195884705,2
fd2ea23c-2ae0-43eb-a175-a45251c82d43,She won the contest and was proud of herself.,0.7451061010360718,She was disqualified from the contest.,0.6201674342155457,1
56102300-2ba9-4b64-a603-9d42dc107d36,Then she lay down and took a nap.,0.6242595911026001,She was jumping up and down begging for a walk.,0.5454206466674805,1
43bacad9-413e-4974-8789-a979823e634d,The puppy's owner gave Matt a reward for finding it.,0.5823546051979065,The puppy's owner strangled it and offered Matt the corpse.,0.5512964129447937,1
44da8813-2d56-4606-8e83-3059090bcff8,Mike didn't like riding bikes.,0.5675692558288574,Mike accidentally collided with the kids.,0.5780535340309143,2
308e263d-0f58-481a-a095-756250039824,Lucy realized the meal was burned.,0.5795345306396484,Lucy realized the meal was perfectly cooked.,0.581525981426239,1
58838a00-4307-489a-896e-a89258ece510,Tim's teacher praised his attentiveness.,0.5340144634246826,Tim failed the final exam.,0.4539504051208496,2
a5951fe2-62f3-43fc-9572-f038ba48b0f5,Amy became best friends with the operator.,0.5899020433425903,Amy hung up the phone angrily.,0.573569118976593,2
895a668d-e3be-4063-a273-777bf585f834,He was disappointed in his broken computer.,0.705054521560669,He was happy about his computer.,0.6766780614852905,1
7e0ad258-5eb5-4674-b801-2200838c8ae3,They never found the owner and kept the dog.,0.6499991416931152,They ate it shortly after.,0.5850327610969543,1
8d17d2cb-285d-4e12-a119-935b0a9d938e,Bill was happy to practice every day.,0.5019255876541138,"As Bill got older, he realized all of that practice help him.",0.5400418043136597,2
6c1b3dc1-780b-43f0-a97b-0f043be0e6ed,Lance's wife felt very romantic and loving when she arrived home.,0.6981930732727051,His wife was so angry she took the kids to sleep at the Grandmas.,0.5609102845191956,2
2748ec86-2ca4-40f7-8c19-483f150d35d9,Leah forgot how to speak Spanish.,0.7619413137435913,Maria was proud to learn a new language so quickly.,0.6903735995292664,2
a9013402-27fe-4ff3-9d6b-e01ef3ff8e66,After two hours firefighters came and rescued Jay.,0.523236095905304,Jay laid down and took a nap.,0.6576178073883057,1
617849f0-8057-4609-a93d-1ed7c82c777b,He was accused of pedophilia and sent to prison.,0.48959261178970337,He ended up babysitting to pay for college.,0.5295623540878296,2
ded2be3f-7cf2-4bd7-ab16-f946e25427ca,Ted's friends thought he would run in the campaign uncontested.,0.5428736805915833,Ted decided to run for county magistrate a year later.,0.46445244550704956,2
285843c5-b7d9-4ae0-aa25-924a1b3b0dc9,She continued playing with the ball all afternoon.,0.44543397426605225,Next time she got a ball she was more careful with it.,0.46278631687164307,2
0247c6c9-cc36-4094-81ce-534e9bc17d21,Bob had always been reckless.,0.4745790958404541,Bob had also forgotten his shoes.,0.5874980688095093,1
d99e7b4e-eab3-40c5-9924-4aa34ec7ac9f,Carl decided to give the bike to his son.,0.6200081706047058,Carl decided to throw the old bike away.,0.6516381502151489,1
0d608a91-67df-45e3-b141-12fa84ce1f00,She went back and had another large serving of deer meat.,0.5876727104187012,She slowly drank a glass of water to calm her stomach.,0.7713385820388794,2
795a57ba-fb40-4006-aca5-967cbef08ed1,He ended up becoming a scientist.,0.5104357600212097,Carl then became a garbage man.,0.6161860227584839,1
7ac83d60-7b79-4ed7-929f-520f3ab4ea7b,Julie was incredibly embarrassed.,0.2748572826385498,Julie gave Barry a hug and thanked him.,0.3000403046607971,1
43aa020b-9bca-4af1-9ade-e281f41d04f0,I knew then that I wanted to become a professional cyclist.,0.7229659557342529,"From then on, I made sure to leave myself plenty of travel time.",0.6415131092071533,2
defdaf3f-b580-4c4f-a320-a798a52ac508,The teacher told them to stop talking.,0.6264971494674683,The teacher joined their conversation.,0.5443557500839233,1
8d184896-38b8-4cde-91f5-b17cb2390d3d,Daniel went to check the breaker box.,0.6086145639419556,Daniel turned on the kitchen light and had a snack.,0.5852954387664795,1
dbac66cf-c1ca-4281-80e7-e32d0821d891,I hoped he would just give me a warning.,0.8050297498703003,I enjoyed talking to the officer.,0.7781291007995605,1
1a037660-3761-449a-8170-59e2705a9c54,Melissa's mother suggested putting her son to bed earlier.,0.5293700695037842,Melissa's mother suggested putting her son to bed later.,0.5653241872787476,1
f11a5673-e26f-4e9c-9c5d-e0770601e357,Mark did not do well and felt defeated.,0.39296263456344604,Mark became famous and made a lot of money.,0.2589747905731201,2
6feddef3-ac35-4cab-a0e2-76f52e312d00,Rex enjoys himself.,0.42176246643066406,Rex vows never to return to Argentina.,0.593985915184021,1
cefe66d6-a8ed-497b-bcdd-41090836dd43,They bought some fish.,0.5527808666229248,They never used the tank.,0.5664303302764893,1
bef317ec-84c4-476b-a83f-31666dc3af74,She loved her new turtle.,0.6780458688735962,Sandra was upset that her parents refused to buy her a turtle.,0.6862125992774963,1
2799312a-1800-4ad4-a44b-f0d7242334f7,The children decided to play hide and go seek instead.,0.6390792727470398,The children decided to play marbles.,0.7652583718299866,1
f44a23aa-b910-4c97-8ec0-54487fdd3bb7,She hung the pinecones from the trees and waited for the birds.,0.8393845558166504,Then she threw the pinecones in the garbage.,0.800226092338562,1
d366b88f-b59e-492a-a4a7-0848c45237b0,This would be our new favorite restaurant.,0.6559322476387024,The restaurant was just too cold.,0.636654257774353,1
2ab10c41-2ca3-412a-b669-7d2f8c7b09bf,She was full and happy.,0.6327630281448364,Betsy likes cheeseburgers.,0.615676760673523,1
4a98efef-ca5a-4146-95ae-8f0c6ee398d1,They had no children.,0.6811239719390869,Their child looked like both of them.,0.6827472448348999,2
8ce7eaf0-bb21-4adf-9585-95484de98967,Gina's teacher told her she could use her phone.,0.5971018075942993,Gina's teacher wasn't fooled at all and gave her more detention.,0.5442073941230774,2
9f5d238b-92d2-46f4-80d4-d30e65087c47,Jill was glad she went to the doctor.,0.6928867697715759,Jill stopped meditating.,0.5841097831726074,1
47ddbe43-99e4-4cc7-b343-ccb5bd9f61b2,Then she realized it was Saturday.,0.6603296399116516,And saw the biggest bear she had ever seen.,0.5965070724487305,1
30692936-299b-4ca9-b2fb-74509d0d3e25,Sara cried out in pain.,0.613171398639679,Sara laughed hysterically.,0.4476028084754944,1
d67a5d8f-d0cc-4f0c-9539-9a6a71e64072,Todd's knees shook as he skated because he was nervous.,0.4368371367454529,Todd wore a silly costume to his hockey game.,0.5132731795310974,1
30dfce5c-d550-484d-8dfb-fa60c06821b1,Joan was disappointed in her roomate.,0.5300257205963135,Joan was thankful that her roommate was so caring.,0.4555562734603882,2
a8281cdb-5cfa-4afe-99aa-915110c0162f,He showered after he finished working out.,0.6974361538887024,Pete went to the baseball stadium.,0.5938922166824341,1
1aa8a574-afbd-4f8b-a57d-05c05e242ca5,She took off her jacket to cool off.,0.6781387329101562,Clare wished she brought a warm jacket.,0.5703815221786499,1
2882bd18-3f36-4f25-88b4-0174f2d655de,Nina bought a new bike with her earnings.,0.6607418060302734,She earned enough to buy the dress.,0.5992778539657593,2
1ea4b932-94b9-4a2b-9b99-927ec97b5fbc,"Tami wished Gina would shut up, but she just kept talking.",0.5805840492248535,They just walked comfortably in silence for a while.,0.7267633676528931,2
64e7243b-0ce1-4b4f-8485-5b9435504540,Harry quickly fixed the problem for his mother.,0.6837129592895508,Harry decided not to help and walked away.,0.6206273436546326,1
933a7de5-8897-4f34-92b5-90d522a474ee,Kevin was very angry with Stacy.,0.756713330745697,Kevin thanked Stacy and they enjoyed their time at the park.,0.6802960634231567,2
7828385c-a209-4c05-81be-1916ca8d51c2,"However, turns out to just be gas.",0.22107872366905212,"However, Glen hugs his mother-in-law.",0.2635546028614044,1
fb46930d-fee0-4e63-a858-2afc280aa5f0,If it wasn't such easy work she would have quit.,0.5585331916809082,Next week she would relax when it was all over.,0.6058950424194336,2
a2fa4dda-1865-419f-b3ef-3f3e44f5a72d,My dad always drove safely and we arrived quickly.,0.2802267074584961,We decided to return home instead.,0.454532265663147,1
e3515dbd-3b75-4a54-8a3a-1bba84443404,Gill and Peter Falk shared a mutual hatred for each other.,0.5535726547241211,"Her attempts at solving murders, however, were less successful.",0.44387272000312805,2
fd5da531-ff8c-4eab-99d6-6c1e94b1035c,"He did not miss the last one, but was still disappointed.",0.6723902225494385,Chad scored a touchdown after asking his coach for advice.,0.6051191091537476,1
fa0260b1-cfae-4a39-bf66-1d33f6fe508a,His cheating wife continued the affair.,0.6263239979743958,His cheating wife called the police and he was arrested.,0.6378020644187927,2
4e564bce-7c14-4707-9757-1e1cc4f4634e,Ivan was happy the hike ended so well.,0.4789736866950989,Ivan bought mosquito repellent for his next hike.,0.4311281442642212,2
7cfd005c-ca20-4fc2-802b-83a63998b9bb,"Paige decided to play in the snow,",0.5566250085830688,Paige had to rely on her friends for their support.,0.644495964050293,2
6758c9b7-0bde-4334-93b1-7e394f9bb612,John was upset that they had such an awful time.,0.731843888759613,John was glad he asked her on a date.,0.6990091800689697,2
785be451-af37-4097-aec4-46dd966e69db,The man did not like music.,0.673180341720581,The flute sounded beautiful.,0.6206248998641968,2
a6faba67-1aac-48e5-95aa-4b156c96c1d8,Maggie was glad that the wait in line was so short.,0.6397486925125122,The ride was very fun for Maggie.,0.6008079051971436,2
b929f263-1dcd-4a0b-b267-5d5ff2fe65bb,My friends decided to keep inviting me out as I am so much fun.,0.6887905597686768,"The next weekend, I was asked to please stay home.",0.5798924565315247,2
4745d627-be9b-45f2-ad92-99c82cc83f85,Avery thought her children would be happy with her decision.,0.5661230087280273,Avery regretted what she did the next day.,0.4953438639640808,2
2f74e81d-957b-4541-9e66-59e5eaa6aef1,He felt inspiration and then went back home to write.,0.6690099239349365,John then got an idea for his painting.,0.6069270372390747,1
ece6f206-49ab-4c70-8a65-d6d2b0c97610,Kerry was disappointed.,0.39451512694358826,Kerry was so grateful!,0.1960456669330597,2
482130ae-9698-477e-a20e-76b48d99a2e3,When he finished his paper he went to bed.,0.5325396656990051,Luckily he had been saving everything on an external disk.,0.5074142813682556,2
3f076ec0-6985-418d-bb75-45b437aceca0,Ari opens the jar to find perfect pickles.,0.595982551574707,Ari's pickles are sweet.,0.5499860048294067,1
b5bc0ca6-03b0-43c0-8114-20186b5f783b,Trudey hoped self-publishing would be more profitable.,0.48036274313926697,Trudey called her sister and asked her to come to dinner.,0.5081151127815247,1
d9dde843-ee66-4dca-820a-c3d489ba586f,Oliver decided to not get married.,0.4552769660949707,Oliver was so grateful for his wife's love.,0.47014063596725464,2
705d7e4d-3b56-48dc-9dad-9b14eff97d95,Sarah broke her leg.,0.6133614182472229,Somebody found her cat.,0.7030736207962036,2
a37be14a-7724-464c-8344-87624fafaa34,Kelly was mad about that.,0.6047524213790894,Kelly was so happy to finally beat it.,0.5218203067779541,2
9cba37ea-cc3e-4775-b044-c3d3d4983d22,To this day I hate checkers.,0.6833458542823792,I have very fond memories of checkers.,0.6439688205718994,2
a0769cd4-45a0-492c-a566-b14b9b17cba6,Amy spent all of her money on clothes.,0.6136577129364014,She loved her new phone.,0.7160926461219788,2
40f3b904-81c7-4e92-b245-ff20840733a2,Dave bought an entire case.,0.6066391468048096,They were on sale.,0.47267627716064453,2
1d3e5ddd-76a9-401d-8c5c-a6f5f0bd7160,She was offered the new job at a higher salary.,0.6913934946060181,Ramona had no reason to want to change jobs.,0.6102995276451111,1
34ddd737-0709-4fc7-b64b-6c43eaf9f48c,My parents gave me enough money to buy the console.,0.6739141345024109,At the end of the summer I gave the money back to my parents.,0.5135687589645386,1
