StoryID,First Ending Sent,First Ending Kmeans Distance Metric,Second Ending Sent,Second Ending KMeans Distance Metric,Correct Answer
138d5bfb-05cc-41e3-bf2c-fa85ebad14e2,He is happy now.,1.791152627628806,He joined a gang.,1.8552236424634088,1
bff9f820-9605-4875-b9af-fe6f14d04256,The brownies are so delicious Laverne eats two of them.,1.2015140450225799,Laverne doesn't go to her friend's party.,1.1962893321421255,1
e8f628d5-9f97-40ed-8611-fc0e774673c4,Sarah then decided to move to Europe.,1.6608977844051676,Sarah decided that she preferred her home over Europe.,1.5304647204987507,2
f5226bfe-9f26-4377-b05f-3d9568dbdec1,Gina liked the cookies so much she ate them all in one sitting.,1.3905175580802496,Gina gave the cookies away at her church.,1.435864214926847,1
69ac9b05-b956-402f-9fff-1f926ef9176b,I was very proud of my performance.,1.706908139973476,I was very ashamed of my performance.,1.6190186651636498,1
d80cabdd-7a85-47e3-86be-5ce6591ca51e,Jim took time to decide what he would take a picture of.,1.4050460517575798,Jim took 20 more photos.,1.5329422602764915,1
58090d3f-8a91-4c89-83ef-2b4994de9d24,Ron is immediately fired for insubordination.,1.8451137480482054,His boss commends him for a job well done.,1.7287221785474935,2
e17053ac-2046-48c8-a7a2-7b9509c10e64,"In Vegas, John and Billy competed against eighty contestants.",1.6059831694050828,John and Billy were disappointed.,1.908472341875307,1
69b26ae4-b778-4cd1-9f13-27d28fd4430e,But she gave up.,1.652695084881807,"Later, she passed the test.",1.6365162581900143,2
1f7d9fa2-2191-49de-bdd1-7d307293b9e0,Eventually Trish grudgingly came to accept nature.,1.6655452826488437,The fish had very interesting mating habits.,1.8244334830616538,1
a7905e16-15be-433f-bdef-b488a83e4582,Tony enjoyed going on the cruise.,1.5322405201244245,Tony was scared of the ocean.,1.5058134497088025,1
52dbbfda-5b42-4ace-8d59-55cee3eb30c0,Ignacio gave up swimming.,1.6060018874802056,Ignacio won a silver medal.,1.5934831105614733,2
1edf348d-6fce-4ea3-937c-28ade02f28b8,Danny decided to go to sleep.,1.6349421747385477,They prepared for the start of the race.,1.5583035313588756,2
0fe46de6-6ee3-4932-a578-268917372566,Mary disliked Pandas.,1.8910451659431413,Mary couldn't wait to present her report.,1.8977539149628817,2
625d1e13-8bd3-40b3-ac45-0b16a549fc69,Ellen ended up winning the prize.,1.7081435294071416,Ellen had to pay a replacement fee for her library card.,2.0165612211277417,1
aa615e4f-83c1-4b65-96a4-6a989d253a52,"Jesse went to the park with his new friend, Roger.",1.8765949705777736,Jesse was picked on by the other boys in school.,1.953106051986856,2
fa0d318c-d286-4c8e-adda-c2590f100f02,Tiffany went in to work the next day.,1.469732721724889,She was in pain but happy to not have to go to work.,1.5334201456328445,2
501c6884-8885-4df3-ae8c-f3f9328fde54,But she didn't want her phone anymore.,1.563448708859655,She found her phone in the car.,1.3944817839608723,2
8d9f72c4-7f31-4e86-8511-e921fd8f78bb,Alice called her mother and apologized profusely.,1.7205960532657554,Alice messaged a cute guy she saw on Tinder.,1.7398850404017805,1
ba87797c-dc31-402b-8740-d30c093d4df7,Ted continues to watch several movies a week.,1.379349912494002,He decides to stop watching movies.,1.4912524154546087,1
384621a9-d9b6-436d-8914-61a93d916015,She loved it so much she planned a trip for the next week.,1.9781001423534472,She was shot and vowed to never go there again.,1.9320680847857559,1
f531b039-67a6-4797-989d-24f716ed4073,Javier decides to get a smartphone.,1.2941248789668118,But then he misses his old phone.,1.3219522518522293,2
60facd71-c194-427a-9127-471d5844785e,Rachel broke down in tears.,1.802248235044684,Rachel started moonwalking with excitement.,1.7989461123922807,1
d4aff04b-ba93-4cff-8b35-7eb10dd9e23f,Ron started collecting bottle caps.,1.743090628096055,Ron applauded the officer's performance.,1.868355490642698,2
8db8ec1c-1d94-4f9d-b71d-3b533e30a1c5,Sam went on a diet.,1.268613837067976,Sam was happy.,1.2869431106612677,1
696b1a71-b684-45ec-8435-7b48274ee411,Larry loved going to the hospital.,1.9713770967995539,Larry became careful.,1.9544681666510753,2
1d14ed7d-5a05-476b-bfab-3e3568a0dd6b,Soon we were boyfriend and girlfriend and thinking of marriage.,1.5471116986638132,We broke up right away.,1.743403205135642,1
9f32f9ef-0b7b-461b-953f-3d7da39bac87,Sammy was not that into coffee.,1.6295019396848547,It worked for Sammy.,1.7567120264433043,2
3972aeda-e5f8-4776-abbb-8566bf38930a,Jared swerved quickly and managed to avoid a collision.,1.6231682095915068,Jared decided to accelerate.,1.6499913559252426,1
411b9523-5254-41ff-b740-e039d0423201,Joe thought about working in the garden as he ate the yummy soup.,1.290626944381449,Joe dumped the pot outside because he hated soup.,1.184703535406886,1
36b638c3-f2d1-44dc-bab1-5bf2a9d7fdff,"Aliza was sad, but she never contacted him again.",1.4813928837155932,He fell in love with Aliza and they were married.,1.3739446316978188,1
80b6447f-4c37-4194-9862-3785e5075463,Lina now knew that candy canes were boring.,1.604483820384871,Lina felt a new appreciation for candy canes.,1.4844048275744082,2
dd3506fe-31ce-4bbb-9000-02c222da3466,They were very friendly.,1.498622229730347,I threw the kickball through their closed window.,1.3102786731560363,1
ad42188e-383b-4c7d-9cd9-906725b7ce12,"By Sunday night, Bev was exhausted again.",1.930184683700106,"Bev got the mail and fed the fish, just like she did every day.",1.4762111569582506,1
f8ff777f-de4d-4e3a-91bd-b197ed13f78e,We walked 5 growling dogs at the park across town.,1.7953252833161153,We had a great pizza at Frank Pepe's pizza shop.,1.699087938176811,2
dfdf2b81-86fa-48f0-8a47-488ccf3e086b,Bernice went to Europe for her birthday.,1.3545235260352455,Bernice decided to get an airplane ticket and reserve a room.,1.2734850236899051,2
de06c035-4c96-4ed0-89c2-3ce71e99e9d1,He was surprised but thankful.,1.847284628017364,Jim thought he was crazy and left.,1.6563069835267905,1
f547c9a1-be95-439d-922d-1417d7f6b818,Randy told his friend how relieved he was he found it.,1.72416355737948,Randy saw the house but kept on driving and didn't come back.,1.8595017217398697,1
195a43c7-d43e-48e4-845b-fd6c75609df2,Watching my brother crash was fun.,1.9843684928209324,I felt very badly for my brother.,1.9378808447077784,2
a11cf506-7d19-4ab9-b0ac-a0fd85a9bd38,Anna felt very fashionable when she left the salon.,1.7894682127935906,Anna really liked her new hairstyle.,1.7629042329572386,1
b8c30925-f572-4ac3-b865-1cba592b6f0c,Sarah was glad they were able to catch up.,1.3669348107985333,Sarah and david went to go get dinner right after that.,1.4250392956741322,1
0a5489f1-beea-4ad6-a6d5-380ba2abd184,AJ then began to feel sad.,1.6695978123572437,AJ let out a sigh of relief.,1.6229194396548912,2
fe3caede-4b19-410a-b08f-84d71b18e9f4,Joe was happy the shirt fit.,1.7015124510284372,Joe hated rock music afterwards.,1.807166014409246,1
e689960d-0515-424b-aac3-5d7160ac2577,Priya thought her food was delicious.,1.338445246640016,Priya decided not to eat and left.,1.3835438375992382,1
57d5152a-77db-4156-8330-166edb36b0a2,Karen hated her roommate.,1.8380308774998646,Karen became good friends with her roommate.,1.7994204961293794,2
726a0fc9-8c6f-451e-838b-c48140817dfc,Eventually I healed.,1.7993212554359386,I found I loved being swollen.,1.5868591739086613,1
696b9d6a-40a4-434d-8a01-aec20c4400a3,Don hated elections.,1.7174057283799136,Donald hoped this foolishness won him the election.,1.634048119767513,2
16eeb330-b579-4a0f-a1e6-0b7aad454c54,They were divorced a few months later.,1.7801451348045192,They fell back in love and stayed together forever.,1.7058085753029053,1
ed614284-2364-4b9c-bc02-5e0aad3d8968,Rachel was excited to hear the news.,1.430948571556452,The vet treated her cat's cancer the best they could.,1.4218204443695324,2
87678fdf-ad4e-4ff0-93d0-039fa451b49b,Jim is very upset.,1.391172174602863,Jim was happy to see the officer.,1.3579288459322343,1
33882739-51ca-446f-8bd0-2bbf7cfcba37,"He said I was paranoid, and charged me $100.",1.874379827964183,It turned out I was allergic to avocados.,1.541587718163163,2
3ef66340-b2fd-4c12-bc1c-b28730b571a1,David then uploaded his new video.,1.5410820769716567,David then had his manuscript published.,1.3644540427443894,2
26b26a0d-d7c5-4c50-bb94-bd236cd6b46f,Boris realized he was wasting his life.,1.4760290143150783,Boris decided to wear the dress.,1.4727475880888958,1
0c0d57aa-92eb-4bb3-8c65-6ce4d89e10a3,The police officer had to give up his badge and gun.,1.5321239107947433,The police officer eventually got better.,1.655739058846991,2
1ad020f7-a18a-45f9-a112-b9ca83afcad2,"When Nathan returned, he felt very happy for the exercise.",1.4982270824582111,"When Nathan returned, his mom apologized for being so mean.",1.459358698285258,2
31dd2600-d4c3-4f15-a336-cd0c32237d06,Gary's parents were relieved to find him.,1.3692674436563148,Gary's parents were disappointed to find him.,1.3193915970109198,1
a9982ad1-a78e-4ab3-b9d5-4f3679d3e043,Timmy was promoted for working so much all the time.,1.5969356906144327,"Timmy then had to find another job,",1.675574872813165,2
a62e9212-e75b-4078-ae68-f56a1164dc70,My time with the minister was very useful.,1.6478543582362002,My favorite card game was poker.,1.6776643842969554,2
67cf2fb0-431a-404d-9c9f-826dd2d3472b,Amber enjoyed a relaxing two hour brunch.,1.4237408290709288,Amber was so hurried she left the list at home.,1.649201552538473,2
dba303f0-ede3-4834-aad4-767eadafa744,She bought a new couch to replace it.,1.7303593100665873,Eve thought the couch was very comfortable.,1.770430316626622,2
7c183d9b-d1fd-414f-8c95-c17132422732,He found a very large spider there.,1.7569740945530397,Jason took a hot shower.,1.8332455849741403,1
5b6f539e-eb73-4ca4-b359-a1f85e96effd,Her boss fired her the next day.,1.7834596661516842,Linda and the coworker ended up being best friends.,1.7495851946228944,2
cb1dd642-75fd-43ae-bb80-d019a2a9cb8e,All of the presents were wrapped and stored for the holidays.,1.4314831481773527,She returned all of the presents for cheaper ones.,1.422014044834396,1
0f797de2-3d82-46d1-a370-c278a36ad785,She was able to get off drugs after some time.,1.6699444668664787,"When she arrived, she did drugs all day.",1.6302937678498237,1
6623b60e-9200-4019-9a95-521adc03524d,He is thrilled about his new responsibilities at work.,1.5582580753147552,He realizes he might have to apply for public assistance.,1.6987455586754598,2
57f0ad88-0dad-4cce-95da-30175ff0ba40,Bobby had a good party.,1.6876905520000047,Bobby was mad at his friends.,1.623202549465092,1
a5ac20db-ed05-49d7-8960-2035a9dce14d,We want to revisit someday.,1.5264638224868063,We all vowed to never go back again.,1.5652249733160406,1
3f191c72-305c-487d-8da0-7335fedc270f,The clothes were filthy and unfolded.,1.0982011174412492,They then put their clothes up neatly.,1.0780655901466039,2
dacd5655-337c-4c89-a87f-edd54067cfb9,Timmy went to the mess hall for breakfast.,1.8846553434380666,Timmy spent all day cleaning so he could watch tv.,1.8188622875148486,2
85cc4bad-5cd3-494f-be90-e3c16e512cab,My daughter was disappointed.,1.5883653512213332,My daughter was excited.,1.4745716331977161,2
7e12768d-0e37-4940-9dcf-186ba3916660,Pam was a lousy hostess.,1.6170989996629355,Pam was a good hostess.,1.7020659962321052,2
d10f40c6-f5f0-4273-82e0-90aa22520588,Ellen liked the negative attention.,1.9401648312932516,Ellen was appalled.,2.0353137268167822,2
322525fb-6970-4c56-89ae-375664d8e320,Jim decided to devise a plan for repayment.,1.8324109992961888,Jim decided to open another credit card.,1.665587650861132,1
9bc05c17-a739-462c-970c-f5279779f3a5,The judges vomited from the taste of the donuts.,1.4858177314333816,Tim won the baking contest.,1.5826157627547917,2
9843660b-4a86-4cae-b6d7-03d73b88426e,Now I don't try to make him wear training pants.,1.6573213422081607,Child protection services removed him from the home.,1.7030064310844422,1
e721d415-d8b9-479f-a476-bc3f3a239140,She went outside to fly a kite.,1.3888691328109681,She was relieved that it didn't hit anything.,1.4090989085367,2
9409bd0a-fbdd-4450-8b41-5aac05fd5c36,It broke and Jill felt dumb for believing the hype.,1.6571474931185661,"The cloth ripped in two, much to Jill's surprise.",1.6421296233925746,1
00d73c9e-6441-4b23-ad78-f33490a6a1ec,Addie was put in jail for her crime.,1.722769906023911,Addie was relieved and took deep breaths to calm herself.,1.6820304356254359,2
a2685475-307b-49a3-85f8-07b32c63e062,The manager hoped Sean would perform badly.,1.6234829863736968,The manager wanted Sean to understand everything.,1.5436527595033502,2
1bfde41c-01ea-4af8-a5c3-706b8af6cec6,Fred cancelled the bet at the end of the month.,1.525077731776889,"Fred ended up winning the bet, and the $100.",1.5730780091877812,2
749b0981-388d-4deb-83d4-b4bc35b4a168,John loved every second of the skydiving trip.,1.43223812015047,"When he woke up, he had already landed.",1.5933650836033477,2
7d9b0578-4621-460a-9d67-9705079b0a1c,Gina hated her grandma.,1.789485782431427,Gina loved her grandma.,1.882112814595589,2
71db6e1d-bcb4-4849-bded-f252a32c927c,She couldn't resist so she bought the antique vase.,1.552909164342554,It was kind of expensive but she decided it was worth it.,1.6988422011120896,2
41548819-7537-4bbe-8c20-ba78feb5fe0d,It had been a very fun day.,1.5695695722570662,Tyler felt like his parents never let him do anything.,1.363409718926869,1
e4443872-3ac9-465e-9d99-88ab9720da81,"After all his practice this week, Jimmy has learned a new trick.",1.5552937021501703,Jimmy has decided to give away his skateboard.,1.607583256129836,1
aa03cc32-e85b-4710-8120-aeaba4af65b0,Maxine doesn't want to go on the date.,1.6813475808370426,Maxine gets laser removal next time.,1.8112868959028248,2
bcde1c24-5e48-4ba9-a8b5-362db0db0129,Ryan loved how his bike looked.,1.7074887957923575,Ryan decided not to ride his bike anymore.,1.5975870829821368,1
107793ec-8721-4897-b0de-17db3578fc10,The sauce burned and stuck to the bottom of the pan.,1.554596151279662,It took forever for the sauce to heat up.,1.6996697273670271,1
0f36f4a6-da40-4c61-a4cc-db237df8f1b6,Nick beat his girlfriend and she gave him the five dollars.,1.5614406381464088,Nick gave up because he didn't care if his girlfriend won.,1.5942190084421746,1
ae91c584-b9d3-4a0e-b166-6928531d1bed,We felt pleased with our performance.,1.6340122107752268,We felt we had performed badly.,1.636168428255981,1
bee259be-fcd9-4043-9047-0e199aaa8214,Michelle gave the cat to her neighbor.,1.4982091679306817,"Michelle named the cat, ""Socks.""",1.6329517808681364,2
45896107-bb21-48b8-845d-619d8c19bc34,Neil decided never to return to Ireland.,1.5390147854842475,Neil enjoyed Ireland.,1.7126690236161928,2
f36a34dc-1b78-4af1-9e48-5ec9d369feb5,Mary was happy to be showing off her dress.,1.415471303967538,Mary was upset that her dress was ruined.,1.4145600951994743,2
49c51e74-be6e-45b9-a223-4c0835ad76c1,Scott gave him a high five.,1.6150437579254837,Scott apprehended the perpetrator.,1.674055507577945,2
f8594fc8-df33-49d7-a5a9-045765ca8eda,Colin stuck to his budget and only drank 2 beers.,1.6296998780924632,Colin drinks beer at the bar all night.,1.7009838268079742,1
ab1265ac-d06e-4bad-ba0e-0219d63d3357,Jordan knew some conversational Spanish by the time he moved.,1.7635356935876003,Jordan didn't like fish tacos at all.,1.7607762637588986,1
c71454d3-16c6-4852-bb0e-1149fd2b0e52,He never worked out again.,1.4127815103010852,He was happy with his decision.,1.5224795767275978,2
d3615153-cfb9-4583-bd93-e1814c250a1c,She finally got her chance to play in the match.,1.38788424916469,She asked the coach to find someone else.,1.6068558074251746,1
1be803ad-225f-4b93-a5ce-3d96deedc495,The doctor told Tim that Emily went for a run.,1.5659282735714442,The doctor told Tim that Ellen was finally pregnant.,1.5782633573806604,2
b64b9a40-4e69-4381-ae49-035edf71a232,David ate a cheeseburger.,1.3868664019756607,David promised to be more careful in the future.,1.5625708502988962,2
e5ce589a-86a4-4f4e-9a51-87220abdf821,Neil played baseball.,1.6793803257101705,Neil played in the competition.,1.6008246251522718,2
e2f74079-bcd6-485a-80c6-24be4fca4ae9,Cam has since decided to insure his belongings.,1.8579523293806075,"Afterwards, Cam was able to sell more books than he ever had.",1.6649797254076353,1
c473c07a-630f-48e2-b6dd-ebb34d815fc2,Rosie's teacher loved the gift.,1.583613205705077,Rosie's teacher gave her detention.,1.5111650489859891,1
8ae17467-e396-4f89-9d2a-eeade4539358,The man is furious.,1.7487157896758516,Ebay is a very reputable company.,1.5129093098974533,1
8e61c1c5-582f-4379-b332-dcb96faf3bf9,"It cost a lot of money, but he got it repaired.",1.7369321990883972,Tom knew it would be expensive to repair his boat.,1.6682004418994087,1
a28a894f-ea54-438a-93c5-cae7e4564ec4,Harry didn't like theme parks.,1.7295020165379356,Harry had a great time at the park.,1.3717040992032254,2
932e37d4-1305-4e54-8fee-ba649e7c7206,My teacher suggested I pursue art school.,1.5968489780274182,The teacher agreed to discuss it with me.,1.750172562816983,2
f935f831-38bc-4b00-83c6-3891a4dacefc,Leah was very happy to hear the news.,1.4728878687749192,The game was canceled.,1.6523773765270655,2
345e1032-0c47-48e6-9968-e04baa479d06,She decided to buy more toothpaste.,1.5838801201578514,She was happy to see her wrinkles were gone.,1.6181096528338494,2
bb5695c6-6c1c-4de6-b56c-6b23077d3df5,"Annoyed, he contacted the retailer to complain about the damage.",1.4302794162086638,Harry spent the evening happily taking pictures.,1.548594634929743,1
6ab897f0-4f61-40f1-afa6-e9485e44316d,Jasper quits his job the next day.,1.4793743601195377,Jasper enjoys cutting dead animals.,1.596086963613097,2
1a2bead1-a985-44e6-966c-44c4a77afe37,I couldn't wait for my friends to leave.,1.7422541546503316,I loved throwing parties.,1.9251615266123763,2
ed448375-accb-4425-b7ed-e5af03f0d477,He finally received a job offer.,1.4732975454692088,Tom was sad about leaving his miserable job.,1.4119686249712446,1
5488ad4e-968e-4113-b3f1-23a27e40e52a,Paul was furious with his mom.,1.6736823301245016,Paul got a job.,1.6326284987223967,2
0aa4d795-2af4-489d-84d2-a3476cfc9019,"Harvey choked, and lost every match he played.",1.7279027002608047,They all sat with their mouths open as Harvey beat them all.,1.728608242726466,2
666d1b41-7e20-41cc-b6a7-5bc3eb9ed7b7,I then realized that I was not good at math.,1.4479555225132148,Then I knew that I was great at math!,1.600425778302832,1
08f3861d-5511-4f65-9611-0c67ec71561c,They bought another red car.,1.41134658887079,My parents bought matching mopeds.,1.266897795217866,1
05f5c44c-6d88-4c50-8c88-d9ad55fbaa8c,She acted like a brat and threw a tantrum.,1.5067652902960853,Gina doesn't care about electronics.,1.5198675582559136,1
e7be4ea9-4bb9-4141-90d5-351d6377c9fc,I realized I needed noise to sleep.,1.3674336408863392,I realized it had only been the wind.,1.2383410349594803,2
8e5c1dce-bed9-4754-9565-89b1d10b1aec,Gina and her mother went immediately.,1.6630195771556942,Gina decided to walk instead.,1.4763513597353954,2
9a37e0a5-a537-4af1-ab7d-c39c440ee8d6,He then went to sleep.,1.8628511300052195,He now loves to go hunting.,2.0199656397907706,2
0e499832-cc4e-459d-a066-de6e73aa77f9,Jay thought Burger King was awesome.,1.829751537281257,He'd dug in the trash for nothing.,1.624864014684548,2
1b99f1e5-e8e4-4ae9-b05b-e5c8324e8768,John was a troubled worker.,1.498155962989422,John was an outstanding worker.,1.6373113264066488,1
66c79a45-25be-4066-9d36-016637bd57c5,Kev was excited to try out his new gun.,1.6904144300195385,Kev decided not to come hunting.,1.6085268885509583,2
598c2da4-91cb-4adb-8d09-0de672cdebe8,Emily decided she didn't want the concert ticket.,1.3312421749316083,This was the best birthday gift Emily had ever had.,1.2873807695429318,2
d46e5bd9-8a43-4670-b8c7-fe56f59cceae,Lina hated donuts.,1.778183983737153,Lina loved her new job.,1.8524191328675699,2
5183072a-7b29-4a2e-80bb-120f3fcd8bda,I was invigorated when I got home.,1.6041771514181722,I was tired when I got home.,1.671668571791652,2
70e3a2c2-6e8a-46cd-9948-2005e1e6bfac,The new forum was theirs to rule.,1.6553233476234612,They returned to the forum later because they liked it so much.,1.6593712632025825,1
f2d60888-a0aa-4da4-b744-57ac10ae6dc2,Donna had a much easier time because Ty was asleep.,1.8014302978508758,Donna wished I would wake up.,1.8974063152142553,1
52255569-a048-4098-b40a-a9a96bbc754f,Gina was angry that she went to the library.,1.59834846635205,Gina felt more calm once she arrived in the library.,1.5632392886586697,2
8585d876-38ad-4846-a5b1-3b8fbd3d8f72,Vivienne soon received her visa in the mail.,1.370530212103155,Vivienne was not granted a visa.,1.369759597233343,2
a7dcd6a0-c9a3-4aa0-b2ed-3e80a03b2dc7,Frank enrolled in a marine biology class.,1.5109126563884263,Frank bought a water gun the next day.,1.4779596026810595,2
1658b490-24a4-4f83-a42b-e6c679d0c2c2,Gina's family was glad that their toothbrushes weren't packed.,1.284637752325217,Gina felt guilty about forgetting everyone's toothbrushes.,1.412046001303553,2
796ab4ea-12d3-489a-b7e8-fce2b430107c,John commented on how badly run he thought the place was.,1.3656668027866223,The manager decided to offer John the job.,1.3135948405501034,2
09609ed5-1852-4e76-af8d-f08de3742d15,Ben made freshly squeezed orange juice from the oranges.,1.328191107934969,Ben sipped his apple juice contently.,1.4931279727910902,1
fa694d55-2291-467e-837e-cee613230e8c,Reg hoped it would never snow again.,1.7187351072942607,Reg hoped he would get another snow day soon.,1.5114756414201964,2
37c168f2-e2cc-4117-879a-abcce85af37f,Caroline refused to open the soda.,1.8346328126242482,Caroline opened the soda and drank it all in one gulp!,1.9497406458919078,2
fb9f8eff-5f05-4cd8-bb99-3ca886845607,Tom got up and went for a swim.,1.343167755927814,Tom enjoyed the roasted marshmallows.,1.274559603904458,2
b0c7b950-cea5-460f-b573-a55e692120bc,He promised to pay her back.,1.5891988455243091,Bob ran away in terror.,1.6248262926389825,1
5df5e38b-ea80-4122-b43e-1cf116a83e6a,John did not have a gun.,1.8619533677267073,John was surprised.,1.9631512684572239,2
ba6d9c84-d0d1-4806-964d-2573c08e67c5,Neil was not interested in Egyptian history.,1.6338216154198195,Neil had an amazing educational and cultural experience.,1.456320811808867,2
98826835-a7e8-4441-b37c-36f2179d7651,John knew his papaya farm needed new capital investment.,1.6554310684616609,"John ate, but told his mom that he never wanted to eat it again.",1.6020385593568827,2
cc2f14bc-8e8d-4c36-9a14-a7e9e89ac52e,All my socks were accounted for.,1.7331237125960823,Eventually it turned up.,1.5973501972312416,2
bb4840dc-d637-4183-809a-567bb67e9935,Alex next ran for a seat on the school board.,1.5622009638146062,Alex resolved to always check his shoelaces before leaving.,1.5679848670821999,2
08e30459-3e8f-43f0-ac30-a4f367168e45,The people watching him congratulated him.,1.5838065715649932,And thus Sal gave up on magic.,1.578924226099648,2
c4d8548b-b1a0-4d5c-8004-bbe77d21b4a4,Javier went to the convenience store after school.,1.644262039789267,Javier began playing handball with them regularly.,1.6833797272626443,2
f3b25856-827a-42ba-8ca1-0426c1b01219,He bought a big package of AA batteries.,1.518422760053661,He bought another remote control car for himself.,1.436049746655168,1
31e7354c-de3a-433b-afcf-fa8885569007,Mim pulled back onto the road and drove faster to make up time.,1.7436231630604637,Eventually it stopped snowing.,1.6281865500325372,2
64abf5b2-354d-405a-a0c1-ba141fba015a,We brought home six bags of items.,1.736658302891331,We went home without buying anything.,1.6938693850134712,2
8cc7c8cf-053b-48e2-8d4d-6f520490e9ac,The swing was pulled around violently in the wind.,1.7575106876193947,Her fear melted away as she swung.,1.6906058198241058,2
393f121a-4cd6-4781-95a3-76f88137c1aa,The Malamute's owner never took him to the slide again.,1.7971926922128552,The Malamute eventually tried to slide down the slide.,1.8837662855655193,2
0fcbf8d2-a63f-4d37-b304-003c10570638,Tim was very happy to be remembered.,1.9825117940701387,Tim was annoyed by the attention.,1.930891086441301,1
9669f392-85d9-45e8-8dc5-2b3d93b897ac,Frankie went to see a movie.,1.7455333882815034,Frankie found another man.,1.6439904571958153,2
538e9d85-3ff1-483d-b8de-0c62348d225b,Nancy caught the pie and began to eat it.,1.572990872309137,Nancy began to cry and felt humiliated.,1.74434066268031,2
1295799e-8cd2-4da6-91cf-7515acbd14bf,He eagerly applied for it and was ultimately hired.,1.750943035679424,So he decided to go home early that day and quit his internship.,1.7821163326412703,1
04e42093-ebd7-4b56-990f-e34f397e13bb,Kevin bought a house.,1.8736927258773903,Kevin used the money that he had saved to buy a sports car.,1.740484664617584,1
78a60b56-2e3a-4fd6-a74f-b5b86f400540,Joe went for a run on the beach.,1.417748131654744,Joe asked the accountant what happened.,1.3476573896369552,2
4a030972-fd37-43e8-b44f-6920cf9355b7,Sven was caught and jailed shortly after.,1.9765212870310802,Sven donated the money to charity.,1.9094623870970608,1
3b754b95-8b0a-4d6c-87f5-158d1de303d9,John eventually beat the cancer.,1.7430740876351694,John hoped he would not get well.,1.87001989725709,1
2f14cad7-8f3a-4a54-b7d8-206c515b780f,He stayed heart attack free for the rest of his life.,1.9104619509326521,Matt celebrated leaving the hospital with a large steak.,1.8410708745312125,1
f9079515-f56d-4090-8b26-0e9d93dcb731,The cats made a mess out of the house!,1.5886788938618046,"Both dogs enjoyed playing together, anyway.",1.7090452140140833,2
98181079-1081-48ba-bb83-031bb0046b92,I had a hard time falling asleep that night.,1.7817615815245689,Overall I was dissatisfied with the night.,2.031435442318184,1
c21420d2-5652-4f20-9e1a-9f86a551e4f2,"Louie walked across the sandy beach, lonely.",1.5554071242108958,The dogs seemed happy to stay together.,1.7046160151340808,2
3c771b38-ee3a-444c-9fc1-36748ff391bc,She started losing weight.,1.5131749962041767,She gained 50 pounds.,1.644781235054944,1
826d3ed1-77eb-401a-a8c3-2770c0523481,I decided to throw the ring away.,1.7518473567868518,It came out sparkling.,1.835418571546503,2
86b42126-6fee-4bb2-94f0-5c8cecd375aa,Gina stopped volunteering because she felt unappreciated.,1.7593500003843072,Gina was so touched she cried when they gave it to her.,1.7643208232272007,2
741833b1-bdf1-4be4-ba01-2a8ca81ae7be,Gina continued to stare.,1.8202043448933845,Gina was disgusted.,2.004526748606606,2
1a61f7f6-0945-4905-aef9-adb2808c22a0,Pamela received a full refund and a free urn for her troubles.,1.5912307829803178,Pamela was happy about her purchase.,1.576777530999571,1
fe12762c-51e5-4bcc-8a08-667ce3304f69,Jane was happy she had to stay and clean the office.,1.5492434312826753,Jane was disappointed she had to stay and clean the office.,1.561323428619532,2
bb63a874-2cf1-4ffc-8f75-b403c0b26be5,We will never rent from that car company again.,1.5473392873675467,We look forward to renting from that same car company again.,1.6229110653760868,1
432c8932-ec99-42bc-82ba-87d4f10ef17f,Frank will save about $25 a week making coffee himself.,1.6533747551767262,Frank switched to tea and donated the coffee maker.,1.7591104269625935,1
befe024d-d480-42dd-9710-7eb1bdb7ff8a,I had to call to find out what was going on.,1.8140148114202548,I was happy with his service.,1.8275069741641579,1
2fcb96c1-3717-46ed-aa94-165151fee791,Dad and I love popcorn.,2.049205304468095,Dad and I hate popcorn.,1.989054080465046,1
aa94f624-fe3c-45c4-96b8-6cf486bd4302,Lou was finally able to lose weight.,1.5613167041445015,Lou decided she had lost enough weight.,1.6204606251866862,1
6f96532b-9bc0-44d0-84fd-6bb7b99d69be,Betsy felt really bad for the rest of the night.,1.7577785982822727,Betsy wore the monogrammed necklace when she turned 14.,1.757554568136094,1
da5ec41e-4fd5-4a1c-b2ad-67fd6c8b1165,"When the time comes for her to sing, Joy faints.",1.4686046986975412,Joy's juggling act delights all.,1.2929136110260127,1
200f7c71-d985-46ca-ae40-4f2d1e34802e,She threw the wig into the trash.,1.4021201550551958,She gave the wig to her sister.,1.3301339913682064,2
217a2486-e392-414e-ba52-3bb13ef79793,I really enjoyed having my party with friends.,1.8317118829081878,I was able to catch the snake and get it out of my house.,1.3243219689590306,2
b9efb3c3-2239-4d6e-8a6d-2092fafe7012,She had the worst nightmare of her life.,1.559295942382359,She fell soundly asleep.,1.5149834660226436,2
8f38419d-c80d-40b0-8770-3a8a86e4a5ad,Jane decided not to participate in psychology experiments anymore.,1.5897104019108927,Jane was finally able to earn extra money.,1.5838009895558518,2
f1076e8c-eb8f-4b71-84b4-3c433b7235a7,"Finally, all of his number were read and Jay had won.",1.6051705513122632,He decided to stop watching and threw his ticket away.,1.615774497717117,1
8deede16-2f24-4579-970b-047ad9d23141,James was worried because he beat his boss at ping pong.,1.3794765326336953,"So, James bought a ping pong table to practice at home.",1.4685883860082214,2
b8b93e71-5a93-4092-931d-6271bbafa1f7,She decided to watch a movie on Netflix instead.,1.6686958451336122,Joyce decided to buy a cookie instead.,1.534293817430345,1
d16e2710-0a1c-4f4b-8be5-4bf9bd4dfa69,Lester's team plays against the other school's basketball team.,1.4773028388169331,The other school wins by a huge margin over Lester's team.,1.5741802312309927,2
5cd09381-9d02-456a-bcd4-0d45f9ab0db3,Jessica was disappointed because she wanted a real pony.,1.6703932707722695,Jessica loved the puppy she got from her dad.,1.5210096824119257,1
21deb4c0-ef25-44fd-91f4-35b4bed8a75e,Sal hated the brace.,1.628070348995265,Sal was glad he decided to jump rope.,1.7340486806181419,1
0c183cc3-d281-442c-ad31-01f93cd9e281,Julie makes lunches for her son who is allergic to eggs.,1.5175187994191652,Julie gets busy making lunches using the boiled eggs.,1.37945617485674,2
fe5a613d-b6ec-4f31-8d2d-007018b092ec,I enjoyed visiting the zoo.,1.3425831883588044,But I didn't like zebras.,1.294547348571183,1
49cfda84-e8ff-486d-bf67-cab8f972a748,Bob was very happy about this.,1.3405127167451045,This made Bob sad.,1.417649043992849,2
fb466251-500e-428c-a120-a0c6887eb37f,Jennifer decided to save up for a car so she could avoid the bus.,1.403055411344545,"Jennifer's cat came home the next day, acting very hungry.",1.5285706924998845,2
28531a23-ff54-4d75-a108-c910d32c6147,Peter was mad at his friend.,1.6543537574308156,Peter was happy his friend gave him food.,1.441773280495667,2
23ab455c-ef3c-479f-90a5-4acd8e1ac3c9,Dan never liked to bowl anyway.,1.840450742178965,Dan now bowls often to remember his father.,1.7391987223949132,2
ea4c827b-b5f2-44df-8d39-7373cb35f1ae,Billy was very methodical.,1.514621498461453,Billy was very disorganized.,1.5562621970374428,1
a8869d8c-54a0-48db-b8ea-7fee53e32008,Bob stopped talking to those friends.,1.7823529653728323,Bob had a great time.,1.7608779391691611,2
c2699d68-4f16-44d1-bff6-6a66ec266a46,Mike never liked Jeeps.,1.6379837320519535,Mike bought the Jeep.,1.447565881596954,2
b34dfd2a-4ae5-456c-85a9-7c4ee0b58248,Fred came in last place in his karate tournament.,1.415724300856902,He came in second place.,1.4741250709934361,2
87ed8e67-02f7-46dc-b0e3-82319328557a,He broke all of the pots he made.,1.4768213592759152,He was very proud of his pots.,1.4525131224154362,2
cdc35d15-ea89-4410-bdf0-fadde0243985,Joe decided to get some ice cream at the store.,1.6282033013320645,Gina's sister had to go to the hospital for stitches.,1.6023383676796343,2
da033578-7efb-43b4-875f-adeefea0fac0,I now play twice as much.,1.3963422259037355,I no longer play the lottery.,1.6659324819409775,2
3b0fdd12-aa51-45ec-9808-79b308ffe722,The librarian kicked the man out.,1.4420749833086526,The librarian thanked the man.,1.2470276104418065,1
fedc6a43-057c-4684-ad11-200180ade0d3,She researched methods of lawn care that took less water.,1.8754892087922208,Quinn's yard flourished under the heavy rains.,2.0400883386837068,1
60e826cc-3f0a-479e-a79e-319935d39b58,Pizza was first made in Italy to represent the colors of the flag.,1.7535624980454203,We'll be going back there often.,1.8173678405113391,2
471e2283-f8c4-4e45-9c87-40c815fa73ac,Cheryl made more money turning tricks than at her full-time  job.,1.9575281222271004,Cheryl loved the dog and prayed he would get better.,1.8432001376979685,2
463dd0de-6558-4e40-b5a2-b3a202f6856b,Bob hates tattoos.,1.5329904891329669,Bob's girlfriend really liked his new tattoo.,1.3694023451239719,2
f03ef931-1c90-4b73-8e6b-f3cb9aa702fb,Dan decided to call his old girlfriend.,1.5887877913009827,Dan was no longer lonely.,1.573908975542337,1
0b9c5ee5-9ce1-4195-8ed6-01956f15d659,Shawn missed Jane every day.,1.4396932990486393,Shawn was happy Jane was dead.,1.447394389733195,1
f6292a35-f8e1-4b62-9592-a1f603bec68d,Mary was always trying to make Gina happy.,1.572071250096733,Gina's mother had to call Mary's mom to complain.,1.3661720468685923,2
056235a2-84cd-4c99-9652-1e0773797143,Bob will be careful that he never eats at that restaurant again.,2.021696480725293,Bob's decision to embezzle from his employer was a mistake.,2.0359445346268497,1
a1ecda1c-7f69-4721-89ae-fb2e6ca9cb2f,Tim felt great.,1.738575118398444,Tim was happy for me.,1.6731450494245959,2
31e16ce0-894b-40c1-a142-261ca16baddf,Kim was glad people were inspired to imitate her.,1.476685781915748,Kim asked her friends if they wanted to go to Starbucks.,1.6221296774338922,1
d87b0656-9f88-4247-ad95-644c64d38754,Ben decided to retire.,1.5651908039307605,But then he did find a job.,1.4975157444451779,2
95ab463d-7d6d-4dff-9454-69d5abadfbf0,The teacher gave Gina her phone back.,1.6912662252527975,Gina's father agreed to pick up the phone for her.,1.5635296287094644,2
dd1cbc2d-75fc-4fe7-92b8-cd986d80140a,I found that playing Santa was not worth my time off.,1.3667055741816156,I found that playing Santa was the best second job ever.,1.4289134668229975,2
474c61d2-2b1f-4d12-9274-a85cea5bfa2b,"He was a little mad, but I just laughed.",1.7524254309505252,He never did understand the best way to fry an egg.,1.663928833578588,1
430d9fb6-7fb0-4cde-9ae5-c81ca4347109,Candice gave the money to her mom.,1.6491197951049732,Candice bought a new purse.,1.764438691243248,1
33675fd9-8bb1-4739-b677-9939a01c3b43,We were pleasantly surprised!,2.205110388771363,We were scared!,2.4052035527333935,2
313197bd-b309-4eef-9f8c-b0ee6e14fce8,Cara threw a party to celebrate.,1.6496016727565779,Cara sat alone and cried.,1.712153020482305,2
8d81ed6f-9c29-468f-85f9-3ffe7a4d58b3,Ellie ate the fish.,1.2854673692093674,Ellie thought it looked great.,1.5289100332686596,2
d6638b4d-72ff-4d36-b37a-065aaf871591,Juan was always impatient.,2.025293471630184,Juan was hardworking and patient.,1.9667609490469868,2
e32919fb-7b84-424c-8825-a9a5ca420958,Jim and Tim become good friends.,1.6249385401106025,Then Jim shot Tim.,1.6767363037430159,1
254a99c8-5a3c-4cf7-8bf9-e99f8b613cc9,I made the cookies.,1.2664908647403619,I made roasted pork.,1.542039654088173,1
25561b53-b8fc-44ef-9d22-384325cdcf66,Sal was excited to be an instant millionaire.,1.4809293039121627,Sal decided to keep buying lotto tickets each week.,1.499360644490007,2
823343e6-6721-4692-ab53-1f2e28cf9d4c,Harry decided math would be a great topic for a video game.,1.4432178947265633,Harry finally overcame the distraction and returned to his math.,1.3878085410107235,2
0f1277f9-f7eb-4133-a067-8012ec4ce4c4,John was relieved.,1.7454446464437336,John was very upset that the ice melted.,1.5263434660236885,1
3dcdf416-5329-4190-b492-4b83c3c17d5b,"Sadly, the concert was canceled due to sickness.",1.5331096130333997,They had a great time at the museum.,1.4081085247619731,1
ff6a9be8-35fd-4371-9337-0a487aa6bcbd,He was relieved.,1.9003055113323752,Rex did his first ever cartwheel that day.,1.7911221006543125,1
93b3adbb-d8fd-4fec-90a1-2f4818cf878c,Judy and the son arrived shortly before Hal.,1.5567561994549375,Hal turned around and went back to the old house to live alone.,1.4638548722504678,1
4b8f1d1f-9b00-4af4-bd25-ed71e9536b55,Joe and Tim stayed friends online.,1.57883545970848,Joe then punched Tim.,1.6319560224838194,1
39ec0a97-fd2f-46cf-95e3-a2c6db74f022,Jenny's boss gave her a raise.,1.6002844940241494,Jenny was worried her boss would fire her.,1.58923366158088,2
35dd81de-9d73-431c-96a1-fb19b59eca7f,John ended up having the most.,1.739253948119318,John then went golfing.,1.6816037588482795,1
1b06e78a-3f2e-4445-a72f-780b27f3f40d,Brandon checked the next day and found 50 cents under his pillow.,1.3600060523115483,Brandon bought a bar of chocolate.,1.3836060140597572,1
0da38645-9c97-407e-9ef3-5a2058ebcd9e,Kelsi had no interest in the pool her parents bought.,1.4355217384555774,Kelsi loved her new pool.,1.2172423336219993,2
669aa4cd-bc3e-4c4e-acf7-f406844d697c,The taste was worth the price.,1.522914374388409,Rick had so much money left.,1.415388230722745,1
74c29734-503c-4412-8716-bdeac83ee64a,Ann and Tori continued to shop.,1.7022570499104792,Ann and Tori decided to stop shopping and work out the issue.,1.641330875872241,2
7c079852-8137-49e1-96f7-ff6ae8c1b904,Amy threw the instrument on the floor.,1.6108441675113478,Amy gave a wonderful performance.,1.7055797993994832,2
f9b8a4d5-c5bb-44e6-95be-1bcc52af40db,Joe left his son unattended to move to florida.,1.5048150395688917,Joe's son did not stop laughing for hours.,1.5491691137204702,2
0a7b177b-7671-40ba-9a36-72ef45b651a6,Gina's father grounded everyone for a month.,1.9360143468438564,Gina's father was proud.,2.012417183250306,1
13fb2312-d2ad-4561-8a05-7513e63442bc,She refused his help and walked away.,1.846735969897907,They ended up going on a date that night.,1.830382109679514,2
f6830a2a-5ab0-47fa-812d-703362717fb5,Samuel could not read.,1.983358811853263,He loved it!,2.147340700549476,2
928d6e7d-0b05-4027-aadd-49f08b02ea60,David hoped to play really well.,1.4549827498100303,David really didn't care about that game.,1.5994665812116446,1
16c3e3c9-c7fb-4c0a-9a22-65e9209fc338,Tad was seriously injured.,1.8901940366639103,Tad's car was in great shape.,1.6829143959969477,1
8290bb38-7526-410d-b63b-84b2019d4657,Paisley decided to break up with Danny after the picnic.,1.6999752847574445,Danny was happy he could share the picnic date with her.,1.6158337745584996,2
32075b85-b08a-4503-ac1a-f8d92d2fa29f,I decided to glue the hair back on.,1.4608346519817288,I decided to get it waxed.,1.5321325928643794,2
03ba1bda-c31e-4201-92bc-b5b35b3f0aad,Oatmeal became my favorite food.,1.7936793750764652,I hated oatmeal and didn't eat it anymore.,1.7363985809654927,1
6b9941a8-213c-4e54-98f5-81e437bd2926,He was very full.,1.2840892081947561,Charles mother was very angry.,1.3269864062213863,2
aaa5c492-d3b2-40a7-bbd5-6b8e21e1003c,Kelly was unhappy.,1.8050610943421463,Kelly did not know how to read.,1.9331370462046715,1
c73cbbee-b51a-42f0-a3d8-22b8fc732b4e,She was happy that she didn't have to wear a vest anymore.,1.4364875166256152,She was upset that she didn't have to wear the vest anymore.,1.385579436152565,1
8a3f1af2-3913-4a4a-a234-136733984d4a,His son got just what he wanted and was quite happy.,1.6352073061479924,His son was bewildered when he unwrapped a dollhouse.,1.6476796478135611,2
1642a31d-5568-4ec6-9004-7470b35360f7,She was proud of her body.,1.5932305772177835,She hired a personal trainer to help her meet her goals.,1.5716530260472867,2
4ca3ce4c-637e-45e8-9d94-d0da28effc6a,Kurtis trembled with fright.,1.501731898779122,Kurtis laughed and danced around the campfire.,1.4417849951279358,1
237a2426-779d-4d2f-8878-cc1d9895ed5d,He had always wanted to go surfing under the California sun.,1.4934177869325247,His favorite moment was when he got to feed a baby koala bear.,1.6884144425374117,2
4014fd4e-036c-4e93-973f-3eb49ce21fda,Joe was happy Jeb loaned him the money.,1.754920143089813,Joe got a job so he wouldn't have to borrow the money.,1.9698439191666859,2
7acc2db4-2324-4bf5-ba56-194007e0bb65,Her sister came and apologized.,1.3273853903864516,Gina thought it was really funny.,1.2588548888202782,1
b753ce86-ad90-4ca9-8816-215f0f968a30,Ann felt insulted by the lady's offer.,1.6052496246855177,Ann came inside and watched as cakes were being made.,1.5123254162667024,2
001df42a-7c6c-4bee-bbb8-21950fe87d2c,Kelly was glad she tried new flavors.,1.6183367844708674,She threw up.,1.7445426539078062,1
2e80030a-9ade-4fdb-b693-444100733c1b,Rory had to buy a school lunch that day.,1.6832464134084817,Rory at the sandwich.,1.6724442949417861,1
c57088f8-7a4e-4826-9d91-2065f345a4ee,The boy bought a bicycle.,1.5196871839853148,They bought the car.,1.4953972551854968,2
fa89b431-41a6-4ab5-a1bf-f244f1c0ad85,Her dad caught them and scolded them for sneaking out.,1.5151818092621396,Her dad greeted them warmly as they arrived from their trip.,1.5940558383245058,1
2b38b3ba-ce90-414e-8114-88f601631444,It became too hot and dry for Tory to go out.,1.7611989509326094,"Tory had to wait a while to buy his AC unit, but it was cooler.",1.8255076133388777,2
2ab4f4dc-7b16-45f5-8b72-99d8d10be148,I put it in the middle of the room like my mom suggested.,1.614100914563437,I put it on the night stand in the corner.,1.7234538256380632,2
187b118c-c70b-4afb-9b41-5c1e09887858,"After a few years, the States decided to return to England.",1.436497372691967,The war was called the American Revolution.,1.5356982707615305,2
765b576d-0989-450d-93df-1b2d6c329a0c,Cole was upset that all of his vegetables went to waste.,1.691850477076642,All the members signed a Thank You card for Cole.,1.88515030468313,2
9923091f-49f3-4ce5-bd9c-fd01f284bfde,I decided to watch movies all night.,1.6143756962336846,I had an early night.,1.692502870029461,2
6b666c82-cfcd-4447-ba48-f91fcb27c170,Bob was dazed and had a cut on his forehead!,1.3912886427731634,"After that, Bob was nervous about going horseback riding.",1.4516994593190018,1
11abdce5-a150-4ea4-b76b-4ff36b7b0f6c,I was upset when I lost all my money.,1.3061649428897502,I was glad I hadn't spent much money on the slot machines.,1.4293605739015318,1
b29a15ca-1fdf-42a3-b443-50c33f297318,"She asked her father, because he had always been great to her.",1.8872921404208485,"She decided to ask her brother, who was honored to do so.",1.7933576911970595,2
5ae5571c-31f7-4d79-86f2-3c7fa9ffb6c7,Austin went to the park and played with his dog.,1.5960507857512725,Austin painted several pictures similar to what he had seen.,1.6640811650344656,2
1734a9b5-938b-414f-8718-450d13658cb2,I will continue playing chess and hope for qualified opponents.,1.6460996376304826,I think I will start playing football.,1.5254196499292156,1
264662c6-4f40-4f03-93d1-335a268e52c5,Izzy is heartbroken.,1.6013324387340315,Izzy is happy.,1.7059277680196239,1
609a7d44-9a1c-4585-b0f4-5ac7d9fc1f8f,Eventually Larry got stronger.,1.518659398207302,Larry was ashamed of what he had done.,1.5902812641678419,1
e242bc6e-470b-4ed9-ac96-48a4d38b11ef,He got a call a few days later saying that he got the job.,1.5346034964774815,My roommate then got a call saying he was fired.,1.5242384361852406,1
5d10d46d-83a9-4468-9b05-8bdabdc5ea92,The soccer team congratulated her and gave her a spot on the team.,1.4596451784344684,"Naturally, she was not accepted to the soccer team.",1.5352049241795356,2
b083a25d-a3c3-47be-8879-949b475d13f6,Leeza was in pain.,1.4591102068144726,Leeza was having fun.,1.4764101644862246,1
847fb1fc-aa6c-443c-98aa-fd4af3847c73,He went back to reading his book.,1.6839123937331353,What had been pressed between the pages was a four-leafed clover!,1.9126057920496415,2
49500220-b926-41dd-9347-0edb6829edeb,Gina fixed herself some lunch.,1.3029089823328586,Gina found the handle on the washing machine.,1.3051203997997596,2
dea3f3e4-98c4-4614-ab9f-e370785fc7fc,I am dishonest.,1.6019840867472757,I am honest.,1.7091046734216615,2
f560dccd-209b-43fd-8bb7-6629e8a30823,He hoped that she never came back.,1.7880723997855634,A year later she returned.,1.7766873824339757,2
0d1aec48-f891-4611-80b2-b10476ea4776,Oliver was sick of his friend's unwanted advice.,1.8605755278758511,Oliver was grateful to his friend.,1.8416202993189572,2
dbd1c07c-3bbd-4753-bd93-6b7400eb2c64,Tommy decided to ask the girl for a date.,2.048718089069407,Tommy was really embarrassed.,2.129098281844896,2
ce784ff4-4411-43ae-8789-7dcd07692029,The dogs attacked the people.,1.6960292281467588,"A good time was had by all, even the dogs.",1.843549561409583,2
d35e7dfc-d3cf-40b2-8b67-b92572b74222,We wanted to miss the leopards.,1.4831456534784542,We wanted to see a leopard.,1.5708432871402236,2
84c97f08-5998-4059-b2e6-26307c70a656,Albert saved the day.,1.9794289257478512,Everyone was angry with Albert.,2.0173734268077723,1
e948a9b0-1f8a-4166-b43a-757387ea6ca0,Then they all went home.,1.7997622322684177,Sam and John ran from the group of boys.,1.7282147341933571,1
5a797fa1-07d2-47f6-b160-36e10ae5e63e,Tina is well rested.,1.2141407940241324,Tina is more tired than ever before.,1.1123532829439768,1
c9ed6b56-0a08-4b0b-bb46-4a05856c6b3f,Jaris picked flowers from a state park.,1.6500270262349601,Jaris got in trouble and apologized profusely.,1.6240943304630047,2
b4e4e9db-8cc5-4b39-a4c7-894ed6af9c79,I want my daughter to stop being a Christian.,1.8910178157638153,I want my daughter to have a spiritual life.,1.8693848947745852,2
d59da61f-1141-4c74-8e7c-1e11ff2d21c8,He was very proud of all his hard work.,1.4066252585831074,Micky was very disappointed.,1.459073387607688,1
7d177568-fd50-4c13-a5a5-929a12e765c5,Amy told Kim she was a big loser.,1.5622340676542887,They decided never to let a guy come between them.,1.6027341370474546,2
ed31c050-341d-4ae2-9ec5-55da770d5e5b,Lauren's husband was glad to see her feeling refreshed.,1.5075534382546167,Lauren wishes she took the bus home.,1.5930781828475842,1
c6637931-907e-452e-aa57-299e8801d648,He was so glad.,1.6022928126444702,He yelled for his dad.,1.6401609465839002,2
05fa2554-9bb2-4abc-954f-6e21b2e52a5b,The boy decided to go swimming.,1.6686724908072448,He was shot by members of the other team.,1.570289033767084,2
8d833f98-114a-420f-adb2-53884b813034,It helped her a lot.,1.2917730458911156,Celina has no feet.,1.4225071827817204,1
048f5a77-7c17-4071-8b0b-b8e43087132d,The River Shannon was beautiful.,1.7061589879154173,That Neil was very stupid.,1.8573556268152918,1
57046c72-5c39-47b4-88a1-6984ad1ac6b8,The team asked Jay if they could have burgers instead.,1.6811525518394403,The team devoured the pizza and thanked Jay.,1.6085736654338418,2
dac71653-f4b0-4445-806c-ae724a693373,Rachel went home and put the eyeliner on.,1.2893468010850346,Rachel threw the eyeliner into the trash.,1.3564250917792462,1
5508c74e-4105-4b4b-805f-372aa58429ea,She moves to the desert.,1.51522244985706,She is happy when it rains now.,1.2678136828902993,2
c9c7f614-e8c1-4b07-890d-2b0ffc19cd47,Derek was happy to finally be out.,1.5554906923802183,Derek did not want to leave.,1.4748904623429326,1
6126881f-3a6f-421a-b2ae-b74b7a52dd96,I painted a picture of the whales.,1.5712399632055238,I drove to New York that same night.,1.5711815382497019,1
98bdd522-48f8-49ed-bcda-fde95a663ee2,Jenny paid for her coffee with cash.,1.6220587222261376,Jenny paid for the order of the person behind her.,1.738507227456041,2
35146100-1a33-4b70-ab26-4469198f909a,Bob told the man to leave him alone.,1.3477967905181458,Bob asked the man for tea.,1.4188030147881743,1
96e98dae-7c2e-4130-b6c2-4912c0e58938,Lita ordered a pepperoni pizza for lunch.,1.3173804414953174,Lita folded the laundry while watching television.,1.3507085694746455,2
39c953ff-bb04-4997-a6be-3f4b07e0db56,Liv decided to change a light bulb in the bathroom.,1.8256067668731313,Liv then changed the light bulb.,1.8129524390670535,2
2b7745a1-9e3a-402d-a806-1eebfb18ad5a,The mother felt quite frustrated.,1.8525390797449877,The children's behavior calmed the mother down.,1.7123141936639918,1
56b24969-0004-4731-99d6-ac4931df1b50,Hector kept brewing his own coffee and saved money.,1.4195104614149323,Hector started buying more coffee from Starbucks.,1.5699232358130393,1
eb653573-0e05-403a-b5a4-be7bd6ba3f99,Kelly never talked to her again.,1.246266216372704,Kelly was happy to have made a new friend.,1.318430965530152,2
efb927ed-be0b-41fb-b89d-1fe4f3f96f78,He was ashamed that he didn't get any recognition.,1.6465058561364316,He was proud to finish first by age but tenth overall.,1.5793663006276786,2
dac6c4cb-422b-436e-ac83-7853ad91d9c6,Laurie went home crying.,1.9309273901538044,Laurie ended the night by kissing her date.,1.7109749346161784,2
9f53d98f-c1d9-4082-a9c7-1a95ed3de223,Neil deleted all of his photos.,1.4613565460006077,Neil saved the photos on his computer.,1.2903124361551235,2
553ec373-0500-4c63-979f-a446a17f550d,Bob loved the outfit so much that he showed it to his friends.,1.583661285116144,Bob went out after work wearing the sailor suit.,1.565491325342813,2
d84fcc97-0638-4dc8-a881-596c66b75e83,My dog bit her.,1.932493579520138,My dog ran away.,1.8843015075455205,1
6001c530-a64f-4128-82db-deb6bd81e8b8,He hangs the picture on the wall in his living room.,1.6084361982517925,He decides never to draw anything again.,1.4082407108231947,1
2ff39c6a-6eb8-4890-8e25-6b6af653046d,Pablo enjoys worms and views them as a delicacy.,1.6226846371438657,Pablo does not enjoy eating worms.,1.6075534943802665,1
5bf65083-150d-4e08-a822-fd215ecd23fe,She spent all the money on shoes.,1.668561219293006,It was the best trip of her life.,1.6428865250357982,2
a6e1d6d8-ddbb-4b54-a685-c642f4076e1b,Glen ran his best marathon time ever.,1.5248940644923163,Glen swore he'd never walk again.,1.4437320804875253,2
adaa9d18-572e-40f0-af81-c415abf793a4,I told them it was okay and then walked away.,1.4202602940950544,The driver of the car became very angry at me.,1.3855775864675923,1
8cc9a757-075a-4e47-95b7-2fa63dc8870c,When they got home they all had ice cream.,1.3146148313263732,Gina's sister went to the doctor.,1.2388088802479613,2
8ef45363-9070-477a-8f1f-8d7c947ea6dc,The little boy accepted that he would never improve.,1.8126145381901693,"At the end of the year, he did well on his reading test.",1.7207486191632242,2
a2878606-f05e-492b-a581-8b00346d40ca,Rosie's class shared the fruit salad.,1.5111597352926476,Rosie kept the bowl of fruit salad in her fridge at home.,1.6607790189861604,1
7fa2b3d7-8046-403f-9a66-8198715ef31e,I have fond memories of that time.,1.5992149642760414,I have negative memories of that time.,1.5633510393864094,1
3c516058-0aec-4a0c-906d-4b466715c38b,The principal suspended her rowdy classmates.,1.3569897842065126,Her classmates were given awards for their behavior.,1.6824666586390196,1
713e6e15-793f-4951-9d47-3d4688d748a3,I climbed out and me and my dad were ok.,1.5042804548366513,We were both flattened by the vehicle.,1.6196727850743549,1
fcb6c166-4da5-4efb-8779-4ba6bdf1da2f,Brant will cancel his plans to kidnap a child.,1.5881218335943137,The couple will be happy to know they have a baby on the way.,1.5923233401417618,2
f3b7819d-89cc-4dcf-a560-18d70f6f2cf9,Catherine then began to practice every day and got good at it.,1.805275544729114,Catherine thought curling looked boring.,1.915491989039277,1
041c9cd6-3351-4287-bf7d-56e1b8808341,Francis is really proud of his accomplishment.,1.3348199975333808,Francis decides he would rather take public transportation.,1.3372450280432366,1
4fd560d4-8d90-40f8-a572-9522f966fd97,I vowed never to see it again.,1.9190217515775054,I wanted to see it again.,1.8419060515008492,2
dc450ec8-ab03-47b8-af48-43623c8a369e,I decided to go back to class again.,1.1911077769348433,"When I got there, I took a nap.",1.3330252760729913,2
0f29def9-37c9-4eba-a87b-154ceec40700,"Gary slaps Lisa hard, and walks away.",1.717619805452963,Lisa confesses she also has a crush on Gary.,1.8403370430260593,2
a443d57f-b1c1-4d08-abff-3c968b8f9d92,Lars fell in love with photography.,1.7535018184643816,Lars hated photography.,1.850961215603963,1
1ad78f7c-f5b0-4f1a-a09c-1223e6ed015e,I was able to have it fixed with the warranty.,1.483394142710791,The employee was later found dead.,1.4892530906651542,1
4a4ba70e-d51c-4574-b3f1-42675bef0059,Ryan then popped the balloon on purpose.,1.4523795824597363,Ryan then found the girl and gave her the balloon she lost.,1.4313211461607411,2
23d95ddb-64bd-461e-b5e6-426a8b77c108,Neil had a great time.,1.8740826968603543,Neil and Fez became best friends.,1.7917676762466574,1
10770264-1216-4bf9-a955-423d82dc6a92,So he ran to the coffee shop.,1.7199224607313544,Joe regret going outside.,2.032843494897355,2
558ffced-fc9e-428c-8b62-4227a8ecf556,In the box was a newborn baby.,1.3750032423113838,Jen found her new coat inside the package.,1.2392380835184045,2
5f27fb6f-f523-4220-a393-1fee45f744e0,Frank lost his video games for a week.,1.5942997724813932,Frank got an all new game.,1.637926006440582,1
61b5d18b-450c-4fb7-9f50-47d9df3c22eb,Timmy won the competition.,1.8367366128482316,Timmy went to the driving range the day of competition.,1.7436733265089968,1
81959648-7d1f-4f5e-a960-50465d1c6faf,And the host told him that he didn't know either.,1.6039235062079569,Drake told the host he wanted to attend his parties again.,1.3496087550922213,1
0a87c92f-e24d-48fb-b064-71e8c66d5f4b,Bob called someone to fix his flat tire.,1.395298989119316,Bob drove his truck to the market.,1.4616463812974054,1
36c75e5c-8b93-4743-8104-122c769d1636,Now Jack actually enjoys replying to emails.,1.7953971523791472,Jack now uses the postal service instead of email.,1.6416277719888321,1
bbc7c651-dd54-46ea-b057-7b001c105912,Jake washed his hands.,1.8808343099700506,Jake got the job.,1.508295291285439,2
f884bcde-c243-4cfd-a9ad-3adeba0ef86a,I was really hurt.,2.0055386986721877,I was really pleased.,1.890929261251232,1
4c58f47d-b444-4a16-a66b-553fc767130e,Chuck decided to quit his job.,1.7009957786601086,He then felt compelled to get back to work.,1.6610667829070622,2
49701721-7d91-47c7-bed2-ad411562391f,Bob used his reusable grocery bags to go shopping.,1.2922477850785121,Bob continued to use his plastic grocery bags to go shopping.,1.445658650334891,1
bd8d2a48-5146-413c-baf3-47d7b7c4e65c,Joe was very satisfied with the results.,1.534414721360931,The artist painted a Joe's cat.,1.742920029514047,1
709db57b-125c-4434-b58d-f543070d8a27,Jen saw her books burning in the fireplace.,1.9538737579715608,The room was full of shelves of books that appealed to girls.,2.028402855904636,2
4010d4ae-e1f4-4348-8b20-91a774bf34ee,Joe wanted to chew more rocks.,1.4263811381381601,Joe decided not to eat dirt again.,1.589576384945252,2
2e9fd58f-6036-4008-8c0b-c7d70cc43d2e,Rob had generous friends.,1.8692545060179404,Rob's friends were thoughtless.,1.7647785172880854,1
3329d95c-5a03-4d68-90b3-25ddba1e4c9e,Sam answered the phone.,1.8585104896163835,Carly ordered take-out over the phone.,1.739435304756947,1
6d0772be-9406-4257-af59-ab5f2e819e81,Amy grinned with delight.,1.5481530227893345,Amy walked out of the room and left the house.,1.3957091436360303,1
3e13600e-4a0f-42dd-876d-9741076fc465,Pan finally stopped.,1.6727670331768947,I gave Pan a big hug.,1.5317263403046641,1
16a5c03f-6538-4913-b51a-f20a560577eb,"One night, Pam let her cats inside her home.",1.5749416501861153,"One night, Pam decided to release the dogs.",1.6640993193527363,2
bf8b9f77-692d-4873-a7e5-30dec273eb4d,She dropped out of school.,1.669617099194185,She even liked all of her professors.,1.6714019596644771,2
ae97dd54-084b-45d1-aa4e-eaad35b58cc8,"After seeing her expression, the dentist was able help Mary.",2.042324223720211,Mary left the dentist in a great mood.,1.8541294140178266,1
4aa68faa-46af-4c29-a5af-76920608e42e,Ford was sad that he achieved so much.,1.6427671824119163,Ford was proud of his accomplishments.,1.6328905653566486,2
d6ead853-dd97-4d11-be64-7b93a24bffec,I decided to change.,1.9526547179591998,I am unmarried.,1.8939864488928977,1
dfadf8eb-0782-46f5-b8d6-f03b68044e5e,Nina bought a toy.,1.5854190674348634,Nina was excited.,1.7773511883886213,2
a8d36862-b0e3-4147-82a3-6ada95cc4939,Tracey ran back home.,1.574091643245696,Tracey shrugged off her fall.,1.6349504747817107,2
a76f857c-34a6-4409-a2d5-1255ba6cf5e9,Jim saw his wife after an hour.,1.5799293018747107,Jim drove away before his wife showed.,1.7031473092080203,1
54ec0b0d-355e-484f-8554-315daf68fc44,Joe was still very proud of his hard work.,1.44642540920219,Joe decided he didn't want to go to college.,1.4714376074545257,1
f5a85657-b572-43dc-adb4-b62c8d4d023d,Gina checked on ebay and found one she could afford.,1.7428685391404954,Gina mowed the whole yard and had no help from anyone.,1.7743662974093057,1
7c80498a-801e-4d4b-86f1-bfbea4247fb2,Leah decided she liked the tree on the floor better than standing.,1.9930799993718766,Leah chastised her cat.,1.8853793017334208,2
968bf70b-55b0-49c9-9eb3-0e9c89043c72,Peter thought it might even be more comfortable than the old one.,1.6317816278053086,Peter let his dog use the chair for its own.,1.5924604705131877,1
c9e0ad92-16a3-4721-b221-bc7a7ea72195,The crowd booed the team loudly.,1.9772339647830652,The crowd all stood up in their seats and applauded wildly.,2.016252764033805,2
4e5aa3fc-f0a5-4426-8fde-3229bbb1edb0,My wife and I were very unhappy to lose our internet connection.,1.7443770739575448,We loved the strong wind and lack of sleep.,1.8999041247946047,1
2d825c0a-d7f1-40ea-bb9b-c8f68c10eba7,Then she cancelled her order.,1.9350027765861924,Then  her keyboard arrived in the mail.,1.841988041081098,2
b287eeca-7682-4a3f-8b60-d7529988dc1c,Amy was really excited to be at the park.,1.588017964896457,Amy thought the park was boring.,1.7257274820752542,1
367d94ef-0033-45f5-b7bc-0e461e049220,The profits from the book sales gave Bob enough money to eat.,1.741562989526304,The public reaction to the book means Bob still goes hungry.,1.7089034918611152,1
6d40efe0-4f3a-4475-8cc3-55915a7c2d17,I've never been happier.,1.7117003620871627,I'm really disappointed in myself.,2.018285878030673,1
a2af46c3-ab6c-4b15-b3e4-205b55d5dd76,His dad laughed because the star was really a jet with lights.,1.7353131482155466,Sam's dad was glad his son was interested in geology.,1.795295598123618,1
2d49847a-81d6-4d67-b36b-1bd695768cb5,He started screaming obscenities at Meg.,1.8712427350274932,He asked her to marry him.,1.7727995267402676,2
dc60a861-f7c4-491a-9f98-ffaaf73d4b32,Bobby was upset that he got the bananas.,1.6054607337791793,Bobby went into the shed to get a ladder to get the bananas.,1.6638553781038765,2
e7cda60f-1f70-44c6-b021-f485beb6c2bc,Beth needed to rest.,1.9735159251991443,Beth played football on her Friday off.,1.8110730022564456,1
83279ad4-371a-4d70-a479-82fb5422cfbf,Rhonda then decided to eat lunch and return emails.,1.834519988050012,"Sadly, they were ruined and Rhonda had to buy a new pair.",1.895254791010092,2
c77e19e5-ec84-4ac4-9a77-904b12a882e0,Marcus was so thrilled that he started dancing.,1.9087651678471425,Marcus then vomited from sea sickness.,1.9734259494057262,2
cb054419-731b-4350-96aa-aadfc00e35ae,"She cuddled with the adorable puppy, happy to see it.",1.7952676907543188,The kitten was very cute.,1.7976992540810997,1
a9ca9655-b64d-48c8-96dc-b14a9bc94890,Chuck was upset.,1.9253641539266806,Chuck was happy that place finally closed down.,1.8133618709319372,1
3e6404e3-86cc-436f-9cec-40f6f922cafe,John then proceeded to assault the officer.,1.7361337566809198,The officer was understanding.,1.7485059064346153,2
873a9a34-e68a-4971-a397-0ce28140bcba,He felt pride in his accomplishment.,1.9196597875304713,Tom was upset that he did poorly.,1.8307366617822507,1
27e6ed53-de20-4969-ac97-d1c767e66e8b,The roof was completely fine.,1.2560140788595633,The janitor was frightened.,1.55362217150261,2
d0b21d6b-1e82-47b2-94c6-3b37b559b58c,I hated my birthday.,1.6485671569080482,It was the best birthday party ever.,1.6638666765862873,2
0505ab3d-b0a6-403b-83bd-1ff36755c0e5,It was gross.,1.6433254572915577,It smelled so good that I ate it.,1.4445635873998046,1
c363f775-7fbc-4935-bf85-2608d84a0fba,We have many fond memories of this childhood trip.,1.6756393372597387,I have no memory of going to Paragon Park.,1.5554250832531622,1
06d18564-6dcd-4154-aa35-a9f326c2db72,"One day, I decided to buy the movie.",1.4258461561114837,I did not like the Wizard of Oz.,1.7342951428013174,1
2f47e25b-1df6-40e7-86e7-85cf008c7bd4,Mary Ann got a rash from one of them because it was poison ivy.,1.5798777134362483,Mary Ann finished making her salad and enjoyed eating it.,1.7452439835221896,1
26e62478-4a62-4f71-8449-26edcf3905c0,He cuddled up to the dog.,1.6215290380543463,The dog found him and mauled him.,1.7967767113614281,2
a7ac822a-737c-4734-a6a0-05763dedc94b,They gave me a big illustrated book on African animals.,1.159828910331366,They gave me a book on the history of the computer.,1.2567309697376803,1
ba6be46b-029c-49d7-a56b-f8ec2f6f774a,She ended up making a bad grade on the assignment.,1.8282681317291603,She played basketball with her friends all afternoon.,1.9485755608159159,1
970cf7ed-b730-41a8-9675-85790da3004e,The young boy went home disappointed.,1.300475907716424,The coach offered the boy the starting pitcher position.,1.303823357489907,1
3c9de9fe-20e8-4b46-b795-f474a6cc1ccb,Sarah began to watch tv.,1.623096190182736,Sarah found spoiled milk on her desk.,1.6719060232641354,2
43d9d4f7-8542-4e45-ab22-5880462eb2a5,Mark hoped the procedure would stop his dental pain.,1.591078831101826,Mark's coworker told him he wasn't going to vote in the election.,1.7133224980757218,1
e83f7e0e-0ff6-4546-b154-1c317dfa8526,Lulu turned off the dishwasher.,1.8639407713187528,Lulu turned on the dishwasher.,1.9732197496799637,2
73f5afd2-f1e4-420c-b536-ac86aed95ca5,Bill was proud of his work.,1.696957074400523,Bill searched for the cows.,1.61274192640558,1
e30c01b0-c968-44bd-8f78-4d1a1ae83ff4,"He agreed,",1.899027551886439,Terry's sister decided to get surgery on her thumb.,1.6427955140707595,1
ccc59d4b-1e20-4c63-bbdb-a45cff6bc456,Mary's boss is happy with her sale.,1.5382418348276405,Mary is sad she sold a car.,1.5569970100551815,1
661e7f71-ccc5-4101-a026-32b0ab3c648e,Brie was glad they had become friends.,1.7365528373721004,Brie hated cheese.,1.7825517669972657,1
efe9f092-1035-4d33-9527-8959d4f71fd4,He installed a beautiful new kitchen floor for his home.,1.3776509266752632,Tim returned the tiles to the store the next day.,1.3598325452050055,1
ff9b9128-31a9-4a2d-8fe2-b53affce964d,Dave checks the internet for more concerts the he will like.,1.6642208547890196,Dave took control of the helicopter and landed on the field.,1.5654530618432259,1
3f7f71e4-82a7-4ad4-8bb1-4a02e11cb1b9,They rejoiced at the sight.,1.8495753397141126,They mourned for losses.,1.838638053328087,2
af7b1f70-856a-4394-92f1-ecc901678956,Joe eventually won the fight.,1.9615201715177817,Joe finished the fight with no cuts or injuries.,1.850400560004857,1
0a17cbf9-397b-4382-9ce0-0fd835626775,Jimmy felt sick to his stomach.,1.9821526396566052,Jimmy ate another chip from the bag.,1.7775895755676097,1
d88e0944-c71a-4c76-b100-44e42247fb1d,My son and I did not do well.,1.729135936987588,My son was happy that we won.,1.8150481518690247,2
c5c0be96-86bb-43f7-8c71-f1c475cedf65,He eventually made the team.,1.6881012354057812,He decided not to try out for the team.,1.5717496495855194,1
d32397e1-f5c8-4e0a-923b-b941a169a888,Harry was glad he saw the movie with his friends.,1.5243226582856715,Harry really liked the movie.,1.4046161244436084,2
942054b7-4c71-441e-ab8a-83e413c79604,"He was fired that same day, and walked out of the building.",1.6812195591629544,He realized he would fit in perfectly at the new job.,1.7026468430033577,2
4bc45635-2e6f-4bd1-bbfc-c66db6521b7b,Ellen was horribly afraid.,2.272049384530809,Ellen felt really calm.,2.2506848244122777,1
0c555fc3-d387-49b2-80a5-6c02ca258565,Pearl's sister hoped to please her.,2.0738278452190078,Pearl's sister was seeking revenge.,2.1472534739005997,2
063223d1-69ca-4296-baa6-295672e57351,Anna watched the sea life and thought about the wonder of nature.,1.6298782264033158,Anna felt disappointed by her trip to the shore.,1.640459722875423,1
1375cd8a-0967-465e-b190-b445d9f76bf5,Brianna hated s'mores.,1.882926308351636,Brianna loved s'mores.,1.8837360867497934,2
beb8a610-250a-4f87-98ec-0bd59bbd472e,Shay was finally found weeks later in the woods.,1.907944920871241,Shay felt overwhelming relief.,1.735959667388942,2
7be7a3f9-49c3-4a62-8f7d-13c95a530452,They figured out which restaurant it was.,1.6315818044954875,They went back to eat at the same restaurant.,1.6579945333513322,1
6bf5185c-501a-449b-bc7b-c096f66c18d7,Arnold was calm and happy to the see the bird.,1.4282027652687446,Arnold screamed in terror!,1.9369696636378229,2
3d4aa8d1-9c33-47db-91d8-91982635e8d3,To cheer him up Kip's parents took him to Florida.,1.8572990286553193,Kip dreamed of snowflakes.,1.9048814379790633,2
5a4e4ff0-d972-4991-8f91-bcf4dae1288e,They praised him.,1.7467545722195341,The bully was expelled.,1.6862684353845963,2
069fe406-47af-4c57-ae9c-2ffea2a0f7ee,"She traveled home to see Sam, and they missed each other!",1.9829563471046958,"She broke up with Sam, leaving him heartbroken.",1.7710629665061297,1
efd324dd-68fd-4a7a-a860-8939f7f1e4c0,Joey hated camping.,1.4760879144748635,Then he roasted marshmallows.,1.378209766157936,2
0f277b11-2ac7-4769-b857-6055461ec558,She ate a huge lunch.,1.9305332938354038,She threw up in the toilet.,1.8472202472791135,2
1d846682-2dd7-422a-b77f-975ca683ed88,Everyone was impressed that Jason had become bilingual.,1.6578800570713,Jason's best friend was not impressed.,1.5507565948618094,1
dce8a563-9c78-4ace-8ca1-3e1b6fd2b1b6,She was mad because Todd wouldn't stop talking.,1.559949710264972,She decided not to speak to Todd either.,1.4917142351018393,2
5df54bbd-457e-4c76-be01-e6ece9d8a254,We hate parties.,1.836614830531169,We had a great time!,1.8374413667977025,2
99d2fd49-f52a-4c24-89c7-3b346f4c5169,They handed them around to all the neighbors.,1.5198092743857,They gave all the hamburgers to passerby.,1.43912439353424,1
0c375b3e-3b7c-4bd0-acdc-7d4e71b8dbf8,School stayed open longer than usual.,1.6913128716976413,School was cancelled.,1.7901860629524027,2
c56e19f8-ebcb-4986-b474-ddd42dbbdfee,Larry was mad about his score.,1.5788835913812918,Larry was excited  to have scored his first hole in one.,1.7100134355448025,2
6e85099b-6686-4fca-a81a-bbf17f40c09e,She didn't want to binge eat out of depression.,1.617319214769708,She is very happy no one gave her gifts.,1.6144574679696917,1
103b8bac-e6b4-4682-a040-5090410685d1,I decided to go for a run.,1.4656478764422987,I went to the interview and was happy to get the job.,1.3270403059068212,2
930c9d40-894e-49ec-ab5e-e99632fc7136,She spent the money on going out to eat.,1.5424417452263761,She bought and enjoyed the shoes.,1.4981692465102292,2
bf5a0b2e-43fa-4e0d-957f-7beff5009909,Ora took a bath.,1.8225663170423931,Ora took a shower.,1.79824309739155,1
5830252c-4cd8-4df2-a3d2-ffc46a1391cd,Allison plans to pay bingo again in the future.,1.8343817366682376,Allison thinks bingo is boring.,1.621123418391549,1
261f4708-683f-4aba-8fa5-5b267ebeef0c,Nya missed the parade altogether.,1.6242638365191726,Nya was excited to be able to watch the parade.,1.526718252831532,2
1d503d1e-84cf-4461-86f0-948a27c9330c,So Tom moved the plant to a window.,1.7438823622807649,Tom closed his windows to block out as much sunlight as possible.,1.7271245715163044,1
148092ae-3c1b-449f-9901-8057f5dd76c3,Ranger fans want him to go away.,1.4615754883907683,Ranger fans are looking forward to his return.,1.5350264809510417,2
aacd1de8-0707-4870-a2b8-2fb9fa0b484c,Avery dropped out of school.,1.769395595625081,Avery finished her project early.,1.6728058062952527,2
42736ec0-16cb-4e19-9404-d48ca24d08f2,Chester immediately threw out the shirt he bought.,1.7676001112265123,Chester was very pleased with the shirt he bought.,1.6964806133860704,2
5e7c3657-d66c-4d1a-aba3-8ce8fb109538,Gina wished she hadn't wasted her day.,1.828830227503769,Gina was glad she had wasted her day.,1.6404833698797918,1
7abd6e73-645c-4ab4-a63d-2a232eea4d1d,All my clothes smell great.,1.5226299594206456,I will do laundry right now.,1.8545494701929162,2
e4724aa4-c974-43b9-902b-9e0a50e21465,He was happy.,1.4073354879411029,He was disappointed.,1.5459220652501076,1
6e61a007-5fa7-4275-b45c-9a2d7a8ad2a8,They were so relieved.,1.1817624232515165,They were disappointed.,1.2314345090460157,1
1bbba135-3f42-4f1b-9bb4-6fcc69df64f0,They walked around campus and got invited to a party.,1.6157448294236765,He thought college was going to be miserable.,1.6980499013804282,1
50e7e0b7-5c28-462d-8bd6-3bdfecf1f40f,She listened to a book while she ran.,1.6216090244760775,She was glad she is never bored of music.,1.5914382139623042,1
0edacb01-c9c8-4f8e-bf3f-f43518f03213,She lasted the whole night.,1.6369963808171855,She turned on the stove and made herself dinner.,1.7403321735837807,1
106fb699-7469-4d23-a582-29d7ae7b2898,Sam had no car.,1.7323327964789008,Sam was unhappy.,1.7677457389965787,2
9fdef8c0-2910-4eb7-8f79-979dea4b7aa1,Winter is the season that sees the most skiers.,1.526425852841814,By the time she got home it had become warmer due to spring.,1.5501520932945334,2
c761de18-82df-47ad-a7ba-1e97533a2406,He was happy to be in Iran.,1.3846986404985342,"He left immediately.,",1.5467589220955653,1
1ee61f07-0a66-4d41-86a8-26a30660d3f7,The girl said yes to Andrew.,1.7173713776255486,The girl cried hysterically.,1.7718565324302757,1
b90a2af2-8141-466c-bce3-d0b8c599cfc1,Amy then left the airplane and drove home.,1.4721040873973668,She boarded her flight just in time.,1.3473202841044976,2
1a4ca91d-6bae-4a04-b605-b9a645099621,Paul was very frustrated.,1.3620727651999436,Paul was very pleased with his results.,1.5040213308445258,1
419324ac-9daa-4b86-ac21-482b3bcef5ca,The mouse got away.,1.5533954764551738,The cat decided to lay down and take a nap.,1.526054279901955,1
3ab12b02-0972-4e68-98a2-72bcab9257a8,Neil found the trip stimulating.,1.6054937702453624,Neil found the trip dull.,1.4815541010515934,1
043877dc-d64a-4868-9600-72d27c0f8aca,Mary was very happy.,2.0107312188956024,Mary felt unappreciated.,2.05325304887903,1
091644b8-fd23-4acf-a3b4-e244669f7f45,Gina and her sister had a great time together.,1.8689525484169507,Gina disliked spending time with her sister.,2.026157055594936,1
c00cac38-57df-49de-95fa-bdf5e94f52ea,I went to swim and enjoy the sunshine.,1.1620259634380525,"My plans were ruined, and I went home.",1.158839087357638,2
0d70ad27-5468-4aa8-b375-c0a273f73bab,Arnold loved his girlfriend's cats.,1.523274221943729,Arnold dumped his girlfriend.,1.8057448912949041,2
add7d561-802c-4697-8280-484420ad3d80,Leah gets fired.,1.4513337155147985,Leah gets the job.,1.1400593654008182,2
4615d59f-be35-4bb8-8990-988e2f16ade7,Bob felt very energized.,1.7107894468859564,Bob decided to stay at a nearby hotel for the night.,1.6059510963330386,2
f5e38006-7951-497d-812b-a272e2ba5780,I cheered when the Beatle came under the spotlight.,1.4853206517201585,I began to tremble uncontrollably with terror and dread.,1.668394453017016,1
5828f905-bd2a-4c27-9c05-7f6a6e16fe0d,Joe liked how the blinds let in the warmth and light.,1.7195276951349365,Joe was pleased when he put up the new blinds.,1.5929665577951138,2
6b1c8d84-ad44-4247-ab03-dcf4c6bbbc82,Joey knew everybody was just teasing him.,1.6410095758312238,Joey took his baseball and went home.,1.4747355286387371,1
c82c141a-27e9-4a5f-9b3e-c1ae1f33ace5,He made sure to buy rechargeable batteries this time.,1.9126674825200825,He made sure all of his bills were paid on time.,1.8277950332806499,1
603fff0a-05d0-48f5-84c1-550fc754256b,Now I can bike 30 miles.,1.3716260456488274,I am so out of shape I can't even bike a mile.,1.338067148149974,1
f934d116-c42c-4ec4-9b6c-d910999099c2,That was the best trip of my life.,1.3941357589339034,I decided never to go camping again.,1.6039273178297893,2
e29bc99e-a7be-45bc-a36a-bf68c6ff5797,I was worried about my grade.,1.5268350847585435,I was sure I would get an A if I didn't turn in my essay.,1.5100163579611408,1
64f920dc-a877-4397-9b07-f144432fa0ca,Sally hopes to lose her job.,1.5229260158171007,Sally hopes her boss will keep her.,1.58797481063173,2
7fa74ecd-3feb-4205-b2a4-d173f8b0c2bf,We found we made a mess in the kitchen.,1.5190004137747217,We decided to sell our candy to a local boutique.,1.5087327697164397,1
88670c09-ace5-49cb-960d-3eb7ddaf950e,Will started to listen to his teacher.,1.6368277583841286,Will wanted to be a janitor.,1.60747325040876,1
ca7ffb91-a043-4ab6-adcf-d43917f8e882,Emily was reprimanded by her parents.,1.6523588875044357,Emily's parents cheered her on.,1.3507378125420795,1
4eec9565-76b4-4dc4-91df-479c71dcef70,We enthusiastically played the game till it got dark.,1.6322433783692882,We put the gear away and went our separate ways.,1.5180189231908243,1
14791a39-5879-4cc8-91ef-ce366e93bdc6,I was successful.,1.4850868536860877,I decided to quit using the computer.,1.368250325358199,1
d6c07fc5-9379-427c-8db3-d1e216c61829,She was the first person to arrive.,1.3944582942018517,I was better for her to be late than to be unprepared.,1.5083792539122085,2
1759a271-0642-4f98-9330-4b577776b818,I thought Jack was very polite.,1.6831063676164493,I thought Jack was very rude.,1.745157418574362,1
a711473b-b049-4d72-b54a-0f545f3a790f,Gabe decided to purchase a desk for his room.,1.1969610474980483,He polished the wood after he built the desk.,1.2851894939089252,2
dcc66657-38b2-4f66-88de-8edfab3399d5,Jerry decided later it was easier to collect unemployment.,1.560305648287892,Then recruiter set up an interview for Jerry.,1.4745024354431222,2
d18c71ac-cd73-44a3-8e2f-0bfa247ba70b,Emile eventually got a job as a chef.,1.3740321942387137,Emile stopped talking to his friends.,1.417404372468492,1
8b7ab48c-435b-49f3-926d-74cd9a50fa41,She caught hypothermia.,1.4475122016601776,She finished her latest book.,1.4667428192628702,2
ffcd78ff-f1c4-416a-b3d7-d4f9fe32c83a,Harry wished he wouldn't have went.,1.9780271239212677,Harry was so happy to be in the goo.,1.8271521580792944,1
55384f51-96ba-4ce5-91b0-2a5f55e1b028,He no longer had any interest in wrestling.,1.6580697041249717,He retired early due to injury.,1.5024438581889001,2
7de18c96-2e6d-4316-a853-c696e3d733f9,Joan felt bad about the dinner but glad she was assertive.,1.7584987440295987,Joan went to the restaurant the next night.,1.7621530478239198,1
1f677d6f-802f-4b54-8e0e-2f4adc4259f9,Jesse's parents were upset with her.,1.727574271806785,Jesse's parents were excited to see the tattoo.,1.696863887574732,1
ca30ecd2-9808-4e52-9c0e-4b9e0ffb3f8d,Juliette built a volcano.,1.529115344659886,Juliette was bored.,1.8627167044968485,1
2f595ff8-e86c-4de5-aa27-211501bc5a4d,Rob finally left to hang out with his friends.,1.7419435392976153,Rob was very happy about spending time with Jaclyn.,1.712144089806832,1
a2676c5e-becf-477c-9de5-a1356bf7456e,All of the eggs landed safely.,1.8335375332013175,Sharon broke all of the eggs.,1.761542761000074,2
b0d23a4d-9885-4428-87a5-aef0a58b8928,Ella had to be taken to the doctor.,1.669765993955784,Ella was unscathed from the fall.,1.6045969452232856,1
7ea28324-be74-49bf-9f4e-314c874819c7,Bobby passed the football for hours after the game.,1.6300524371282843,Bobby took time to recover from the injury.,1.4746377467249319,2
2ae5e008-8777-465c-8cbc-7b42db210ea5,Susan was upset with the whole ordeal.,1.315041699054031,Susan was very happy with the experience.,1.3616943761406126,1
ff8e9ac7-0619-45d1-b827-7ff4275e399b,The cactus flourished under his care.,1.67781981264252,The goldfish were very happy and healthy.,1.487420809539568,1
b155c21e-4c58-430c-9053-3e4f5d896145,Gina went straight to bed.,1.8285821095495265,Gina decided that it wasn't late enough and went back outside.,1.9100687344925944,1
c1984cf8-6fc1-43c0-929b-c6d713c41ffb,Avery's parents were proud.,1.5679409088561227,Avery's parents were ashamed of him.,1.5271691123539948,1
978b1dfc-732f-4856-9a14-05011f2a4855,The orchids would be ugly.,1.7284729717883753,The orchids would be beautiful.,1.7351703289328841,2
811ef3dd-2646-4008-967e-009049c2624a,And asked her to marry him.,1.7416979003927993,And he started laughing hysterically.,1.8197043883657642,1
0e1cae86-3c60-4150-b34a-f306fa9fa1e3,Tommy had good friends.,1.6670716221402138,Tommy had bad friends.,1.6930074349905144,1
e5d75f5b-9c53-4698-a49a-4559715831e3,We went to a dentist who pulled the tooth.,1.5480965789836538,We had a week of hell as her tooth came in.,1.657692021505292,2
215b8a85-692e-4d23-a29f-c9077d9bae51,Amelia decided to never go back to Mexico.,1.5880003469504198,Amelia decided to vacation to Mexico more often.,1.5988555033729912,2
4828eea9-7ca1-47c6-9b58-3b52884ac626,We told the kids that Santa must have share with the reindeer.,1.705247485299758,We told the kids it was thanksgiving.,1.5977565863862302,1
976a11ff-1a3c-4f4f-9b21-3179f2d9cf20,She was so grateful and promised to pay her coworker back.,1.600281030500733,She did not want to eat.,1.5390017492832802,1
ce73399f-5905-4bc1-9ab4-5d12c7039cf2,The government continued to fund computer labs.,1.6190118675104,Kids suffered from the computer labs.,1.6642049543985453,1
e71d07b3-5647-4fa3-9b90-27ea083b39a0,The baby even pet the dog right afterwards.,1.7782624330356547,Officer Dunn was shocked about what his dog had done.,2.10324743349429,2
952a11be-e6f9-4e0b-9b9d-2b2be66a3a54,I cleaned my motorcycle after I got home.,1.26002342477266,I changed the wifi password to enhance security.,1.3029878448175534,1
d0ecfef1-dc1f-4c54-820a-04e4c623da1f,Ryan got fired.,1.784546659662479,Ryan got promoted.,1.695342999264251,1
629ec1e3-0d93-45bb-a0d9-cb645c89ffe7,The man stopped at the rest stop and got out of the car.,1.4328650096982334,The man kept driving for a few more hours.,1.3219980284420803,1
1335f94b-5780-4228-8c68-74e56ddd452e,Josiah crawled to his mother and took the toy.,1.5562042500922069,Josiah rolled over and played with his feet.,1.5561493825058008,1
19b67b77-cb21-48dc-bde9-87f8670a1538,I brought a dog home since I have so many dogs already.,1.321288454316912,I drove home with the mini pig in my car.,1.2640624028950829,2
705a69e2-7aeb-4c94-a1fb-2997d11e74ca,All his classmates were very supportive though.,1.6694592667897485,His classmates taught him to overcome his fear of heights.,1.5674350572102806,1
552067ec-e238-4c17-8fd1-e627fa6c0af5,Matt and Lexi had a great time at prom.,1.7239220848408332,Matt was miserable at the turn of events.,1.6482551930410883,1
d84e663f-3654-4808-a3d2-cff4f40bc5b1,She was heartbroken.,1.7470433551833278,Shyanne was overjoyed.,1.9134282720045694,2
6318c4bc-e94f-46d1-b8cb-cbf9c8bb2d58,John had carrots instead.,1.487826826530697,John devoured his pizza.,1.8934808999045885,2
0db573d0-dc8e-428b-a483-6e71a11a0b94,Then we collapsed on the couch and slept past noon.,1.4682189704475108,We ran in hopes of improving our speed.,1.4311819422810788,1
120aac36-5d49-4b9e-ba55-7a45495cb786,Ally used the three hundred dollars to buy clothes.,1.9280240471626984,So she bought a new cell phone.,1.7719511775346704,2
28bf468c-50cf-432e-abae-216ba816a399,The worker thanked Mark for his patronage.,1.8917983954996584,Mark has a court date next week.,1.547403218536924,2
b9124010-865d-43e8-a341-75280447382f,I can't wait to to start the paint-by-numbers set!,1.7556172652931794,"But in a moment, I'm going to start the puzzle.",1.760552302254943,2
c977fd68-7741-448f-be29-f049268652d9,Rex loves cleaning the bathroom.,2.1307837832819367,He feels better about his room.,1.8085019242103115,2
ea067ab3-67d0-4860-a5f4-7ee4492d3f3e,I aced my exam.,1.4784135831414527,I failed my exam.,1.7188713741809538,1
feb5f3a2-3e9b-466c-82b0-931fec45abc7,I washed the blue shirt.,1.199635155254255,I wore the blue shirt.,1.2213142956818628,2
71da85fa-e6bb-44e7-82f4-3eae7fb0c2b8,He fell asleep.,1.5085931107558201,JJ stayed up all night.,1.414739466330281,1
0fd8d108-d8ea-4093-8a35-f51cf70fe5fc,Todd is proud of himself.,1.4448330128388283,Todd decides to study as much as he can before tomorrow.,1.457222050277207,2
e06719bc-6fdc-44b0-b40d-2892b339ba7b,Maggie was happy to have a new companion.,1.7006001635470254,Maggie wanted to be alone.,1.6775879170654053,1
2ce0a18d-0c2f-48bc-b634-73ee52b540f0,I did not have anyone to talk to though.,1.386045962950749,"When the ride was over, we parted ways.",1.4917215208942174,2
0a6db8cc-a132-4588-b5d5-2ea500b33c05,"Eventually, she hated all men.",1.7232581181627653,She felt better playing with a group of nicer people.,1.859422496216075,2
99acf9ff-e624-4ab4-b904-ec640c20593c,Bobby was bored.,2.0146329752974452,Bobby enjoyed the carnival.,2.0017076823069084,2
f1911438-d757-4798-953e-eee6c5397dc6,Al and Val went out to eat.,1.6838776163316933,Al felt even lonelier as time went on.,1.6038015487678738,2
da333c2d-fd57-4270-871d-8dee0045f51b,I wish I had gotten more tickets.,1.6655490805029651,I now drive at a normal speed.,1.5476513350353327,2
c63cf569-80b3-42a2-b42f-cf47598684d5,David learns to play piano.,1.6474703052399686,He has a great time in Oregon.,1.5223121901070142,2
ff38333b-722a-4c39-94b7-5ba1dfc6e556,But it was worth it when she saw her straightened teeth.,1.6873942921333749,She couldn't wait to get her braces tightened each visit.,1.7685770272259216,1
c32c85c1-62a3-461a-88f9-bf8d98c057fc,Jayne ate a delicious meal from the fruits of her labor.,1.6103755330003207,Jayne decided to set fire to the garden and destroy the farm.,1.6503880041348444,1
9bafd29b-aaf8-47e2-b0d1-b4600723e8f4,Amy then drove to school.,1.214838158115213,Amy then had to walk to school.,1.1736699505157593,2
add4b967-73e6-428c-8b76-0d35e20d61a4,Rod died in the fire.,1.385645310490962,Rod was proud of what he had done.,1.555700821343496,1
f89a91ee-9f17-41cb-925c-5cdf45990be3,Barry voted.,1.7131260245154163,Barry turned around and went home.,1.7338498718220023,1
b5a83206-0f36-4dce-84ae-083105802b6a,"She moved into a smaller, cheaper apartment.",1.3846915479711,Amy signed a lease and moved into the apartment.,1.348111359326587,2
2ba6a29f-c6cb-4be4-8958-3f76ccf6f08e,I got to eat the slice.,1.7343249441426045,I ate a hamburger.,1.7863420310155074,1
14109871-2c9b-499e-8033-c5f2b0d14a1b,May and Cathy got along greatly.,2.000840037876805,May went outside and Cathy never saw her again.,1.8031652970046756,1
c8a83dec-8666-4241-8637-daf8c5e9c9fd,Monica was pleased to see her friend admire the homemade gift.,1.53144275119609,Monica knit the scarf to donate to an orphanage.,1.4552341947540677,1
ac6e7c57-bc25-42a7-ac90-05098af8d1df,The suspect decided to turn himself in.,1.63293620609037,No one seemed to notice the suspect.,1.6033444459022252,2
1a6f72b0-88e5-47b8-92d9-141200921477,But eventually they get together anyway.,1.4771157346344064,The boy and girl's parents are very happy they love each other.,1.2905392315413515,1
77d497cb-8ea6-4fa0-8b07-637f789425c2,I was thrilled.,1.6988825087861144,I was completely bored.,1.8199561240234607,1
60c41b64-a700-4370-8ed7-4061f074d9a1,I drove to the beach.,1.535692102252923,I decided to visit Vegas.,1.5096689648127266,1
999f3b11-5d26-41bc-a542-e0a6dafba00f,Steve's wife was ecstatic about the gift.,1.7226111856934743,Steve's wife filed for divorce that same day.,1.7696105439808498,1
1e71748f-a74b-4117-a7cc-4cd49620228b,John went to the movies by himself.,1.8225844696668625,Jon loved spending time with the kids.,1.7217553533072925,2
686d0a57-8b7e-460f-972a-65c314ef3999,Ben was fascinated by the string.,1.3191698628301969,Ben went for a run.,1.2529777343511332,1
a77d6cba-d46b-4801-bb5c-70fc0b97800d,Juan decided that being  luchador was a stupid aspiration.,1.5565222014259243,Juan was very successful eventually.,1.5355513259200217,2
6d8ef0c4-7b5f-443b-b9e1-c95bb507a55e,They finally decided on one boy name and one girl name.,1.6406966778376737,Tori had to go to therapy because she was so upset.,1.5566734195927405,1
7114ba39-aebb-45b2-a2b8-4d53647c81ea,Sara was then able to stop by and get food.,1.5646156954016157,The food was too unhealthy for Sara.,1.6259537007550635,1
015efb0e-8d0f-4a81-8bb2-c1906451f09f,They decide to be lab partners in their class together.,1.5297144694826605,Rufus is happy to have a friend in Geometry class.,1.4734776990771006,1
cd0399d2-96c1-4a2c-a0e4-2361312a0bf8,He was happy to get the Chemistry set.,1.7310969127952704,He was disappointed to receive the Chemistry set.,1.7454018060892909,1
d08d37fd-9914-44c3-a11f-591565f46a10,It ate the territorial hummingbird easily.,1.5060949071526872,I shot the rat and tossed the body into the garbage.,1.376998293979173,1
3a90aa96-7867-4e9c-82fa-2904543f072c,Lo figured the math problem.,1.9426788800697263,Lo had the best costume in the play.,1.9519865955926954,2
69490a80-2168-459d-8081-c427fad01c74,We later decided to start a small band.,1.5854869630923099,"Later, my manager told me he didn't like the beatles.",1.6005190597204209,1
35db21bf-01e3-4eb3-a3ec-98869fe34242,Tyler got depressed.,2.020765717731533,Tyler was elated!,2.1755145453458313,2
15946f27-9852-4e00-a6cf-f0f8d1e6c471,She was excited because she loved going to the dentist.,1.6160103157781074,The dentist was able to make her tooth feel better.,1.6684672581169426,2
56fa9b11-6e0a-4f67-ac67-30e4ff40dcb1,Derek never read again.,1.979971119038636,Derek now read all the time.,1.8473108209085956,2
965b65fb-69f9-44dc-9d7a-abf73c77c5ab,The bar asked me and my friends to leave after a while.,1.4271505614378734,After that we all decided to go to a restaurant.,1.599122147434543,1
a6ef24b0-8d15-442c-905b-9952779c27a1,Pat got in his car and drove to work.,1.4164209274156598,Pat felt silly for pretending to be sick.,1.6813606045337952,2
bfb3cf0c-3cce-4b1f-b953-ebccf25217f6,Greg filed a police report and they eventually caught the thief.,1.492661526268551,Greg judged the chili cook-off competition.,1.7548509683817635,1
701cea8d-4be7-4533-a5ae-2558ea63dd4d,"He had a miserable weekend, but told his girlfriend it was great.",1.5290330560571372,Johnson was an avid outdoorsman and hiked often.,1.584384011996982,1
2a5347ad-a91c-42c3-86a2-b8e3edcdb4b0,Pete kept the wallet and donated the money to charity.,1.5522152924661,"So, Pete kept the wallet and bought a new TV with the money.",1.4444460303996762,2
31787fb8-6f36-40f6-88f3-f588c5cb28e2,Sally thought her sister was cruel.,1.5755566881287797,Sally felt better.,1.7342468894705725,2
fdbceae0-770a-4d16-8890-75362a17e25f,My son died and we buried him in the graveyard.,1.797555214748713,He has a scar from the stitches.,1.8952780809719472,2
be83c2be-8761-4cce-8c56-dc027929393f,Lorelei calmed down after getting the teething biscuit.,1.4435972102331212,Lorelei chose to get flowers.,1.556474870895594,1
5ac09084-6bac-4761-b8d8-adf3b7912dab,The ducks liked me a lot.,1.2615508187008377,I ran away from the ducks.,1.2324049316220163,2
51f11eec-b9eb-4bae-acd7-03886c91675e,Lewis started to dance.,1.6864321519642738,Lewis laughed and told them not be afraid of the bats.,1.5829357198481944,2
81e69e5d-2cb1-4059-b497-b43577392a99,Sara made the purchase enthusiastically.,1.5696896638810818,Sara decided to buy a Viola instead.,1.4877978631401654,1
ca70b26c-2edb-474f-8b2e-6f3f00905fb0,Bill started to get ready for school.,1.6542718832358787,Bill felt relieved.,1.9817624512032523,2
bb49eaa7-a2ea-4ca8-9ca9-838bfe384b4e,Martha became an expert seamstress after a while.,1.6129031751994451,"After a while, everything Martha cooked was delicious.",1.7391402494901262,2
a643c405-45ac-4245-a3d3-66208ac077f9,Both cats were very healthy.,1.5053434404233625,I took him to the vet to treat him and he got better.,1.7270424369000796,2
aec3209e-fac7-406f-a129-7c2b41c20fe2,It ended up dirtier than it was before.,1.3563078208217076,The carpet looked almost new after it was cleaned.,1.3237074762105758,2
851b28b1-31d3-4f81-9414-1760f328f07a,Being healthy isn't always fun.,1.5552570312821432,She loved the donut she was eating.,1.492671996262893,1
c19ec643-99c6-4a27-bb9d-689ff5d5a036,Anna ate all the wings as she drove home.,1.668590207222474,Anna was happy with her meal of lasagna.,1.5111590872217753,1
e8c07445-8e02-45bd-8b31-a3696b3523c5,I never watch television with my brother.,1.698716675530834,I agreed to let my brother use the remote first.,1.5602172306675188,2
800c26cc-5a4c-46d5-a417-c52e53482df0,"When the plane suddenly corrected, Ivy felt a wave of relief.",1.6750780029798467,Ivy was glad she had chosen to fly.,1.5073090237077709,1
65dae43e-c570-4e77-88a6-0b64479e383e,Joey felt proud of himself.,1.949802771078974,Joey wished his parent's appreciated him.,2.0199415120131436,1
09052ed8-4951-496a-bf96-1d665b942abc,John decided to bring bagels to work.,1.724489170573829,"John reworked the presentation, and it was a great success.",1.7794346389129192,2
773e400c-9ba6-4aa0-9299-10253cac009f,Gina stole al the soap that was in the bathroom.,1.8633564384380645,So she had to settle for rinsing her hands off.,1.8116787620013999,2
fa6b61d5-9ea0-43b6-9d5e-05afaf2b5f63,She then yelled for them to get back to work.,1.5977353504604828,"The family sat down, and enjoyed a meal together.",1.4890448370159093,2
27157c02-49b1-483a-9745-e6f654428dfe,"Then, Emmy's dad said she could keep both kittens.",2.0193888430513436,Emmy left angry because she wanted a dog.,2.0505619344860992,1
696f32ce-3d68-41ec-96d9-7b958fc4cde0,Kyle was really into Marvel heros.,1.6627582517815034,Kyle thought Superman was a ridiculous construct.,1.600910431944178,1
67f83b61-a0fe-4599-8cc9-66ef0e1ba4fb,Francine was glad that she wore comfortable  shoes!,1.7127066716465607,Francine  retested  the formula for the missing genome.,1.5282192907164467,1
35742286-71eb-4bc9-ac2f-b41e6b8b1c2b,"When I got older, I had to stop jumping out at people.",1.3569335137797593,People were very happy when I played this game without them.,1.4401115398989035,1
65c8e152-567a-4b94-968d-48b75fb9687f,He bought lemonade and made us feel welcome in the neighborhood.,1.8670837902498199,He poured our lemonade onto the ground.,1.7868768839368114,1
6eea24a9-3542-4a46-949b-778c96e5712f,Jorie admitted it was a very emotional tour.,1.3289766258052422,They decided to visit the comedy club upstairs.,1.4107416005348654,1
40236de6-9cb6-4a42-be7b-efde6f86af05,Clara liked being outside.,1.7723682744580362,Clara's mom helped right away.,1.62549013337809,2
35c32a1e-cf05-4d95-8523-733082a30cab,I was angry and confused by the letter.,1.7128960084062108,I was very happy about the letter.,1.6756670566330487,1
fe77bddd-892f-405e-acd9-f1cfb8522d74,His wife was proud of him.,1.629526767084935,His wife found out and they got a divorce.,1.4858408007745831,2
eb534ad9-b837-42b2-9d9f-863d22de6183,The man eventually blinked.,1.7749554893685218,The man wanted to lose his bet.,1.8211179441240235,1
5803a261-2dd1-4156-bceb-c81fca0ca1b9,Shay had a great time.,1.5768049135299314,Shay really didn't like dolphins.,1.9341017669842036,1
5c029f1f-b635-4a8c-b469-1816892ad31d,Lia hated going to England.,1.5642222210798402,Lia took many photos of Stonehenge.,1.4679371156576722,2
ca59756e-6ff6-4d36-8c69-70d8f21d6d6b,I mopped up the mess.,1.2889751744646962,I left the mess and made a sandwich.,1.2611248319898531,1
173df287-22f6-49b8-8d63-f422129e0dfe,Arthur felt good about taking the last one anyway.,1.5542698932629169,Arthur ordered another round for his friends.,1.4993683747945603,2
e450d3ff-2902-4182-96d9-eadf4e570a1a,Jill was excited.,1.9025873795303683,Jill was depressed.,1.7599560529351492,1
46d66ed9-9b87-4bcd-90e6-9266d21015da,Jaden's girlfriend slapped in the face.,1.4393147915395272,Jaden had saved the day.,1.4704496850235693,2
ad2a375a-a800-48a6-881a-7c034f4b3f9d,He was able to ride the bike just fine without them.,1.4798135440739286,"He realized biking was not for him, and took a nap instead.",1.5515210573019067,1
fa10c3d0-1dad-4423-9054-b783c6f4d4bd,Quentin was glad that he went.,1.754994851260916,Quentin vowed to never go sailing again.,1.9199073081167577,1
4527bb6a-c109-434b-bf49-dffe2874b903,The cook praised him.,1.5016891667621934,The cook decided to remake the pancakes.,1.5586715320087614,2
7013497b-6bac-4e24-a1bf-9ce80a31bb21,"After watering them more, my plants look better than ever.",1.7639672500409156,I didn't water them again.,1.7888540106001625,1
d4395ad3-c9ec-4e4f-805b-2a9772b8bdd3,Jill and her sister could not play any more videogames.,1.3477521806211268,Jill got better at video games.,1.3240235650556174,1
ad552657-42f5-4d61-9b9d-2992a13e6358,Then I fell asleep until the next morning.,1.476021827926311,Then I imagined that I was Buffy and went running.,1.4915375515609208,2
fd578a8b-fd54-45a5-916b-a60797100095,Drew always wants to obey the law.,1.6405618617683637,His mother was very angry.,1.345556463338503,2
f407ed78-e481-4579-8b32-5b4bca206a04,The baked eggs were great.,1.6582129405711576,"I left the shell on, and ate them whole.",1.6357863920245261,1
4baf0727-0769-4a16-b57c-0f65138e476d,The boy was grateful.,1.9294802752551123,The boy was angry.,1.689149117454513,2
3551862d-06d4-41b1-94a7-f547eb6d6063,He enjoyed watching the game anyway.,1.7508975392334214,Tom thought it was the best hockey game ever.,1.4788309176775292,1
5a26b3c4-3d2e-4ffa-89f3-e7e3c7994a85,Trip enjoyed the flavor of the seeds.,1.615386133944896,Trip stopped eating watermelon completely.,1.5293209069845937,1
518faf54-80a9-4ab0-8019-4f9b76ac419b,Angie decided to tell the requester to reject more of her work.,1.638586071337469,Angie tried to discuss the issue in detail.,1.731713337266552,2
6266a3b8-2233-4bca-b648-7fcf5301040a,Trina's dad scolded Trina.,1.5895168447645043,Trina's dad taught her how to dance.,1.4741470963578256,2
e4cb65fa-0052-496f-8407-91adb01a783f,So Ned gave him his own cotton candy.,1.6549682564973995,He bought more cotton candy for the boy.,1.506752293247398,1
7ae98915-03b0-40ae-9cd0-e1051e88c454,Sebastian felt like staying inside that day.,1.4432218822997978,Sebastian walked outdoors and went for a walk.,1.5797583659371484,2
abb6f801-84a5-4f5c-8acd-41366562540b,"His brother yelled at him, and slammed the door.",1.6529398574451255,His brother was grateful.,1.7026249342553013,2
7eb48737-de7e-4935-ad07-fb6bd6323923,She wondered if the cashier had stolen her information.,1.7391730914976127,She made sure to thank the fast food cashier.,1.7246402259523332,1
ca091eda-e978-4722-b8c3-8fd607ab6ff7,I decided not to buy the painting because I didn't like it.,1.5491927063714828,I purchased it and brought it home.,1.4771264222370264,2
fa858dfd-9b76-4b82-9c28-d6af70649a5c,My boss fired me on the spot.,1.603469116177182,I received the promotion I wanted.,1.7202411895709318,2
1cb827d2-5dca-4618-8787-770e5b31e5fa,She gave Dan the train.,1.6458480534201514,Dan's mother told him to get ready for school.,1.6638305023577287,1
0d6425fa-bf7d-47e9-803c-4918ebbfe1de,Then Gina placed the purse right back where she found it.,1.652933881167415,Then Gina told her mom where the key was.,1.5660199484982695,1
5869b273-6f8c-471c-a269-a976c4a2a2ba,The man moved to Texas.,1.593445784667205,The man moved to Kentucky.,1.7057829108442542,2
eb063789-2d4d-49ab-ab4b-bdccc21ad5c8,Tim was thrilled.,1.8787912304852539,Tim was terribly disappointed.,1.8217962887142964,1
e45ad242-95e8-4d1f-98df-068e883d7224,She decided it was not the right cat.,2.0117299509940056,She took the cat home with her.,1.885368476079082,2
51a5d37a-b747-4b2b-ae86-77417dfd37bf,I was rushed to the hospital.,1.7208135282991783,I got up and got right back on the balance beam.,1.691206942738614,1
0f00cda0-7624-4e4f-bbf6-b3b185448063,We each bought one dog.,1.558688345282786,We did not like the dogs.,1.829043151874969,1
f8dce44f-2d2d-435b-9c0b-613d2011882f,Johnny began planning to move to Boston.,1.5176928238592315,Johnny was happy to be in a small town.,1.3246867155852535,2
f4afa99a-a6b4-4023-bce9-3c5772ccbb3d,Joan's mother didn't speak with her because she was unmarried.,1.8443954123113313,Joan felt good at seeing her mother's face.,1.8130638521631257,2
10580bae-a7cf-483f-aa01-49626781a87e,I began to write more.,2.0033871658720774,I went on many dates.,1.8693883360929686,1
72afc487-caed-42ff-b8cd-fc14176348fe,My daughter never forgot her field trip.,1.5716948047639197,My wife and I had dinner that night.,1.5735248562309325,1
115cd979-a1f5-460d-90ff-4c1fc637f930,We befriended the bouncer so we would get into the club tomorrow.,1.8675301413601018,The bouncer did not allow us into the club.,1.767039408059175,1
34f11687-2858-4acc-9f91-968cb6d4a1d2,I cut myself on a small piece.,1.6351691215293047,I loved the way the glass looked now.,1.5944932050287544,1
90d91e34-19ae-4ab5-836a-ef991863d531,That helped her figure out which car she didn't want.,1.431576656769732,That helped her find what she wanted.,1.4275590660822937,2
4b43c037-c52a-4076-af93-caf125331695,Sebastian was disappointed in hit performance.,1.5500280640970039,Sebastian was happy that his practice paid off.,1.604936667744459,2
bee156cd-7812-4c67-ba93-1b2c497ee364,The mother gently sung the lullaby to her baby.,1.3410523622608728,The mother played some hip hop for her baby.,1.2553618954048802,1
33ccaec6-8ae3-4569-8a79-05ccb6b27184,Some people noticed and Johnny got in trouble.,1.3861930594445093,Everyone was really happy because of Johnny's behavior.,1.2976016070617673,1
ae768ce1-26e7-4d76-8a2e-2a53bdd8d8fc,Amy felt so much better.,1.9214590904982556,Amy felt terrible.,1.9442204989970113,1
958ba547-7970-4a46-b969-c98dec34907a,Joe was very proud of his team.,1.5995727655172753,Joe was very disappointed in his team.,1.5786129524393575,1
2a1b4844-f9c5-4c5c-92e6-bd9b278739c2,Mark was very happy.,1.5318210425348124,Mark was enraged and stormed out.,1.4769561863934375,1
240e4087-d102-42d2-a7e7-07c116811129,Elaine found it easy to make up her mind.,1.5295011045424427,Elaine found it difficult to make up her mind.,1.4727836492316302,2
b358c39f-5c1a-4274-890e-e7ef1b44cc09,3 months later he received an acceptance letter.,1.5299220540693437,He never thought of it again.,1.4298677002946987,1
8af86cec-fa88-4a5f-932d-3113fb225eac,Matt and friends walked home and slept it off.,1.5226522105651938,Matt did not care about the missing phone.,1.3602921295330122,1
c71f92f5-d1e8-490e-8226-af55bd39ed69,Everyone had a great time.,1.688233610511533,Bindu hates her friends and parties.,1.5536486030915504,1
248a69a6-117f-4512-92db-7bde99a2ab0b,Tyler made cupcakes to show off his baking skills.,1.7373241299866873,Tyler takes a quick shower and gets to the bus stop on time.,1.5562097580181349,2
e33c53cd-ef8a-4db1-9c32-f959915e58af,He was diagnosed with diabetes after gaining forty pounds.,1.6770240462442765,His doctor was very pleased at his next checkup.,1.5138204883885715,2
2ad820ab-e57f-4652-bd55-8d65676cc26a,She decided to watch her favorite comedy show on Netflix.,1.683447718473945,She screamed and pushed her brother away.,1.691447758712084,2
17701a43-538d-43de-8115-113ff7211818,Stephanie pushed herself up with her hands.,1.5392202555459575,Stephanie could not get up until someone found her.,1.6371470595441096,2
a4d8103f-fb5b-47b5-9bb0-619a13fff746,Roy decided to leave the fish in the refrigerator.,1.634745831542518,Roy threw out the old fisher and everything smelled better.,1.6963228242896677,2
d55d516a-381b-448f-a955-de72d53f50db,So he repaid them for college.,1.3578920726789903,Jimmy called his parents and cursed at them.,1.51212902096281,1
aff4c215-48cf-46b6-9e7d-0f66bab8fe98,Her date arrived and complimented her appearance.,1.6799433857649764,Jill and her friends had a fun girls-only night out.,1.6023268439631848,1
cd3eb218-2b2d-462e-b33e-2747b8dfaeb3,The old woman refused to give back the banner.,1.7057611516504751,The old woman was delighted to find the fur coat.,1.6478550701279904,1
f15ddccd-7a21-45c3-ab3f-241ef3b2e4d3,I never ate pumpkin bars after that day.,1.4822504819063922,I made pumpkin bars later in life and they reminded me of my mom.,1.3105483792779702,2
ddb2a703-b9a5-4462-98c2-eb6705f1430f,Tim decided he wasn't interested in birds anymore.,1.9677899770611154,Tim and his grandad found a hobby that they both enjoyed.,1.7950546920535748,2
577c1232-e3bd-4650-8f6f-17d941d9cb6b,He gave him another scoop of ice cream.,1.784167429479246,He refused to give him another scoop.,1.8933828941525443,1
7d5f167f-0f44-4bed-bf1d-7c6a1fbaa6db,Laurence and his family drove to their new home.,1.2581040832284605,Laurence put all of their belongings back into the house.,1.3354232686202072,1
8175fe68-8698-40ec-a14e-7fe61c43a17e,She had to buy a shell after all.,2.0403441318884457,So she brought one home and gave it to her crab.,1.9365521965073826,1
cd83513d-dbe7-4931-badb-7adf2c0a1b95,Westin cut a perfect slice from the cake.,2.122085322143646,Weston and his wife kicked out the intoxicated person.,2.2172698606406427,2
91143c2a-eb2c-4524-8ff5-98c06aa46da2,Joe laughed about the experience.,1.804913005688641,Joe was angry he got hurt.,1.9045224931416027,2
3ed55cbe-f198-4d64-b083-4c27788cf82d,Tim was very determined.,1.8084639615534135,Tim had little determination.,1.8542540004264345,1
2928e9de-f40c-4851-8d2f-a8b70e106751,The person apologized to Henry.,1.7889912484712165,Henry was happy and thankful.,1.7130106676928758,1
047d8c8e-c97e-408f-a29d-2d1650e82a18,Tami made the basketball team.,1.412969298760259,All the players were good but she made the team.,1.4159039150266914,2
202a3b75-1851-44dc-9162-4cd6123e5ef5,"Their mom enjoyed her new, broken vase.",1.3786770228698721,The glue held the vase together and their mom never found out.,1.309426394613022,2
69742aaa-ec73-4354-9de2-2ee4f8e19ec1,Steve wondered if they could ever get back together.,1.5671396831232218,Steve drove an hour away to go to a strip joint for drugs.,1.5710336233810125,1
e7594236-eaed-46c5-8389-f1e099bd5e11,She wore them proudly to the next party.,1.5074203802111734,She was jealous.,1.5746151030967501,1
81a217ff-717d-4416-a45b-25fe7be0d0fa,He decided to go turn on his heaters.,1.6089136068149235,He then decided to jump into his pool.,1.6689639033781085,2
a94a118d-643c-434e-8a5b-626aff2969e1,He was deeply unhappy but afraid to leave.,1.8787734546256074,His eyes glowed with excitement.,1.933545903260689,1
e56d5c8d-221c-4388-9a15-c38af332120c,I am a biologist who studies snakes.,1.6351753597019745,I followed the road back to my car.,1.664705506817843,2
3bb6cd39-ddc2-4265-9119-3b7ec21417e9,Mary crashed into a poll.,1.6887749021338245,Mary kept driving and drank it anyway.,1.4686134814943332,2
dad91d83-5774-4465-9256-0168882ff253,He never regretted his decision.,1.7182004132518507,"He was so depressed, he became an alcoholic.",1.5142577154241865,1
1edab233-bd17-466b-b096-763a79b68f7f,Quinton felt depressed.,2.109310929103317,Quinton was so happy.,2.2582992117143794,2
d1fdbb06-3fda-49a6-8987-4aa10930bb53,He ate a muffin.,1.8069548277428542,Igor took a cold shower.,1.7883600493281513,2
e04b2175-4e43-4660-a9bc-fbb0f0a2db6d,Tara still enjoyed listening on her own!,2.281107399212178,Tara was a mean girl.,2.04849464001873,1
dac28c5f-fbd7-48dc-810e-c5126ac2ac89,We took the tour and enjoyed the history of the place.,1.8636619957535534,We left the White House abruptly and did not take the tour.,1.8514687863122157,1
61eaf272-ed42-4f8f-be21-d1f5d08232dd,She hates music.,1.5912828254952818,She wanted to play the drums.,1.7007633257816017,2
15f0716f-58ba-42c1-8551-969e4fed73b8,Maggie was encouraged to do more.,1.543086785342764,Maggie gave up the piano.,1.4768458955946344,1
9b84f608-dfbd-4e83-8f09-82371de7b597,I am glad I signed up.,1.3998571849428072,I regret signing up.,1.3068644412033468,1
549ab2c4-c609-4c30-b0b9-ce126b9cb78c,He decided to serve meatloaf instead.,1.5029150250668526,They all enjoyed the meal.,1.5204246339170386,2
8752af72-d046-4b0c-b8f2-70b7830775fa,Ryan was blind.,1.7147858943926644,Ryan decided his job was rather dull.,1.6089541222610109,2
c578bb8a-96b3-4f9c-8e57-086bb7a1b4ec,Johnny told the teacher he was happy.,1.446276268257758,Johnny told the teacher he was upset he didn't get more colors.,1.4746605933029033,2
2f54110e-3ffe-45b0-84af-58c6e04c9056,Jill hoped they would find it soon.,1.8497809656021342,Jill was glad she did not bring Joe.,1.582964864355271,1
aff182db-fdb7-40d4-b5e1-b7832062b4c8,Ella did not ever become good at piano.,1.5858725411354277,Ella then became a star piano player.,1.4946462973352594,1
b25259c8-032f-41ee-b65d-91e191d79bee,Dave was against the second amendment.,1.478559421275385,Dave bought it and enjoyed his purchase.,1.4850666729503639,2
d3b8322e-701b-4fc9-9c22-19829846be51,Rose was so warm that she took off her jacket.,1.4001106899203082,Rose shielded her face from the wind.,1.4526873135468474,2
0651e816-17ac-4226-9b7f-6391936ced7d,Drew was glad his project would be free of any mistakes.,1.5975411973310485,Drew had to start typing the paper over again.,1.6685992025941454,2
8eb0f3e2-f19f-46d6-8ad5-fef5aee976bf,Sarah's father took back the telescope.,1.6077099865044875,Sarah loved her new telescope.,1.5194078211629263,2
b5225b40-7c56-4569-907e-8ac547e7ed7b,Melanie decided that the room looked perfect now.,1.9646890261725294,She decided to put a rug over the stain.,1.970388125755329,2
3a97e4bc-6cc7-4c33-bf8f-4f31ebca4e6e,We woke up to find him sneaking in the through a window.,1.8314797052024114,"He sat down at the table with us, and we all had drinks.",1.759345972547011,1
8078b014-a08d-4e23-8c52-bc82316d7207,My parents want to live together.,1.6232710911472448,My parents was to live separate lives.,1.5962429869112928,2
92eac3bf-1e5f-428e-bad3-52b72ff12be6,The new baby was a boy.,1.6392303963025006,The new baby was a girl.,1.6189792623305854,2
90396c59-53e9-41fd-b6c2-fe87d57e0064,Monica and her friends enjoyed the doritos before the next Dare.,1.4829039494311123,Monica could not explain why her friend had stolen the doritos.,1.5567366178439352,1
642a4773-0c58-41c4-85ed-c9544b642ded,"Finally, Ray  asked his friend if he had a spare toothbrush.",1.7699606499245264,Ray did a good job brushing his teeth.,1.7035353508181235,1
896f3a7a-76b3-4cf9-ac0b-286e62200f8e,Ellie was felt prepared for her schooling.,1.495552631088242,Ellie decided to skip school the next day because she was ahead.,1.4404909349188297,1
792e9960-ab64-4b97-a921-5f2eae24af47,He named it Don's Comics.,1.7838707797263713,Don threw his comics in the trash.,1.7588536380013684,1
70a48e6f-a798-4f68-a865-4cecdac6c262,Arnold took a relaxing shower with the bat.,1.7093685306385178,The bat flew directly toward the source of the scream.,1.8097250844189965,2
3afb1043-b5e5-4935-9d2a-819270164bec,Sean decided to go to a shelter.,1.9324398235251503,Sean eventually moved to a huge house.,1.9946596941741328,1
8591a808-13de-487c-8468-0d49058b5ad3,They decided that they could not make a meal.,1.5947409128594754,The two hobos ate their cheeseburgers.,1.4918132868773075,1
7a3f8018-cb36-403d-b464-14f3a6872b70,Judy and Bill were highly unprepared.,1.4862789063945656,Judy and Bill were very prepared.,1.6416355265440588,2
cca245f8-ea9f-4110-87c5-9b23b17ce789,Sal was furious with his wife.,1.6713773799906708,Sal's leg eventually healed.,1.7520276729852136,2
f5666b2f-ccbb-421c-ad5a-a0dd0e3cf52a,"After that, we got a divorce.",1.4291125053851073,Both groups had a great time seeing the movies they wanted.,1.2838904283634673,2
e46e91fe-65e7-42f0-93ed-bebd23ff903c,Amy decided to go swimming.,1.864503305100106,Amy was surprised that she did a good job.,1.7094512841760154,2
ca41e234-633f-4b0b-8f7f-7cca85b688ea,Kay's raft floated.,1.4515929329849193,Kay used the raft for firewood.,1.4419797554379672,1
8683daa0-eb11-418c-b411-046283484c92,Max consistently failed.,1.637573545138745,Max's teacher's praised his creativity.,1.6288442010398643,1
8f7be9c8-a310-4319-9ae1-5c20b9b0f292,She knew he was someone she would always remember.,1.5428045742405059,She realized how boring his life was.,1.4761106370324653,1
2c2e3bc5-3cda-4c6b-9173-41e4eeaf36c7,Ashley went surfing.,1.764922584280233,Ashley went home and went to bed to get better.,1.5770413492594488,2
cca36237-4d06-4282-b20a-47006348b0a2,Her mom brought her to a sleep specialist.,1.7855388674022994,Her mom gave her an alarm clock.,1.7340058723593836,1
61d3fcb2-33e6-47c7-8ee2-80230d9a0717,Joe could not find a job.,1.9019824962694445,Joe was grateful and then went to work.,1.9158143967115446,2
3be5ad30-ff57-4914-99b8-b89ae807bf6c,Lizzy decided she did not like bananas.,1.568541722319284,Lizzy needed help to get the bananas down.,1.642181952987465,2
b0646c99-45f2-4db5-bc83-e60e69b37387,I am afraid of heights.,1.800210174250077,I had a great time!,2.1113933114341874,2
a555794a-41f6-4893-9125-1a0a3a5445f1,Bryan went home in pain.,1.5419833472345632,Bryan went home relieved.,1.582512006792048,2
418b31ba-eb1a-4986-b569-dafa82f58bc3,Tony would blowout Mark.,1.5749874730300568,The games were very close.,1.4017550480420606,2
3213262c-8178-478f-9528-61fdc6f89dee,The girls decided they never wanted to make candy bars again.,1.478629088447652,Her friends suggested she should sell the candy at a bake sale.,1.6559765238112465,2
900e1a7a-c221-4b15-9998-750301bd6a31,She continued to work out for the rest of the year.,1.897844935843718,She went home and ate 3 cartons of ice cream.,1.7431902008342208,1
89cbffbf-4258-47a7-944a-9241ec0c2f17,She was happy at the turn of events.,1.7835755495319128,She became depressed.,1.719050303729798,2
9b291170-7135-4249-9411-24c27a685414,Bill thought he was the luckiest guy alive.,1.8915456781774858,Bill was sad to see the sucker covered with dirt on the ground.,1.8103453401856127,2
f5625636-c343-4673-8695-dd8f5ed5058e,Neil decided to never return to Transylvania.,1.6955560383477521,Neil enjoyed visiting Transylvania.,1.8050279449161504,2
4491c70f-158c-4c4b-b5ed-87b3812711f3,The stunt man was paralyzed.,1.705180391611328,The stunt man loved it.,1.7555563502767693,1
b666186a-9b57-42d0-adb8-96ccab629c82,Ralph then asked Pamela to marry her.,1.474702546514046,Pamela decided to break up with Ralph.,1.5679740773406183,2
76e63073-9411-4974-b799-5d2d97b66955,Helen looked forward to her first mission.,1.9594675896215548,Helen dreaded seeing outerspace.,1.8028686964433596,1
9f211d53-a8ce-4dbb-9962-d0a7a431775c,Hailey was excited to see them all again tomorrow.,1.6427524636951465,Hailey cried to think that she would not see her friends.,1.6205612007036554,2
7afb9047-0f6b-42cc-9787-34aacba9d03b,He hates his grandmother.,1.8229492458888972,It is a fond memory.,1.7807529067495946,2
a7055395-54de-49ed-83dd-c185ea15d576,Valerie wanted to visit Germany.,1.57448474916996,Valerie hopes to live in Italy someday.,1.400909962536154,1
e45e2974-a14f-4f8b-b681-ca7cb37cd2ee,Tim's phone became ruined when he spilled water on it.,1.4038916806394501,Tim didn't have to worry about dropping it in water anymore.,1.4350753922781687,2
2f5c65fb-843e-4997-8140-13f5f38c9137,Gina walked down the highway without her family.,1.75863353992607,Gina was so hungry that the fries tasted good this time.,1.7326303777803567,2
f3c5e059-72e7-412b-9248-80396c4e240a,She said she was my long lost mother.,1.5364957529585954,I said goodbye to the man on the phone.,1.5208643093502547,1
2ad06102-faf3-4d63-8256-be03d543ce2c,Nelly hated the outdoors.,1.8467994121743647,The fresh air was exactly what Nelly needed to clear her head.,1.903566694523037,2
2db35e99-36cf-4fbd-876d-d26fe8b649c9,Alec and his wife decided to go to the movies.,1.5563556921382984,Alec was happy to see his daughter developing her verbal ability.,1.4998201712776977,2
7c8964d9-c397-485d-86dc-6b95fb3be64a,The police officer gave me a badge and made me a deputy.,1.571692223978237,It was terrible to be sentenced to life in prison.,1.5518560680813618,2
2e2b0ba2-cc01-48ca-983d-50109116c862,He felt cool and retro when he played records at a party.,1.4974010624876974,He broke the records one by one as his parents watched.,1.5119008568195988,1
2406943f-8a63-496d-8585-8ec3abac0f49,Amy was determined to gain weight.,1.2757677973838968,Amy was determined to lose weight.,1.2786064012785539,2
0affefb8-3cfd-40fd-b5e5-cddfb5d30428,Tina held back her tears.,1.8191880043655415,Tina joined the high school dancing team.,1.6710284801163384,1
b6c98944-3cb1-4d9d-877d-bb5d463526a5,Sally was grateful for his kindness.,1.8613264942926604,Sally cried the rest of her break.,1.6870781637221175,1
80191f19-91bb-40f6-be0d-17f33e002c19,Jennifer worked hard on her lessons and got into the band.,1.5987103641921996,Jennifer had not taken any cello lessons.,1.6407899437143671,1
b088959d-79f1-44e7-9fd1-b69dd14acb87,Fred rolled over and fell off the bed.,1.3291894553771522,Fred woke up with a hangover.,1.3212246102123626,2
6d412966-5675-41f1-bd11-65f3a2fa5797,Ronnie's boss commended him on his dedication.,1.8001586880613167,Ronnie quit as soon as he got in.,1.7321827941848456,1
1a83c1eb-7041-4040-8982-7cb0b63c9c20,Burke soon reverts back to being grumpy.,1.6813936531489988,Burke loves interference from strangers.,1.642939065831035,1
79afda6c-31b6-4201-ad86-233ab808ef8d,Matt always paid more attention to the road after that.,1.510355741870613,"Matt fiddled with the car radio, looking for a better station.",1.5132129245190045,1
953792ed-bd0a-4c95-bc6c-7965187afd82,Brian was very creative and brave.,1.553903386161209,Brian was not very creative.,1.6570126279001136,1
8552c047-b700-4b7b-95b9-f149cf26cffb,I loved decorating for holidays.,1.6928175836930297,I hated decorating.,1.6029178047411352,1
04a3004e-2468-463a-9481-8435917491cb,The police found the perpetrator and locked her up.,1.3828569200714913,The police put on a community event to raise money.,1.6167386263185108,1
844bc94f-b9dd-4c80-874e-b56c300fcca7,Pat is happy.,1.9369962719033764,Pat is sad.,1.8513762760612524,1
96736ca6-46ef-4ed0-8a12-3364ae3b27da,Solomon asked the interviewer for an old-fashioned.,1.610538684397933,Solomon thought his name might not be so bad after all.,1.5883859582161874,2
fed543f8-a766-4304-a8ea-d84b18bfadb0,"Try as she might, Kelley couldn't find her dog.",1.5302397502206526,She was relieved to find it underneath her car seat.,1.329082466946455,2
34e043b3-9511-4589-8d32-3c91f92e0365,He used the tickets to take me to see Star Wars with him.,1.4017166725194659,"With a look of disgust, he threw the tickets in the trash.",1.5547449318460638,1
9e9c90c8-f951-4f4d-a4a1-9c0885008086,The customer was uplifted by the special service.,1.3661004709620133,The customer was angry.,1.4344104531282305,2
5266d0a9-9676-4b0f-9947-5f0b9d2f5227,Stacey got back in her car and drove to work.,1.2677216756470553,Stacey told the police what happened.,1.369642703340903,2
5a68e437-26e9-4c2c-8390-e09787adf317,Diane decided she hated Karen more than ever before.,1.734104242774575,"It was hard, but they agreed to go their separate ways.",1.6129954973754248,2
7dd60447-f348-46d6-a9c8-a8c0e1929ebb,We miss her so much.,1.7193359930050613,"Later, we gave her a bowl of milk.",1.6092445317175352,1
04e5efa9-1c6c-4316-9aa3-be095b55f14d,"Eventually, the goat became angry and bit Reilly.",1.6736584468352171,Reilly fed the goat extra food.,1.675710550582405,1
b92f303b-57b3-409d-a126-e8b2ed6dae8f,Sally ended up being my best friend.,1.5113284755125704,Sally wanted to inform the family of her husband's condition.,1.5452816096975963,2
0f16f911-002b-42e5-a03b-0f0d481a7abd,Laura wore a hat all week to hide her hair.,1.600546352133194,The compliments she got made Laura think the trip was worth it.,1.7279648488089552,2
d198e207-13f8-45bf-a627-7f3418b98968,Neil thought the country was wonderful.,1.6938280295519839,Neil hated his trip.,1.6523488444355472,1
caae8e0c-2dd1-40f5-9444-5a41c6ec5093,The man jumped over the gate.,1.400998883845881,The man went under the gate.,1.4361169205781659,1
471915a5-c895-42c2-9541-b2aa27f5a419,I thought the movie was great!,1.7043604103549312,I left after the first forty five minutes.,1.4607664192362184,1
4e92b613-219a-4068-a04d-3789c266ab3d,He gets much less for them than they are worth.,1.7109053870324054,Grayson uses the money from selling his stamps to buy a guitar.,1.7401384269711588,1
7077f2e6-ad0a-4c7e-b21e-cd28243d886a,Adam was never able to repay Lance.,1.981026362651929,Lance never spoke to Adam again.,1.875075564421791,1
d96069af-cdd7-42d9-a4f2-1837b3b42d88,I left the dentist's office with a signed petition.,1.5429833631722727,I was nervous but he reassured me that everything was fine.,1.6409746081343046,2
39d062a5-c89c-462f-a0df-876cba16daf3,"Pretty soon, Tim's parents hated the sound of the trumpet.",1.4616033374857142,They set up a space in the garage for him to practice.,1.4163539320395304,2
3541e6f4-8e10-473e-b8d0-2854f882e5e8,"So I would indulge every once in awhile, and it was delicious!",2.012166464828849,I always ate there when I wanted to save money!,1.8171386702267722,1
cb6da984-9fc8-467a-b366-4d19e2889158,Her in-laws thought the cranberry sauce was much too sweet.,1.547436080675242,The cranberry sauce was very sour.,1.3379031282725509,2
2f0b9829-8c65-4cdc-a6c7-e4c5d31b517e,I did not have a good holiday season.,1.6622433821828397,I had a great time with my kids while home from college.,1.5930555784857732,2
f2d8aa08-96e5-4ac7-b8b6-d7198d74e738,Michael hoped the new squirrel would fare better than the first.,2.0408710129457726,Michael decided to have the dumpster company pick up his trash.,2.054114928214994,1
a320d13e-5936-4b94-b152-81c7f2880d12,Rob was happy.,1.8493199325935443,Rob was disappointed.,1.8097564697166528,1
82491e68-a823-425d-9496-d26a1e8be976,Jennifer was proud of herself for swimming so well.,1.4342510753199136,Jennifer realized swimming was not her best hobby.,1.547473398114811,1
1d7c1148-bf98-4578-ac1c-148f12c3595e,Ace called out his friend for cheating.,1.5178949077409776,Ace was happy for his friend.,1.6843729230260536,1
cd2c799f-ffe8-4a32-aea4-09bb5cee816e,He decided to go golfing all day.,1.5322789593571275,So he gave her cash.,1.5353212806842547,2
0b2e246e-9290-465e-ad33-77af5e681528,He tore it apart.,1.9617050086555219,He loved it.,1.928286119777517,2
9daed93f-ad77-412a-b044-4a8dfe44043a,Tammy learned a valuable lesson.,1.9373249155230197,Tammy kept working out.,2.036258044371941,1
54804420-28ad-4197-ba66-c1f301f8e4a5,And so Abigail was able to lose a lot of weight.,1.4288216673040766,Abigail climbed off her wheelchair and onto the bed.,1.2588581831684846,1
d06963fb-440b-4c26-9a32-2bdaf1bfe246,Eddie needed medication.,2.019897581895153,Eddie loved his new friend.,1.900390425011142,1
36911b38-b7c2-44c1-81c9-6fd7e5baa8b0,Jay was livid.,1.5701730323434178,Jay had a good laugh.,1.5827917306520736,1
5b361aeb-8082-4fc8-94ab-aa3e4af4e83e,They then got home to their neatly cleaned home.,1.8245534418243265,"When they returned, they saw that their house was gone.",1.7059496702872687,2
88340408-893a-4b3b-8401-c4f4935d2d70,Carmen's family loved the crust.,1.280075039408661,Carmen decided to order Domino's instead.,1.4785378078102975,1
20769e19-7dc2-4cf7-a889-f2e869400ea1,His fingernails are much shorter.,1.6011778193926807,His fingernails are way too long.,1.7652589874221611,1
f558675a-1600-4c49-b0f8-8bb238e57d17,Herman decided he wasn't hungry anymore.,1.6490073531635692,Herman managed to buy some food to make a small meal.,1.44581995426644,2
39a60eeb-95a3-481b-9e32-a9838d212c4e,Grandma had to pick the peaches herself.,1.8941349766507027,They were excited to bring the peaches to grandma.,1.9237510605794217,2
5ccfaaba-fd87-4439-a947-a31fb8d943dd,Candice stuck to her original taco recipe.,1.5404045613341855,Candice got better at making tacos.,1.6602927868273332,2
a447849b-07ec-40fc-a2d1-90a4ea497ffc,Tony was hired immediately and succeeded.,1.9588012833843254,Tony then went back to school and found a different major.,1.8871386092582954,2
67a75c6a-e95f-4b50-879e-8fe0b3a6278f,Jenny was thrilled with her new living situation.,1.504632695957006,Jenny was unhappy.,1.564119940663784,2
267b00f2-70b5-47ae-9fb8-26f990752396,He finally got down to his ideal weight.,1.493321173736193,After a month he gave up.,1.6422666198445497,1
d06e3657-9028-4d55-adf2-ad63bdbcf407,The woman told me to leave her alone.,1.5699606064126697,I got her phone number.,1.642274731709822,2
db50ca49-9ca7-4cdd-ab92-c9c627781747,Cindy asked her mother to drive her.,1.5299537110938044,Cindy was very experienced.,1.5855173334825965,1
ae34fa14-8288-44d9-a1e8-b56ce11408aa,I made a little bit of money.,1.5257360806042322,I was ashamed of what I had done.,1.667178664233386,1
27434ef9-0520-4aa2-836b-c0c800bdc981,He quickly bought the camera.,1.6445341104946474,He quickly bought the film.,1.7470622181480384,1
78b13b6b-f8da-46f8-8eb7-a4c875bae08b,He fetched the ball and brought it back to his owner.,1.826771316181572,He then ran away with the small ball.,1.6743077439777878,1
2d4cb4d7-46f3-4cdf-989b-4f2c27f674b5,My mom jumped into the swimming pool.,1.631271401986583,My mom slammed on the brakes just in time.,1.8462872839242097,2
fbd3cadc-ed50-4384-91f2-cd769e228235,Kelly was fired for being dishonest.,1.8335147321161922,Kelly used the money treat all her friends to ice cream.,1.7713300028562047,2
d15127c8-80be-43a4-b6ae-bbb624f26be3,It helped him get a job in an office.,1.463881402593679,It helped him get a job in construction.,1.4787113401780934,1
35c15ec3-cf7b-4626-9c88-94ba6787eea1,She wore her gray hair with pride.,1.831690996351302,She dyed her hair blonde instead.,1.942798187543307,1
f0fdfa37-a5cd-4afc-b01e-59ec46e2e249,She was freaked out the whole way home.,1.6679005406228362,"She decided to give it a chance, and returned to the party.",1.6076063878232072,1
64b62db2-d6cd-4353-8834-1448d885e73b,I got my car registered and drove it around all day.,1.5188123128404771,I had to sell the car in another state.,1.5558779335155584,2
886c5f73-22f4-4f15-8954-95a544c2bd04,Trent drove off road and totaled the car.,1.803084968580516,The group got to Las Vegas with no issues.,2.063840117143638,1
2685ba6d-8b1c-462c-af50-ae5381d64172,Randy bought the ring.,1.9705149333011238,Randy ran away screaming.,2.180069280456192,1
79ec2783-bf9c-4c84-985e-541ad687ef30,I went to the tennis match alone and had a beer.,1.8221357517448111,The performers were really talented and the music was beautiful.,1.8891303242181243,2
90c53b34-57a6-41e1-b5a1-29d50387212b,Shay was upset that her company had mistreated her.,1.6991183746090417,Shay was happy that she went into the office.,1.5571986504199369,2
f26605e6-c3c2-4ea4-9a24-5c237bd92938,The whole family mourned Cinnamon.,1.3919940129662514,The whole family was glad Cinnamon left.,1.4490732651100036,1
14126bab-64ca-4467-aa1b-0e80352cb136,I was very happy.,1.6759103559849002,I kept trying and eventually I excelled.,1.635708126926621,2
624d9d5a-87f7-483e-8987-feca8924c212,Harry loved Mary.,2.045062118246416,Harry disliked Mary.,1.9786823723169988,1
764c6282-20a9-4f0f-9d1e-540409d0e102,Gina felt amazing that she ran.,1.7489847360543027,Gina cried at the end.,1.5760679924029941,2
29b08f00-d2bc-47b6-966e-6da1036f069a,I couldn't mow the lawn.,1.7346487097120138,The lawn mower suddenly started.,1.7563776321444393,1
3e4078a2-9651-4fbf-82eb-043136dcfadd,The fox then lept behind our dirt bike.,1.5824156411091583,We stopped in time to see the fox run across the road.,1.576031491784109,2
ed4c0e4e-ef66-49bb-b0e8-5f38bd3ba569,John was happy about being rejected.,1.5739505945360293,"The girl found this charming, and gave him a second chance.",1.6734856242989393,2
e40b2aad-3873-4b37-9d90-a264abfc7e74,She began brainstorming a new ice cream recipe.,1.5819617318986907,She threw her ice cream in the garbage.,1.5677492555074426,1
e0a9d5b2-15cb-4f12-93b8-90953167efc0,Miriam did not enjoy arguing.,1.7021745750833759,Miriam became a very successful lawyer.,1.6878439327839772,2
a97be601-1dfc-4302-a72b-0978ffff81fd,The field trip went very well as we had hoped.,1.3395370266306554,"The bus never arrived, and we missed our field trip.",1.2069005322981652,1
d4452d09-c194-4796-aaf6-cd48d7e5120b,My family only ate vegetables.,1.5489407188504676,My family was too demanding.,1.6643003441782984,2
e0e7182d-d02d-4259-9fa5-9986f7d865ea,Alice was a mess during her presentation.,1.557998973338106,Alice helped herself to some coffee and sat down to relax.,1.5748781125655344,1
217c5791-7a72-45d0-b3e8-1b4f20734f3a,Gina's mom liked her behavior.,1.5470123350810119,Gina got in trouble.,1.6756386654726303,2
667536f9-e681-42ae-bba5-afe8b0af70fe,Amber slowly developed into a pretty good hitter.,1.607644668808115,That extra practice improved Amber's fielding skills.,1.6966100142900566,1
bcf843de-e50c-4380-b7d9-ff504a0f1d6e,Gina missed her grandfather very much.,1.7356007483244058,Gina was had a great time at her grandmother's house.,1.5739587411382276,1
10dff8fb-1f57-4261-8f75-4abf667e5f93,I hated Christmas.,1.8400162911302298,It was a great morning.,1.7339655214506136,2
c55aad1c-4eb1-4c9c-a27a-5fbba9196f47,Jim made the basketball team the next time.,1.4934090375614892,Jim quit playing basketball.,1.6538423255477481,1
287a0ff3-5017-4f34-8e69-a14053bba585,"Gradually, Mary was able to pay off her debt.",1.6385292405095406,Mary saw no change in her financial situation.,1.6687322388472678,1
2cb343e8-1946-44bc-9550-17bdf23d7edc,John turned his homework in the next day.,1.7913159313369784,John didn't know what to do.,1.8508342956973989,2
7dbd977b-94b8-41da-888b-aee254d4f327,"Once there, she got her dream job.",1.6378544027870636,She decided to go back home.,1.65574347566668,1
c5c1c868-cae5-4826-aae4-a8fb7eeca5a4,John had a nice day off of work.,1.6014506399201993,John then felt sick the rest of the day.,1.5374653963043259,1
7afa9244-864b-4a02-9c71-bf1aaae50d1a,Sally decided to order her own pizza.,1.642119912452653,Sally was very happy to see cheese pizza.,1.5195489179219028,1
5e0bf502-0e65-4d3d-bf92-ad19f8f5b5dd,I went swimming in the lake.,1.3950169324930477,I've never had a worse day.,1.4040841675615274,2
c977abad-2d05-430b-b3fd-abd29d227ced,Ed won the game.,1.5543895514598196,Ed lost the game.,1.6134413740737317,1
af7e712f-35ce-4332-a6d8-d530a254b64a,Lary ignored it and kept working.,1.4209472298622168,Lary was happy and excited.,1.3865127902414238,2
5aaea84e-dc43-4fdb-826b-2d68ad19ea15,Jim decided that he would rather buy a bike instead of a car.,1.4814430113420038,Jim saved a lot of money in gas by buying a battery run car.,1.4628115903872665,2
9b3c381e-f61d-41ad-a815-fa82966818db,Sam was very amused by his dog's behavior.,1.7091419251044022,Nick decided to take his dog to a trainer.,1.7604531495506404,2
ed5d6365-1862-4e67-8118-41630999a060,He was relieved to be alive.,1.6019810345345524,Everyone else got out safely.,1.5162566242577518,1
19611623-a65a-4990-8803-559fdf276c3a,Jake satiated his hunger.,1.955685266026855,Jake then threw the sandwich away.,1.473938446633903,1
2f30738c-02be-4c4b-af03-6b6d6edd9a83,Matt trained hard to return to being a pianist.,1.7292844284159465,His training paid off at a marathon later that year.,1.7953008655596383,2
49063f7b-4e56-4c7e-9fcb-c21e4ad2e83d,Susie was so happy.,1.6316538496770723,Susie was upset.,1.7282222137198266,1
2e16fc90-126b-4d42-853d-adabc9329a04,Jon and Mika then gave birth to a boy.,1.4165653388488342,The baby grew up to be healthy and strong.,1.51343347839885,2
f847c329-4af7-4481-b10e-2333e55658e4,Brendon got angry because he was in serious pain.,1.9534730562299043,Brendon couldn't believe he was soaking wet.,2.0414990569482114,1
e3d73dc6-32ce-43f3-a831-0e1eb32319a8,Cara sold lots of items.,1.9584063200228659,Cara left for Vegas.,1.940934019058084,1
9a26ef1d-19a5-4f8b-bd04-7674f598df91,Lorraine is pleased.,1.8925965421060436,Lorraine is disappointed.,1.8233126550732661,1
c8a2430c-9e6f-4ffe-a72e-553d546fc32c,The meal Joe prepared was cold.,1.617453225533414,The meal Joe prepared was piping hot.,1.5741447081214264,1
3ec93abb-d64a-45a9-bdc8-a8d366e1a999,Many people viewed Jake's skirts.,1.4575464899759287,Jake hope no one would view his skits.,1.4119010543546713,1
fa228d73-45a9-4322-afb3-a94af13fb2c9,"The window was busted, but the horse survived.",1.4997698143393392,Jackie was happy her car was undamaged.,1.5242724137360864,1
8398d541-71aa-4f6b-a7d4-6a504e9d114a,They burned their candles that evening.,1.606477370090633,He poured the majority of it down the drain of the sink.,1.6373296512866669,1
18d4dbc1-ed3c-40ca-8155-18884bb42732,I was happy with the TV.,2.0235049000935685,I returned the TV.,2.08721402703759,2
0029bfd3-b3f3-42ec-ba8f-2ea9b26e19f8,Dennis won the competition.,2.12246976877046,Dennis did not have fun.,2.040346919959441,1
9f5c5186-d29d-4914-9be6-917ae7520f5e,The next year his garden was beautiful and healthy.,1.3912986237759326,In the spring he decided not to start a garden.,1.369399232011971,1
23f75488-ac93-4c34-8914-a7727508f8ef,Joe paid for the delivery of some Chinese food.,1.5388910500014412,Joe started eating the pizza before the delivery man left.,1.5643035730477348,2
c6cdbb7f-ff5f-4b0b-9c41-6818d712dbcb,It was the best New Year's Eve party ever.,1.3849066277505255,"She accepted the food, and asked them all to leave.",1.3277230017531805,1
c8a46f88-aa83-4380-b466-a83715b1924d,Jim felt pleased.,1.629219604464994,Jim was frightened by his gunfire.,1.5765348036008069,1
26db57c4-7415-465e-b1c3-732d6dc8b8ae,She also bought plenty of blouses.,1.6965579781384044,She wore a ripped shirt the next day.,1.6551273244137317,1
b7dcb1ce-bfe5-4e67-8ab7-e5b1df3c0b2c,Juanita climbed back into the boat.,1.5130770073541202,Juanita continued to take pictures.,1.4884433222611742,1
ce62c6d1-55b5-47f2-bcbd-736598321ad5,Jody was fired on the spot.,1.807307774024622,Jody became a manager and succeeded.,1.876113394620104,2
fb8557d0-f43a-4910-8e9e-6a42c3c6d0ff,The two then caused more problems.,1.821109228258476,Charlie changed his bad habits.,1.7590375238658318,2
5428c4c0-2339-4b9d-84ad-2115279a759a,She spread out a blanket and had a lovely picnic.,1.6435318035775406,She ate all her meals in the cabin while on vacation.,1.6119112221077898,1
cd779b2b-1964-44a3-a00c-f1f51633dcac,She thanked her friend for the advice.,1.628571349054905,Marcy stopped talking to her friend.,1.3455054714316663,1
da54dc4e-8a45-4804-8446-73c5222ab7e2,Sharon knew her time with Fancy was short.,1.9480693777009288,Sharon couldn't wait for Fancy to go.,1.7761986569553214,1
5c864b3f-9700-41bf-bb22-bb0dd4a3b792,Keith's car then skidded off the road when an earthquake struck.,1.7295382943655844,Keith's yacht hit the reefs at high speed.,1.676200248227865,1
4a7a6a06-fdf2-493b-b44c-55af33f92f74,Sean hated dining al fresco.,1.6251168353420962,Sean loved the outdoors.,1.6626826270162647,2
5e3bd2fb-97f8-4457-8ac7-37cda8af8205,Their son was difficult to take care of compared to Joy.,1.5850283178459708,The parents had another baby.,1.5018554006403435,1
125f2ec2-b9df-4014-a5ac-08fc0e30908a,Chris begged for mercy.,2.0352236305034137,Chris was excited to get caught.,1.8915893406392288,1
4ea69358-703b-4256-8d35-b0db9a455ec2,Neil stayed some extra days in Bangkok because of all the fun.,1.8920348193024086,Neil decided he never wanted to go to Bangkok again.,2.0012168484406123,1
93d64af4-f815-44d7-b4d7-2cb5aa2394b3,Amy was devastated.,1.5725826124315399,Amy was pleased.,1.6441475525489526,1
3d4e2972-d59b-4077-a16e-0d810743682a,It's so gross that I warned my friends to never eat there.,1.934173956355472,We walk in and the food is on the table right away.,1.7871287012054227,2
221b2d03-83ca-494d-965c-e75e4d598b49,Mike laughed hysterically.,2.006671462035519,And he decided that it was his calling to fight crime.,1.586476048943459,2
49bdca9c-4f31-4864-98bb-6db6e6e8d9ce,Tracy was happy with Doug.,1.548219243134564,Tracy's apprehensions about marriage were confirmed.,1.6802185686126727,2
c437d896-83d7-45b0-935d-25b20ecb8a5f,He closed his eyes and picked one.,1.7454390864636498,Joseph went downstairs and got an ice cream.,1.69954469413672,1
27675b3b-ba98-4b7e-aca9-fa73a6822c8d,He enjoyed his stay in the country.,2.020847251001862,Neil was bored of the trip and went home.,2.0015524845182604,1
bb996fce-3cb3-4f2e-bf0e-f689ee6932f4,The friend was very grateful for the help.,1.6236855873751102,Then I took the tire off and left him stranded.,1.5959195595995852,1
2e62070e-48c9-4aef-8a4c-f304065b9ad5,Grace was very disappointed.,1.93961709667192,Grace was happy about the ice.,1.6692805957311365,1
fa1e1318-d400-4dca-89da-cafd10680944,Harrison got angry with Emily.,1.855595576554395,Harrison was happy and excited.,1.9378860185648892,2
41f9c7bb-c8ff-4859-bfef-3552f065baa1,She found a cool item and then happily bought it.,1.3896379869971758,Sally could not buy anything without any money.,1.6024434893700712,1
0ddb5cc9-a0a3-4d6e-8271-d6e9046164f8,Fred didn't like his diary.,1.7308043514105216,Fred enjoyed reading stories from his past.,1.6602850842181232,2
8941700e-80b8-457d-8057-5191d6e822ea,Sky wanted to leave as soon as possible.,1.5011335307159273,Sky never wanted her trip to end.,1.7467900906281633,2
41006d52-82fa-4f6f-9589-caa9f2c5f3b1,Joss told her mom that the exchange student was mean.,1.6728677160856444,Joss considered the exchange student to be like a sister.,1.6503868008369933,2
57f8da4f-6a05-4645-aa53-8adb7afb0679,The all decided to never do it again.,1.5222778990307555,They all had fun.,1.393900210053073,2
2ef42f27-39bf-40d8-8636-108de3583103,I wish he would pass away already.,1.9012917167674008,It's nice to relax and reminisce.,1.7837674570625737,2
88d01e29-7b59-4eec-9070-0607c375b168,"Less than an hour later, they're stomping around again.",1.8384321902003642,"They were so quiet, I had to call the police.",1.8526624085918701,1
2a20ef11-6bc5-4192-b59b-d6df5a78a2ba,He wore it everyday.,1.6817381293232185,He threw it in the trash.,1.6286370687602842,1
732d31b0-0c2d-4ae0-a374-8592dc480df9,He remembered to invest in gold.,1.7493971962611536,He did not drive under the influence.,2.009777401357284,2
222074bf-dded-4566-92c0-8dddf5272e37,Francisco became a good surfer.,1.5905456334394295,Francisco became a good skier.,1.5908285506494462,2
b4d4c62f-3043-4bd2-b51a-502a93477c41,Sal felt rotten.,2.1444301912768564,Sal felt great.,1.9372431964522443,2
bb17a4af-4b29-4cc9-9d3d-ffba54fbde43,The friends found Alycia's truck.,1.5714498137184962,Surprise they found it on the street she parked it.,1.5428970109200888,2
62283acf-2724-47df-a5f7-27229dc5acfc,Katie was disappointed when her mother said the back yard.,1.436901610469996,Katie was relieved when her mother said the back yard.,1.4804053079374073,2
a5dbdbe4-d1b4-4cca-abc3-437cea2b8989,Eric hit the ball with his baseball bat.,1.6944569273769146,Eric couldn't return Bill's hit and lost the match.,1.8478237873927261,2
ac3a7c0b-8ef1-4a7e-8f54-b24369873596,Gina was very happy with the outfit she picked out.,1.5479217506257097,Gina's mother took out a loan to cover the expenses.,1.5017989388260102,1
d2110ec7-67be-418b-9e71-5fa884c13740,She then scared away the squirrels.,1.3367639478702578,The squirrels began to come to her house more often.,1.2879468207817961,2
656c23c4-7342-4073-a2b4-a6f5fe5e2087,Gina was natural rebel.,1.9405192986619915,Gina was worried about her parents finding out.,1.7448617318061372,2
b22e9193-17b6-4868-be18-d7736063a26f,Then they moved to their new house.,1.561792288544455,Alicia was happy to be leaving her old house.,1.530235978167362,1
77034191-c785-4040-8824-3c6435ef0bec,He was happy that his friends considered him trustworthy.,1.6478523688075926,He had to admit he didn't really like their cat very much.,1.5613142783796714,1
3b074fb8-11c0-4bb5-b6eb-3a1870fd0cda,I ordered pizza to eat instead.,1.7322236191989924,I loved the new raincoat I bought.,1.729868184044233,1
800c65e1-0a7d-4058-a943-a2f22efa1251,Laura felt she had wasted her time.,1.7369345660764903,Laura had a good day in class that day.,1.513832016720019,1
e6aa4d18-ca05-41c2-a28b-067c52d59be1,They went home talking about their night.,1.4029480963786654,They got into the plane.,1.482607363985223,1
4e219458-ab81-43ad-8c03-a5e04313bb3f,It worked and the speech was received well.,1.6348179836153816,I stopped talking and went home.,1.5132934526767663,1
39e4750c-7552-4768-8090-68e982acbae5,Alice was upset she had to settle for Chinese food.,1.4176737667463108,She invited all her friends to join her at that restaurant.,1.591304776806696,1
5166cfca-16ab-4e30-b944-115a9819ad1c,I cooked the noodles.,1.2852852632046956,I threw the noodles in the trash.,1.2665425670841484,1
43d18abf-80a4-46c7-b81e-64389881989f,He finally found it in the garage.,1.2197404929866391,Pete decided it would be a great time to take a trip to Vegas.,1.4985672810824684,1
05f00a90-899f-4138-8452-352e2787ef9d,He decided to go home and cry.,1.8482880946732172,He was so happy that he did and loved the park even more.,1.9463734256428658,2
b760d9ca-110e-41da-bee3-7e21a59c10c3,Wendy happily bought more of the bath oil.,1.5493109304064911,The company gave Wendy a full refund and apology.,1.5555146260070143,2
84b1b98f-1e3b-460b-92a7-ef7b8f87e76a,He decided to have two.,1.6907977521583362,E spit out his beer.,1.887239836109709,1
48d93df4-f763-4964-b61c-c8a281b27257,The frog had never had such a full stomach in his entire life.,1.482474408521542,The frog was still hungry.,1.4446897641457719,2
e7f2f98f-c44e-448a-985c-cf849cc079d5,She gave him a dessert treat.,1.6998615383182232,She yelled at him.,1.5540689785320698,1
f403cad9-dd10-45b4-84c0-940adb678035,Then I ran towards the snake.,1.8594845557736026,The snake bit me.,1.8526943240290539,2
899bb94a-66ec-4a36-a26d-131571aff33a,Matthew's mother finished all of her work on the computer.,1.8904424720335165,Matthew's mother put Matthew in his time-out corner.,1.9789332532514448,2
c39a117f-2925-45d7-8bbb-41aeb4288587,I ignored it and went home.,1.3766829035674246,It was a deer that I was able to stalk and shoot successfully.,1.6218198914038697,2
43581cb2-1ab6-4999-bac4-ad9ad9afc9d4,It took 20 minutes to remove the needles and continue climbing.,1.911848221278706,Jack was able to climb without any discomfort.,1.880695169111223,1
ebe0057c-473b-4a3b-8361-746a9fbbf39c,Jim asked Lynn on a date.,1.7137618549561715,Lynn told Jim the he is unattractive.,1.7209361831526535,1
4f062272-6c07-4f43-9e8b-ff12ba8dc264,Riley looked much better and was well received.,1.6684839540387228,Riley stopped being friends.,1.6481792652290561,1
401dd8df-ea68-43e6-b446-4320f891ee9d,Aya was very happy about the outcome of the contest.,1.354815775632072,Aya was very upset about the outcome of the contest.,1.380991794246381,1
6a8bdf10-7442-4f8e-8f3c-073efed3b7a0,His parents gave him three days off.,1.7498262432709641,His parents threw him out of the house.,1.6786806990983365,1
d26b71ef-6d65-4a35-a8b9-400cb8068d76,Anna sued them but got nothing because they had no insurance.,1.4458196243701413,Anna went to the club and danced all night long.,1.6914298311099332,1
13cde7cf-2c08-435e-9bcb-5ec5caa5d71d,They purchased a nice home in a new neighborhood.,1.6585889209499434,They both purchased sportscars with the money.,1.8015065427958044,1
f95c252d-06a5-4b36-9d97-fd49781cb41b,I have no computer.,1.399220156182375,Most people liked Cover A.,1.4795054661664384,2
431d1f9b-b5af-4bc7-84bb-5ba8cc43fe93,The cat accepted the new post made of sisal.,1.4189913051942917,The cat rejected the new post made of sisal.,1.4307797564873739,1
d5f57be5-3ca5-416e-b525-8cc2193b600a,Daniel hated writing.,1.8655288812421613,Daniel had to get an actual job.,1.6586908296918494,2
3eb84632-b959-4a0a-aae3-f79c4a515cdb,The guards stole the ball from Jeff.,1.5621697069744032,Gary thanked me for my thoughtfulness.,1.7195122061628174,1
dc91bd65-f0ca-4cbe-9e1f-73da6aefd7e5,We will never camp again.,1.3638833547414384,We had a wonderful time camping.,1.362656957160586,2
9bfb6178-81b2-4ea4-8571-3fc395b35de4,I liked getting a good deal.,2.122710474522536,I decided to throw my bowling ball on the counter.,1.8443809642199487,1
cd7faa5b-6895-4a34-a737-0b2efd11d8ae,Joey finally received a call from an employer and got the job.,1.5541622309843461,Joey spent her days playing video games.,1.5750183976794765,1
03e1ec4c-f6e5-45bf-8ced-3d335a1d01fc,"Joe ordered some new cable channels, but was still unhappy.",1.7594300651123418,He was much happier now that he some companions in his life.,1.683257964928842,2
edd7b992-5e79-4359-8f60-99051b557b38,Nya decided to eat the same thing everyday.,1.1905373122020517,Nya later regret eating unhealthy food.,1.3318129693314202,2
027408de-1e4b-43c6-805f-6e3ecce5aa65,A tornado came within 2 blocks of the house!,2.0062389260183497,So I went outside to play.,2.0088606327795078,1
ce715a40-f9c1-436f-87fd-8f582337b5a3,I decided I didn't like drawing.,1.896192156144168,I went home and practiced drawing.,1.8609183582667064,2
e173545d-f2fa-4f12-b117-58b2def77753,Lisa still felt confident that her choice would make her happy.,1.8790691125449113,Lisa got a degree in business.,1.5041596633060945,1
edd718b9-d7fd-4109-9645-501281ad3335,When her parents caught her she was grounded.,1.3204501840242688,Mary's friends were very disappointed in her.,1.3506412558683403,1
a7e0d548-30b7-4d6b-b94b-746718b06b10,Afterwards they watched the sunset from a cliff.,2.4272740380317783,"Ivy returned home, and never spoke to Peter again.",2.305190345854257,1
9da06a52-ae28-4a98-b5c8-aa143b89dffd,The Man was not a building designer.,1.7911899603180044,The man built the tower and it was grand.,1.6757923269243118,2
ac55ff95-89fb-452d-9a58-8894d2cd4954,She gawked at how much her and her sister look alike.,1.5840665256677473,She tore the picture up and threw it away.,1.6814961229759322,1
ae6a3c38-eb49-4e7d-b185-8f9bf0618bbf,Liz got bored of the game and took a nap.,1.5337449392317086,"When she heard him giggling from a closet, Liz was relieved.",1.6732333685613145,2
914f41cd-4518-492b-97c7-f13b82c29f76,Mark ended up being late for work.,1.5869840916009672,Mark was early for work.,1.6405200100513782,1
746bea88-d387-436e-afef-f5e92a2f8929,Amy was very committed.,1.5576833032144053,Amy showed little interest in the flute.,1.3442437021958304,1
bc18f305-4f3b-4296-a5ff-702dd706322c,Emily's child walked closer to the lions.,1.6604777313378112,Emily picked up her child to comfort him.,1.7065753522218103,2
12807d27-8002-4330-91bf-1802fd3b5eff,Kim scored a basket and got a puppy.,1.4867016894368024,Kim was upset when her family got a puppy.,1.46677312887356,1
558a065f-e37a-4e6b-8d2a-3a4d962ba1fe,Kayla thought it was the best date she'd ever had.,2.130293345313786,Kayla told the therapist she was suicidal and asked for help.,2.120093216500715,2
f1e433e3-6cbe-4d7d-afee-3a39dc9d28ad,He was relieved to find out he was wrong.,2.1140147504809153,Ricky was soaking wet from falling in the pond.,2.08839670883581,1
71ddd569-e638-4f14-8bf3-60bd188f9971,My husband is so grateful!,1.493795469899394,My husband is so disappointed!,1.3788519662997554,1
12cf3857-c4b8-4733-9d39-e0b31f75fa4b,Ralph's mom punishes him for refusing to help.,1.7676941662270513,He is surprised when his mom gives him money for helping.,1.7981569684306828,2
fc53b072-2682-446b-b2f1-b3e2bc2ee73d,Kayla was an only child.,1.3793231296406814,Her sister was mad!,1.7160308041965866,2
17ac6b6a-38c7-4d0c-92f0-cd1d0dc76827,Laura was then impeached by the country.,1.9305137952654532,Laura then became elected by the country.,1.8615324998379124,2
4ff0bfb1-66ea-436d-858e-856e45b3f2e6,Charlie started taking bribes.,1.684956400377164,Charlie vowed to change things if he was ever made chief.,1.7332034635522309,2
96d9d324-0868-40bc-9959-1aae94dd3b55,Sean's roommates got very angry that he wasn't listening.,1.807177871022059,They tell him to never wait so long to do laundry again.,1.7860993472310043,2
1c3e9a4a-661f-48de-8107-e12331ef4674,"She never discussed it again, and didn't become a doctor.",2.0585829073263677,We took her out to drinks to celebrate.,2.1441765630740663,2
48bc580e-3694-4441-ac99-b175ecc1aa02,Kelly went home to change into dry clothes.,1.3393995290157943,Kelly was very happy to have soaking wet clothes.,1.343526470144927,1
7efd5758-6c1f-4c3f-a78f-474683a8a688,Ben asked his grandfather when they could go fishing next.,1.4798384999354008,Ben asked his grandfather if they could watch a movie instead.,1.471771081066629,2
51331d6f-f1df-4163-8747-ec4c7d5b1d8a,Amelia went back home.,1.660152193949278,Amelia was very happy.,1.536376979406408,1
3200606c-05e1-4aca-93e9-047de5a933ec,The boy hoped to get lots of presents from Santa!,1.4474765207403044,The boy left without getting his picture taken.,1.2560907029546768,1
0ead4e95-f11f-4fed-a8ef-47d46004934d,When he woke up it was freezing.,1.6350359803961367,Stewart was glad that he remembered to keep the fire going.,1.4973472274442408,1
ea50a050-f5d7-4f1a-a12c-076e9ea82c99,Anthony became successful because of his linguistic abilities.,1.7373935890266117,Anthony could not get the language down properly.,1.5927235021438086,1
cde7e7d6-2ddc-4f5a-88f1-1a9105fe3198,She bought two skirts and a blouse.,1.4142330634207005,After that she was able to go home and cook a good meal.,1.6327899240977082,2
d59bdca1-4056-415b-9a7e-11d60e545af8,Joanie was pleased with her brother.,1.655824160370031,Joanie ran outside to confront her brother.,1.5294276805510414,2
2fdb6362-2b1b-47b1-9a38-cb3ffe6e9201,Cornelia then moved her bed back to where it was.,1.4799743695221494,Soon all her friends had arranged their beds the same way.,1.6815378731661512,2
e245afa1-99b1-440c-91b6-f2e511c64380,Tim feels safe when he rides his motorcycle.,1.295898629443079,Tim is scared to ride his motorcycle.,1.2921333030718318,2
a0c199b8-13ca-43df-86fe-caab16c2cf64,Wendy ran out of the room crying.,1.408536571126523,Wendy enjoyed seeing the photos.,1.3712182342707062,2
bb8870d3-44c3-4223-9511-b3c0c9909353,Lester continued his life without a cell phone.,1.4745892852941198,Lester went out and got the best cell phone he could afford.,1.4073094453335586,2
085eb2c2-bd13-439d-8a61-0244f1c27b25,Ben was able to get his oil changed.,1.6029612615794124,Ben sold his kidney for crack.,1.7479499666064573,1
c2906cf8-eb46-420a-9012-1cae78ab3f55,I came home and ate cereal.,1.6721115894727039,I came home and ate pizza.,1.7337446151938924,1
23a9ba39-15bf-4243-a508-2dd550756ceb,Anna soon returned the fish to the store.,1.7259867293938398,Now Anna has a diverse tank with fish and coral.,1.7968108080783527,2
20e398b2-135e-490f-bd48-df8864229f48,Lee decided to adopt a puppy.,1.7539938556591577,Lee decided to adopt the kitten.,1.7618223630739123,2
0990d818-d928-4d78-a5a5-41b6b4876019,Bob really enjoyed his shopping trip.,1.4506597373205443,Bob returned everything the next day.,1.3983487886949162,1
7502cdcb-1e6f-47af-adc4-6e7c292f3e8b,Jamal Lewis gave him personal advice and wished him the best.,1.684672715419845,Young Reggie told him to stay far away from him.,1.6743910790145287,1
fd6e207c-1c55-40c9-85fd-d6ac53ea0eb3,She liked taking care of the robin.,1.4315885176182743,But she didn't want the robin anymore.,1.5014130233522074,1
4d567833-0f68-4976-bf8c-d10ba68e0956,I'm now free to pursue a career that will make me happy.,1.7310531860279454,I go back to work at my job tomorrow.,1.4205671657838068,1
03a810c5-6385-470a-bf0f-4beae08c5284,"Honestly, I didn't really know why either.",1.50738514573028,After a few weeks the flower died.,1.3200395040568438,1
ed8f4dfe-600e-4e68-af3d-22d2883ed575,Ben was frustrated at the extra charge.,1.4501795835243885,Ben was happy after getting the call from the bank.,1.4646120252514498,1
11c2d92c-ceaf-4796-8521-435c0d0e5831,The patron helped teach Chris how to speak basic French.,1.7448841291400061,The patron didn't understand Chris because he only spoke Chinese.,1.63584780737061,1
3bef731d-076d-4d20-a722-a2f8c2668796,I learned a lot from Google.,1.1847867052090475,I quickly become very angry at it.,1.123700008459267,1
2fed71a3-7ba4-43b1-9ebf-b15ecbabbe62,He was pleased when he was given the promotion.,1.6745121181304363,He realized he needed to quit his job.,1.8090564271783847,1
896a1b17-2dd1-4f0e-9168-7146939f6dcd,Fred's boss gave him a large hug.,1.4407337425294897,Fred's coworker who saw him assault his boss called the police.,1.5364497334690634,2
d806a701-9310-4b74-909d-c4bc746710d5,She bought more cable boxes.,2.012599425649346,She was glad to hear that.,1.8521322583602058,2
4fdedd14-b582-4e75-b786-f565892e9cc9,Victor decides to start buying pistachios regularly.,1.3031135085446317,Victor realizes he has left his sweatshirt at the gym.,1.3431451056218175,1
24487427-d54e-4cf4-a7fd-acdcdafa87ba,She asked her neighbor for a jump-start.,1.3177059411836267,She drove her car to the mechanic to get it looked at.,1.4838020930466784,1
d1817a6c-58d1-498b-aba9-34af04659142,Eventually Tom went back on the grid.,1.492605631039624,Tom loved the idea of a fast.,1.6300767616056189,1
07e6627f-e1c5-4cee-9b4e-0b951d508d42,Tim worked hard in school to become one.,1.5703757272166847,Tim hated mars.,1.4584940385091634,1
65b3382b-23e1-41d4-b2cf-169da4f7d578,Fred regretted his stock purchase.,1.5844991113139932,Fred was very happy.,1.6532386689208873,2
bf02c548-9458-4b48-a482-5cfb4031d7a7,Jen won the spelling bee!,2.070303840658769,Jen lost the spelling bee.,1.8038876507127743,1
281c3608-602c-401f-861e-5288408315c7,Kelly loves to have visitors.,1.9287890578866338,Kelly is agoraphobic.,1.8126244887843985,2
2a25942d-3b24-4a82-917c-f8b1c278ad45,She had a wonderful time on the beach.,1.6422106875389013,She was fortunately able to get back to the beach house safely.,1.77583972666145,2
e378ee18-a45c-4ce9-9506-e852566a8b33,Andrew wished his parents had alcohol.,1.7880329251683393,They drank the alcohol and got drunk.,1.6191913729033234,2
112151f0-6986-4251-aed3-2c454670a09f,She was happy when the power came back on.,1.5328104353753147,Ellen was perfectly comfortable.,1.723468985627618,1
aa86fc61-5be9-4ef6-9c9b-24003fdaaa33,Mike had a stroke.,2.0310927681853976,Mike started laughing hysterically.,2.0466228705079814,1
be1e8b99-b087-4e4f-b054-55ccfb85e480,He blamed her for stealing his bike.,1.5786936441676784,She was happy he asked her to the dance.,1.4955371395687862,2
81150546-2bec-413f-a2f1-df4b40f4bb0e,I decided never to go back to that restaurant.,1.6104976742123216,This was my new favorite restaurant.,1.5581545282019116,2
d313ed5f-56c3-40ee-918a-efeef6818d88,I was very excited.,1.8966887375736605,I was very disappointed.,1.9252460542409218,1
5af45d17-34dc-4059-89bf-6ac89e4b44b5,She had left the shower running.,1.6375390118944766,Helen went down to the lake to rent a jet-ski.,1.5639030530569302,1
63467525-31e2-4563-88ec-be61c5ba9d7f,Dan admired his father.,1.5454220271210082,Dan was ashamed of this father.,1.4091072080516693,1
c0b47103-e22e-4a61-bff1-031c33410523,Jeremy has a difficult manner for the workplace.,1.7444149206893111,Jeremy's demeanor is perfect for the workplace.,1.7831412812694272,1
e098b268-e0bc-4caa-a96d-2dd57183be2c,Fran's yard is now overrun with bugs.,1.8886451087439642,Fran suffered a fatal heart attack as she arranged flowers.,1.8723887729675477,1
dfd56967-1d66-472d-92ed-a59cea6c7f69,Our team was ashamed of their performance.,1.3607197573553407,Our team felt gratified.,1.5135412484061836,2
c467150a-5c67-4125-957f-557d05d3b953,She dropped out of college.,1.7712030682169313,Kelly graduated with good grades.,1.762375905331939,2
1cf5a954-d883-4c42-b116-40635b3a53a4,Sophie cried.,1.6813257712781613,Sophie laughed in her face.,1.626541400741893,1
05a2aa5d-1e5b-4741-a053-87b342b04578,Kelly hoped that she would get a call soon.,1.464906052609728,Kelly hoped that she wouldn't get a phone call.,1.4625343788863867,1
c080b61b-7467-4eb8-8c36-096451d16182,They decided to play baseball there.,1.6194139205477458,They left and went to school.,1.3883513803171623,2
e3ac8542-f974-4a3f-b198-e7b999397e7f,Mia won a jackpot!,1.9124742898209697,Mia lost even more money.,1.5337800097934244,1
f72182d5-f378-4377-a1fa-560607b43c52,She is happy with her selection.,1.1536539908226002,She donates the boots to the thrift store.,1.1556177365367517,1
62925eb3-37ff-4f69-aa07-14ac0142ffcf,Andrew was disappointed he found the ring.,1.612840369084745,Andrew was so relieved.,1.6581884609460014,2
6e9efc4e-6b0a-412f-95af-8ace0483644d,He hated his decision and himself.,1.6320238235164901,He learned that honesty pays.,1.6754174878934192,2
eb3c880b-ca0e-41a4-aa8c-3e602ed593c0,That's why I take two of them every day.,1.624914716511564,I decided to only take one long warm shower per week.,1.623430834260918,2
5a70a9e6-2934-4fbc-8573-98d5e355cc66,Barry also bought a hot dog.,1.91164983473172,Barry decided to leave the game.,1.758351194622724,1
40861849-64ad-48ef-be5e-7502a10cd665,We put out more red wine bowls after the results we saw.,1.587592231731621,We could even see the trap working.,1.5518486203745974,2
8cd5c023-1bd7-4821-bd29-26bb06a35ddf,They adopted the cat.,1.8690815759449426,They left the shelter without an animal.,1.8185127365308873,1
5af670c5-f7db-4f79-9407-054bb817fe93,They all went back home.,1.6868492054349744,The crowd made many people late to class.,1.925322072776667,2
1ee70e30-2b21-45be-be71-379c84f910ea,Azalea was very cool.,1.5847348247071362,I won't be going back to another concert.,1.488318414639851,1
9242cf97-46fc-4972-962e-cd11166ce518,Eric then gave up working out.,1.8850667700759038,Eric stopped being anorexic.,1.805462646911537,1
d9785ee8-3367-42de-b7c6-5ce1704028c5,"After she finished studying, Sally collected firewood.",1.5496903602731842,"Sally did well, and her parents agreed to take her to Hawaii.",1.6651384505980933,2
4edea61b-cb7e-4650-a6ff-08b12a283e1f,We did not make any money.,1.5765927863837872,We made a lot of money for our needs.,1.4205585602799689,2
6acf52a2-ef62-4d9c-b1ee-4b0973e98f26,My house is now full of flashlights I don't know what to do with.,1.7914705616011188,I hate my smartphone.,1.8309006517141717,1
f8dd27d5-40e9-437e-8b2b-6d975a46c3eb,Terry was forty five years old.,1.7019325663671703,Terry was still disappointed.,1.7544815090984898,2
1eb35b08-ec06-4ccd-9cbb-8ccf97624907,The Parker family was frustrated.,1.6806850115094556,The Parker family soon moved into their new home.,1.882346734433336,2
5080c261-9751-47c0-9cb9-7a9a326fb62f,Tom began to laugh.,1.7100905783023002,Tom began to worry.,1.6167438295369356,2
45afcd92-2b65-44a8-9c9f-3f732e157167,Kelly was relieved that the battery was still good.,1.7198277660574497,Kelly reluctantly paid for a new battery.,1.7184944580761832,2
72e5dcdb-ae9f-4b0d-9734-059ad36c33b2,"After he left the hospital, Joe went surfing.",1.1989849049275594,Joe was in terrible pain.,1.360119848455096,2
674a896b-c852-4475-92cd-0ec302276b80,He felt like his mouth was on fire.,1.6346475462574677,Neil loved eating bread.,1.6581281093679698,1
7be7b198-e925-4349-8f62-68e6fd50994a,When I got home I went right to bed.,1.5158093519355524,The teacher was happy I slept in detention.,1.4468208035110484,1
c8830537-e768-43a8-b250-81bcf74a7976,Amanda enjoys learning about nature.,1.4966350404709594,Amanda finds nature boring.,1.4446606235794373,1
49ed13f1-0fd9-4cd8-b810-0c1971af59a5,Terry hope to improve.,1.6483626600773533,Terry has given up swimming.,1.7234405396638313,1
127d62ef-d930-4258-8011-42f38662b067,Kaylee and James were married in the fall.,1.4148785173210425,James was sad about the proposal.,1.5881917800698022,1
93e752a9-e351-4148-98f2-3a6f1b89b3c6,She turned down the job when the manager offered it to her.,1.6610148077105569,The next day she got a call and was offered the job.,1.6610343188297665,2
7e38da11-bd11-4368-b640-bcda32262763,"Someday, she told herself, she would get a full-body massage.",1.476444725820033,She felt magnificently relaxed and contented afterwards.,1.5557799881420586,2
2490798c-c929-4518-be1b-60a7bf447f02,Bob was even more happy than before.,1.486224242215871,"Bob was still happy, but less excited.",1.4935394069840011,2
98e50567-1b6d-4763-ab4e-e9b8cb0de91d,We were all very upset.,1.6052310842702113,It was the best meal we ever had.,1.6712962947294534,1
0391b604-7929-45bf-bb70-3fc5cb9fab70,The children threw the money in the street.,1.5951187652744672,The children excitedly bought ice cream cones.,1.6827864762004667,2
eaf2de23-127a-4772-977e-a30f147d38dc,We boarded a flight to the beach.,1.6728003792254789,We decided to keep driving past the airport to the beach.,1.6798123241993639,1
581bd269-50db-4eef-8f73-ff34ac30f3ff,Susan left feeling very angry.,1.5333371639349294,Susan took good care of them.,1.4727530346881985,2
d9c4c9b2-9412-4a85-91eb-28fed5792764,The television show had hooked me in.,1.7251779527873339,I hated the television show.,1.8338370525517362,1
9e84d7be-cf37-48c7-88a4-0b8fa8d60f5c,Howard was happy to have had such a good day.,1.6179286186932698,Howard sat and cried the whole time.,1.5879765438944617,1
2e52f1ec-fada-4834-b9ec-49d24504e07d,Trent charged two pitchers of sangria to his parent's room.,1.7978905780164678,Trent was careless and caused a huge fire.,1.7170226209933879,2
cd681552-f7d4-4df2-b6eb-19f116383b4a,"He told the police, who said they weren't likely to find it.",1.6001622043734651,Things had turned out just as he'd hoped.,1.6219631140556592,1
8b3e5896-e1be-4ada-8e49-616acf0ec9b7,They loved the new look that Tommy chose.,2.0846738488499814,They made Tommy shave his head.,1.6302074624979008,2
6de23ad3-39be-46ae-bc2f-eefa0a636059,Cameron came by and helped Robbie shovel.,1.8478168576844038,Cameron went to the movies and watched Ghostbusters.,1.7350196839820238,1
1ab065d1-8ce6-419e-aed7-0937443df462,Ronald put on his shoes and laced them up.,1.8081082825223538,Ronald went to look for more laces.,1.7563193525826377,2
acf1cc07-ead5-4a22-af08-36aef9bc1242,Sara had a baby boy.,1.6510309119598292,Sara took a nap.,1.869597547841706,1
9eaf8117-275d-421c-a7b1-031caf44006f,My uncle hates the beach.,1.7052936816717355,My uncle enjoys his hobby.,1.8471540583468298,2
75ce5041-1988-4e25-8c53-32f7a0a7a435,I do not have a sister.,1.7205019819039185,We had a great time!,1.8991603066025515,2
38b21dc3-18c1-4203-a8e5-2c1d9fa8a9f8,Alice felt her friends were slightly thoughtless.,1.4652567361531692,Alice felt her friends were very thoughtful.,1.4834579683354194,1
83c5b5ed-ca29-4c90-abea-9df9d8d43cdb,I adopted the puppy for my daughter.,1.614957563181695,I decided to buy her a candy bar instead.,1.7489503005019902,1
2dc6ed26-4720-42e9-a27c-dc71dd1af6f9,Zeke then happily moved to America.,1.4030713198101155,Zeke lived out his life very happy.,1.3633318847350133,2
0318f3a8-92aa-4fa9-8d6e-01b4d87f17ec,The navy got back to her promptly.,1.6106496592956945,And the US army got back to her.,1.6693811907769311,1
6e39e409-bb18-482b-a8f2-54cec56943b4,Gina had a great day.,1.662363041958761,Gina felt very lonely.,1.8023391807830214,2
00ad2c65-acc5-41da-9661-5a63eca26dd6,I vowed to never get on a plane again.,1.65313619583047,I am no longer afraid of planes.,1.4616737518083327,2
9c5a0b3e-2f04-4d67-80b1-93e290e9c475,He threw the box in the closet.,1.5436629737864538,And he opened it as soon as it got there.,1.675272081782552,2
eeba73c7-ebe6-46d0-9dfe-939e794a90b7,Neil felt very happy and satisfied that he'd been able to visit.,1.857051067717211,"Neil spent all his money too quickly, and never saw art again.",1.7704849973753105,1
d7a88126-58e6-4b96-93a1-6ad17df59064,Jessica was very happy.,1.6749748674789349,Jessica was very angry with her dad.,1.5249648659920942,1
3e6e375f-2f96-4bd0-81b5-b7584e4734f7,Sandy threw her bed away.,1.6799430293362798,Sandy sold Jim her old bed.,1.6351101275293585,2
79a52a70-4a06-4cda-9caa-77b3d819e610,I loved all of my professors.,1.3151151384755928,Teaching myself helped me get ahead of other students.,1.6062944938891575,2
54c85959-aa11-443a-a1d9-0d54c02b2a18,He said hello and they began talking.,1.364147372599848,He dived into the cool water.,1.4494803810582044,1
98254f4a-f06f-4f8e-9602-c92cb9298f33,Neil was fascinated by the scale and beauty of the pyramids.,1.7970084440885974,Neil couldn't wait to get back to the hotel so he could watch TV.,1.8352841865887017,1
720c5b5e-1190-4d53-88dd-b4b6a41c06e6,Jen put more bleach in her hair.,1.8238587753606432,Jen's mother fixed Jen's discolored hair.,1.7792511972373701,2
4bf5f0f2-24e3-4244-a80b-624024007a43,Doug looked out the window and saw a blanket of white snow.,1.485835259857136,Doug found no snow and was instantly thrilled.,1.6199686605866943,1
6015f416-2703-4d14-937f-5612841d0445,Joe was late for work.,1.466804142647662,Joe went back to sleep.,1.5115023392918223,1
89eb34ec-56c2-4bf3-9e03-69b0c90a03d3,The police didn't question her.,1.3819814771991166,She hired a defense attorney.,1.532602019585009,2
55baff05-b025-458b-9cfb-9e9c7baa891f,We bought a chihuahua.,1.5865036680498577,We bought the kitten.,1.4736102329618992,2
c176e98c-4d7f-4f96-b838-a43acb72865c,His sister congratulated him.,1.7888900956619107,He was sad for the rest of the day.,1.6548900247194533,1
f0829acc-86fe-44f9-ac9f-4ca6ac2a7718,Finally they decided on an apartment.,1.5409186159558041,They broke up after.,1.6884908719823934,1
1c422263-4631-4d89-8e9f-34963938d3c9,Greta was happy that nobody showed up.,1.6967628314313676,"Greta was very sad, but her parents cheered her up.",1.7421028541866528,2
2a001e11-a576-4043-a060-7b2e28658be7,The festivities went on without a hitch.,2.030963910194981,All the guests were covered in snow.,1.9405820450731317,1
16a1ac09-7e39-401b-8a36-94fddf339b62,Amy did not like Christmas at all.,1.796790222734525,"On Christmas, Amy got exactly what she hoped to get.",1.874143783740085,2
6516aa86-f856-4411-a128-2dbeba8102bd,Anna doesn't like vegetables.,2.0358165814096383,She had a bountiful harvest.,1.9813026030497007,2
19f0abfb-d2b3-444a-a099-60b022deb653,Hannah loved her fingers.,1.5773061149240464,Hannah gave up the piano.,1.3964545801159476,2
ad0ce734-b1cb-4dfb-aa2b-bd97c58da4c2,Keira was so proud of her new boyfriend.,1.6780392955624528,Keira cannot stay with this abusive man.,1.7067019312343206,2
9ddff691-93e2-4af9-a29a-e391be79cef7,The shepherd then went back to his house.,1.3019077923373152,The shepherd then released the sheep.,1.2532455103759657,1
d3c29310-4502-47e9-9a6e-8b1178a0952f,He asked the lady from bingo to go to dinner with him.,1.3912351709021678,He decided to never date again.,1.4066486730025773,1
d582d1e8-c11a-4658-ab45-0755c17dd83d,She loved playing golf.,1.9020038454762394,She couldn't believe how windy it was.,1.4831061074152214,2
419d6f93-426a-458b-8e69-0a67e2e06ced,I didn't win.,1.5920677213118304,I was disappointed when I won.,1.359976524476323,1
ae050b5c-4abe-4cdc-a1e5-401c0146d220,Amy then failed the test because she did not prepare.,1.5194075562289844,Her song helped her and she then did well.,1.5050696177954175,2
143e9c51-729b-4891-888d-72b2a9e76438,I ended up leaving early because I was sick.,1.7367907280814283,I had a great first day of work.,1.7844076216778406,2
52556e86-50fe-4617-9edc-91841103805a,They had a good time together.,1.4123666042657992,But they didn't have any fun.,1.4506678487851874,1
19852081-0594-415f-924f-19b2e606a26e,Kay had to put some of her things in storage.,1.569540337526375,Kay had to go buy more things.,1.5907726322760949,1
58429e2f-3bc1-497a-ab9b-13f0b840d7ea,The girls were thoroughly embarrassed.,1.5624733374981217,The girls had a great time.,1.4729604997382952,1
91a8783a-1db2-4047-afd5-0171b05c0ed6,Vinny kept walking.,1.9283786927336253,Vinny got his picture taken with him.,1.6999457040582662,2
d12c4ece-930d-40d6-85ea-9112993f3e33,My birthday was the best day ever.,1.5592964241351994,A lifeguard jumped in and pulled me out of the deep end.,1.6927674798897334,2
56d8378d-0d44-4cb1-a0cd-26b793c4663b,The Smith's cat meowed at the front door.,1.5605578256217716,"The Smiths all cheered, and rushed to hug their cat.",1.5163279947144646,2
8ff209b5-fb11-4a1c-9862-fec64612d00e,Flora felt forlorn because she never got to see Europe.,1.482993110569029,Flora visited her parents every Summer to tell them her stories.,1.4002243185861971,2
aa19d4d6-195a-41aa-a23c-ecef6cf5b783,Joyce threw the fruit away.,1.5331770684546773,Joyce was happy with the new fragrance.,1.473002117984377,1
fbd2679e-59e5-4f63-9d3b-a1b270f2adf2,Ted felt very dry.,1.6391612929452286,Ted almost drowned but was saved by his friends.,1.523738862551945,2
6feb1097-ec20-4267-8428-5db886f7cdc4,We decided to leave without visiting the exhibit.,1.570830654135934,We were gratified.,1.8519870531930096,2
b121d09f-138e-4729-b40c-4f2929f3537c,They feel foolish for having done so.,1.569489203341957,They save the world.,1.389534831663746,2
60e60562-8f20-4218-b4fd-087e577c97ca,Yvonne was proud of herself.,1.990287035179014,Yvonne felt defeated.,1.9509973139102996,1
70a92fb5-86ef-40d1-8516-715428957cd6,She then drank her hot chocolate.,1.1696528969182043,"When she finished the preparation, she consumed the yummy drink.",1.3114253492831103,2
bbb86163-0aa5-467a-bcfb-a37138d2e5ee,Maureen said girls didn't belong in science professions.,1.8250264567482972,Now Maureen shares her passion for Biology with students.,1.7959584674528686,2
e18c3d41-93e3-46b5-9e8e-3d9900f6b492,Cornelia chopped the  table  up  for  firewood.,1.1638489352071688,Cornelia  uses it as a nightstand in her room.,1.2901426092238406,2
e5699d71-5494-4769-9e41-35e726fb5f53,Jim gave Bo a massage.,1.5753444548369075,Jim won the race in his Corvette.,1.7526276899884468,2
2d3473c4-76a8-48da-9c18-7ed1edae395a,He laughed and asked for a re-match.,1.881866676522773,He was so angry he never spoke to her again.,1.7147935980459263,1
29c6de25-7425-467d-92b8-39bdd5cc51b8,He is an awful chef.,1.7557350584665399,He is a fantastic chef.,1.7336969198250622,2
015ffed1-7ff9-49bc-88c6-30b758dc6edf,The little sister was given a cookie for her behavior.,1.5131180833070097,The little sister got punished with a timeout.,1.6991396008052764,2
8c48b6e4-f783-404b-9e69-e2f590f20172,Eventually I found some trail markers.,1.0260575124187534,I decided to stay lost.,1.3124133410171606,1
c6c6c783-9dd4-4506-a064-9997bc933cd2,Jim sold the ring for 1000 dollars.,1.483576208754872,Jim threw the ring away.,1.6970399874953443,1
f63fc817-d664-4b0c-8445-8089477c0624,They both felt great after eating the pies.,1.6283747841092437,Kyle and Ted got so sick that they both lost.,1.6883447679043875,2
40677245-6688-4b07-b0d3-7df878ae7514,Bob said he felt bloated from drinking too much water.,1.9583322793638178,Bob's friends quickly brought him some water to hydrate him.,1.7756644583364063,2
c284673c-f3fd-418d-8466-cdbef246fd3b,The children all went to bed without any dinner.,1.7125554893302013,Kathy took them to the store again right away.,1.6706040460495486,1
9e448d89-e86b-457f-90b2-9180181e0575,Luckily my friends found me.,1.729976890584179,I nearly died of frostbite.,1.8262307315375796,1
945706a8-1e91-4b26-ac22-e8e2af0dd0ca,Laura was pleased to show people her art.,1.4427549137970908,Laura never painted again.,1.6118028944951448,1
82f0d2f5-90e9-4c93-a97e-d57022758f18,He won his first fight by knockout.,1.6430472664184,His wrestling matches were very exciting.,1.6006210609018192,1
2b64dde2-62d0-47f4-9475-768f27b922fd,We vowed never to return to the Great Wolf Lodge.,1.3717343152685098,We all had a good time.,1.1410497884091628,2
65081d5a-7192-4c94-b007-23bdb97b4f91,The tall gentleman asked Tom for a glass of water.,1.6238409909575529,Tom asked him what the problem was.,1.5617493641565936,2
873653f4-f427-4d41-86cf-758c51dc4693,Allie was able to lose the 10 pounds and have the skin removal.,1.5885896323117417,Allie gained all the weight back she had lost.,1.493727888811105,1
6ec320dd-f58c-464b-a5cc-9027513354ea,Jenny continued to drive straight.,1.656327949069611,Jenny narrowly avoided a car accident.,1.6104246211668487,2
613220fc-79cb-4bf0-8050-a36532ab284d,Elle hated driving.,1.7037429362060514,Elle was very responsible.,1.593678589405991,2
5ff19283-3ccf-4ec5-a47c-552b3af9d275,He told Jay the repair would cost nine thousand dollars.,1.4779493504898558,The mechanic told Jay that was only a minor repair.,1.4411233467746045,2
4bcf69b5-f500-4f3d-b633-ec780499a567,Don laughs at the experience.,1.574011897456407,Don never forgave his friend.,1.5117978079497505,2
649f0213-7242-4d19-b8c7-7cb0bb128e73,The neighbor had my dog.,1.3914945459286137,I gave my dog to the neighbor.,1.3148540456416986,1
7ddedcff-cdf4-49b1-9fda-8e0cb6f9fd45,I don't love him.,1.965465118193458,Eventually we had children.,1.559241455189291,2
002af9dc-dadd-496e-8b5f-c89bebc1fdb1,Cindy went and ran cold water over her hands.,1.482072763781283,Cindy continued holding the soup.,1.5756831680720025,1
1ee745bb-03f5-4db0-afc8-a3903e8bdab5,She works hard on perfecting her routine on the parallel bars.,1.2066024972726566,"From then on, she swims the backstroke constantly.",1.1979282396861137,2
e9f3c27a-6810-4d42-b3e3-e0efe499c33a,I hate bistro style dining.,1.9451427310435467,I had a wonderful time!,2.161976500601876,2
20eba2e4-0a0a-4595-8e17-5d1c9adb3a40,The dog happily ate the salad.,1.913711471079214,Jess decided to make egg salad.,1.9362101964893341,1
df1cff6a-d4c8-4ba4-869c-6539e1684b9d,Robbie and I dressed up for the occasion.,1.7947283694877105,Robbie and I wore shorts to the restaurant.,1.7354094372951727,1
47a3d628-c1a2-445a-84ef-ee38cf7f00ad,Lonnie did not to camp out.,1.4926045660512206,After the initial noises Lonnie settled in for the night.,1.5504961033196056,2
b1efeb4c-1626-4ec9-ad7c-b605ece908ff,Bob made it to work on time.,1.599445730321634,Bob decided to go to the beach.,1.4322555468135594,1
f543cf14-e286-4854-b57b-f7c9cbb5d495,Ava was able to fly without spending any money on her ticket.,1.852790647618815,Ava took the bus across the country for her trip.,1.812780321999757,1
bbb59089-f474-44a8-858b-570d494606c8,Sharon went out and gambled all her pension money.,1.5945106654890473,Sharon is now looking forward to a new chapter in her life.,1.6503305789924663,2
c8875704-74c7-48af-b6d9-2b9cb6b1ea8b,Nita was so happy she finally beat her dad at rummy.,1.7744128863771516,Nita hated playing rummy.,1.7068441854791965,1
94904ce6-27b8-4c88-bb6b-bb1cee23f3f9,Tina has a baby blanket.,1.6718605431041955,Tina took second place in the competition.,1.394262550554053,2
9eb4b140-2c8d-4f71-a01c-61081f97ac49,Neil thought the builder hadn't put in much effort.,1.6343840875362214,Neil was glad he had seen the taj Mahal.,1.4547763699312788,2
21b12d7c-ba68-4e72-8165-5f1792ac9b1a,Mark and Frank apologized profusely.,1.741029668644778,Mark and Frank hit her again.,1.7255770723592536,1
df30abcd-2e74-4880-b166-29f84b2e6b2b,They all hung out at the lake that afternoon.,1.324048398505325,They all hung out without him and he felt excluded.,1.2565820397229035,1
4b4eaf85-7b39-489e-a83e-9da41dd23f22,He shared it with a cute girl he met.,1.9082409620151213,Vince threw the yogurt away.,1.817817818139335,1
d5fd7433-7ba3-499c-b52a-3b9d1f2d8cef,Buck was angry that the woman would say something like that.,1.5305022863523678,Buck was glad that the woman helped him.,1.6587360959151354,2
59bd5248-518a-4322-b6d8-eb8b09f2eb5b,Josh poured the rest of the syrup over his pancakes.,2.0264373104205498,Josh doesn't like bees so much any more.,2.020116862814507,2
3e5bcf32-ac88-425d-9d33-f9dea0a8a62a,We decided to go to the zoo.,1.8340262509438807,We were happy to win a small amount of money from the tickets.,1.7915415328573787,2
b920e267-da57-4130-983c-9030b2159fad,She said yes.,1.7003476434548093,Fred told the barista to leave him alone.,1.6248821740275452,1
f55571bc-4948-4e3a-9a30-1ed39c863c28,Jenny bought the cookies.,1.6922196042075557,Jenny found the gum she wanted at the front of the store.,1.6689165058340723,1
8f3b0562-7f4c-4121-ab79-34d8f8fe4fd4,Bob never talked to Jenny again.,1.4983795236519009,Bob kissed Jenny good night.,1.5293904872299657,2
37e0e343-dc66-4f6a-a5e9-9f01fad3d6e8,"Afterwards, I washed my truck in the driveway.",1.4843816736272246,My truck looked so shiny afterwards.,1.437737156084283,1
11871d4b-6b94-4184-b36d-c4e76d311f3d,He couldn't wait to vote for him.,1.8079455236853947,He was a staunch republican.,1.8306783766761687,1
5a56884f-0cdf-4600-834e-66e4c70a687f,Josh refused to take the money and quit the job.,1.4837983782342588,Josh used the bonus to repair his broken car.,1.5284756399711483,2
34a62099-27a3-4dec-b2f7-342e55426fca,"Now, Ethan wanted to make and upload even more Youtube videos.",1.771662893359052,Ethan decided to never make Youtube videos again.,1.8403035625935742,1
b128ff7a-7a0e-4f2a-900a-e76e08313ca2,They decided to wait for her.,1.5788208460000774,Gina hated the library.,1.6011710451574281,1
a5d1a221-307a-4f9a-8ee1-dc235aad4b7d,The man marveled at the bike's new engineering.,1.8779832525225957,The man was very annoyed.,1.9460014402019803,2
ed54f6ad-4172-4435-91bd-861e6b9a19ab,Jaime then told him that they were through.,2.121093033997847,Jaime then walked up to him and gave him a hug.,2.0449082000681926,1
a29e4877-6e82-47c6-af69-511fc6add0f2,Billy felt brave.,1.414901949862743,Billy demonstrated cowardice.,1.4123954397816303,1
08694720-a137-4605-a125-211dce1bb369,Ana loved the earrings.,1.5135991695313011,Ana had no children.,1.5572314584568352,1
de8e5184-38f7-4fc3-a913-fc1f1501cf09,Sally's mom threw the roses away after dinner.,1.3492558233230425,Sally's mom appreciated the effort.,1.3381661836246102,2
dea87ee2-8a99-4ced-be0b-f900776a44f6,They pinned a medal on my chest.,1.6531900666711095,I was so ashamed I never stole again.,1.8722520129139837,2
23513f02-46b4-492b-8062-3b2003e1ab83,Matt scored a touchdown at the last minute.,1.674558426194306,The next pitch he hit a homerun.,1.675810643376665,2
fd232283-b8b2-4199-bb37-5ab1d4b9c18d,She took the car for a drive and thanked her parents.,1.5054580137165565,She got angry with her parents and ran away from home.,1.43879633934662,1
7bed01f9-5e3a-4dd2-b96a-cf6682849fd9,Toby told me that he doesn't like my cat.,1.5827087608789847,My family all loved Toby.,1.516232791803887,2
dd098674-ee50-4033-a8b9-8637b80b34b6,It was some of the best bread he has had.,1.3830710587643407,Tony loved the pizza.,1.4076313074137554,1
6243f443-719a-4425-a14f-c2e8cd65be1d,Selena made sure the person was arrested.,1.5249007116208448,Selena went out shopping.,1.5752149176248231,1
20b0814c-52f9-4a1b-825b-2d5b4e9e71d6,The mother ignored the child.,1.5419549737927218,The mother comforted the child.,1.5223182373429298,2
c5fb0b60-c8e5-482a-8995-dbda4c2f58ec,He turned on the radio to try and drown out the noise.,1.5623922344079366,"While he was sleeping, the bee stung him.",1.4927596775221819,1
70c330f0-3eab-4a4a-98b8-6ff53b17a8f9,We had a good time.,1.4578351423443239,We all decided to go to Vegas.,1.2886785792447695,1
97e4abb2-565d-4064-81a3-4bc93dadeddd,Jen loved her neighbors.,1.5763446586037082,Jen had the cops show up at her front door.,1.623450360762042,2
cc8c4dca-3361-49af-808b-8568619de386,Logan and Maria were proud of the film.,1.2494341796399622,Logan and Maria were ashamed of the film.,1.2175198524377608,1
39cb365e-9e03-4e48-94a8-22535c9c2cbf,The old man told Sam to go home.,1.7344965915874726,"Sam learned from the old man's advice, and got the job.",1.7597919242032307,2
a9edad89-7ad4-4655-9aae-e1aec3a4a7df,They went to the animal shelter and picked out a cute puppy.,1.7600504614051315,They went to the pet store and bought a bird.,1.8134991778834624,1
2e1750fa-d0a0-4d1e-830b-2d4a7fc08780,She loved the lights.,1.5472962582026923,Sara loved the Fourth of July.,1.5088173517055714,1
cd3a45c7-446c-460a-aa06-e31e674ca219,Robert studied hard and came in first place at the contest.,1.5837757201187617,Robert stopped trying and lost the contest on purpose.,1.6904634944762191,1
158d808d-bc93-4cef-b3aa-fe212b256934,He called road assistance promptly.,1.776084064905664,He told his friends he was going to be on time.,1.6383938792553168,1
5399a7fc-1d66-429b-bb1f-a7d2fbfdde6b,Samantha loves the apple cider she gets at the orchard.,1.404669012034131,Samantha hates autumn.,1.6883898753173938,1
11d6d183-74b0-41cf-bfce-04c05a940b38,John was relieved to have an extra day to study.,1.4574114597836036,John was angry because it was snowing.,1.5788848207203912,1
45ebac70-b33e-4aa6-940b-18134d372501,He arrested them.,1.6259814858620556,He let them go free.,1.6885798050789416,1
c1460cce-a43c-4402-9e00-60fcd40d19c2,Josie loved spiders.,1.2280752086983673,Josie hated spiders.,1.2489881408377201,2
80e87538-52cb-49b0-b0b6-b1caba694be4,The police never found the owner so they gave it to Nick.,1.6985578059338862,Nick then kept the wallet.,1.4482365150993672,1
138bde62-3359-487e-b6f5-59c848cd6835,It was the best vacation Ken had ever taken.,1.706850119957933,He was scared of the water.,1.5989960646912122,1
72610204-f986-4e0a-ace9-3aff6625dd45,Anne decided she hated flowers.,1.8957757745624186,Anne was very sad.,2.012083544172667,2
442e3665-c620-415d-9896-e5437de30bbc,Brain enjoyed eating the vegetable.,1.572520843526791,Brain was happy that they tasted so good.,1.6764044744776763,2
b06feba7-f225-41a3-a744-e732218a1d0a,James drove home with the car window open.,1.7750547230706057,James drove home to get change into dry clothes.,1.7741759790531137,2
87a375ac-fc48-4061-8eff-cacf8ad173e4,Gina's smile broke into a laugh but the principal didn't notice.,2.06286718228181,Gina always chose bananas over oatmeal.,1.9663084625308187,1
834b3646-3628-4476-8817-e2bd8f0229ce,"Cole thought about the incident every day afterwards,",1.622125019041168,Cole never got coal again.,1.582767219625719,2
a3fce6d6-6ec6-406b-bd9e-72657f83d9c0,Mike went to France.,1.6399410461227064,Mike took a trip to Hawaii.,1.4778531143751832,2
788b96a8-5edb-40db-924d-c4edc701d439,The popcorn had burned because she left it in too long.,1.7264116488640993,The popcorn was prepared to perfection.,1.762887462783291,1
3a0baaf6-da36-44f0-b08f-1c48637d80b9,She had a horrible birthday.,1.5340580350371724,We had our first swingers experience that night.,1.490937377629675,2
f0c94702-34a3-4fdd-834a-1cf1ede9891e,The boy punched her in the face.,1.8619162989074476,The boy watched her cats for her.,1.8552507466858674,2
5c227db5-f5db-47b6-a45c-d851bd811da1,They apologized and gave us another pizza.,1.5485434885150386,We ordered from another store.,1.8132898026688324,2
8a3d4657-67c5-4a8e-91cb-0990a231959c,Bob wished the car was the original color.,1.5960864251961084,Bob loved the new color he chose.,1.5746952789272242,2
58d60722-7371-439b-9803-b761a7d12017,It was easy work.,1.5520084273160686,It was hard work.,1.5830849501462105,2
cdd11ea6-27c8-4940-b657-76e14c756606,He was disappointed.,1.7606746031590148,He was pleased.,1.732587464909741,1
9c07127e-872a-4a81-9815-177f4d562cfd,He was proud of himself.,1.8871097673995254,He was ashamed of himself.,1.8653662177710122,1
2f3d8c05-6cab-48cd-93bd-58606d259a5a,"Pretty soon, he was up to speed and feeling much more confident.",1.3472139577221327,His professors reassured him that medical school was no picnic.,1.4124562827233837,1
67e74211-eb19-4b3f-8c02-a71922d2f96a,Harold decided to throw the package away.,1.5084166806728132,Harold found the address was correct but the city was not.,1.5678214264602996,2
5b74d31b-f8f9-481c-8357-975bb275a584,Amy loved bright colors.,1.2914678257557055,Amy hated bright colors.,1.253815376626914,1
b0d3a9eb-5b87-45ca-a12e-cac355c30cbc,David didn't have that much fun and became more nervous.,1.8790686871436233,David decided that he enjoys boats afterall.,1.8050409836718815,2
f231d08c-e6b7-4513-afea-6f5ea21c5ea9,I didn't get any homework done.,1.4492636113809267,I got up and ran a marathon.,1.1792557449771635,1
c181efbd-c6f3-4159-b969-73970763705c,She stayed outside until the sun went down.,1.457812055518938,She couldn't wait to be back in the house.,1.6284358381124142,1
e66d5835-6a7d-48f0-aa59-9c3bf336454c,I got a sunburn.,1.586832636075775,I was very pale when I got home.,1.6092815061732746,1
4fd8c43e-97a7-44fd-a33b-14059a5b2980,Jane was untalented.,1.5702135415990859,Jane had a natural talent.,1.4832198834396837,2
8a28a1c6-07c0-48f1-b8ef-7c5f48496bb7,Tim decided to order out.,1.6241903620176128,Tim decided to never eat noodles again.,1.6054042389581737,1
b5db02e8-2275-4bf2-a8dc-a71a3667ea12,Betty was shy.,1.523914763580682,Betty loved to share her opinions.,1.5369781756638172,1
740606e4-91dc-461d-ac86-58c4922b34db,Bella's friends were very frightened by her story.,1.5857296950037776,Bella remained silent and skipped her turn.,1.7405388324577877,1
5f4e3494-27ed-4f2e-95ca-765494b32fb5,Jasper is happy.,1.7806358996519929,Jasper is disappointed.,1.7210098603572668,1
84249fb9-80ac-477e-9016-89ce6cd7b14a,Jane was very bad at Bob.,1.6050364603411134,Jane was very thankful of Bob's generosity.,1.673308127682544,2
571ee98d-9c86-45b2-a9ca-0745f7080699,Amy thought the airline had a great sense of humor.,1.864739959687499,Amy was distraught.,2.0705313443296234,2
63ccab33-02f5-49f3-94b5-c8b1bc5ed3bf,Now Paige smokes every day.,1.3766486891580512,Now Paige is smoke-free and happy.,1.363276388489673,2
63c73231-89b3-43ca-abf7-27bd229a92a2,So Gina suffered from stomachaches.,1.8332872410489576,Gina got dehydrated.,1.7412134634486591,1
f0660bda-8871-4efe-a7c1-f589a48f5def,Ray ran crying as everyone laughed and pointed.,1.6380231182282081,All his friends were jealous of his new physique.,1.5412805778625112,2
4d87b489-5309-46bd-a431-49b799b5b896,Cristin enjoyed seeing her favorite band that night.,1.3616121302817619,Cristin decided not to go to the festival next year.,1.2876972409108984,2
f93b7a73-ffb7-4e8b-8e30-0687592c5767,Larry wasn't happy to see his Aunt.,1.590161008501911,Larry started making regular trips to see his Aunt.,1.6974440844870706,2
c988874a-203b-4619-86de-e55d548a15d4,Amy picked a Pepsi to drink.,1.6143459685792256,Amy decided to buy water.,1.6096877154948737,1
a31fb268-dabd-46d9-b469-bab87b68e691,Reba thought she was doing the right thing.,1.4376748104345642,Reba was just like her dad.,1.371781830421552,1
9c8aee80-5ae1-4ecc-9aea-1ba7e2db7959,The family started to help.,1.8148042317459858,The family agreed to sell their house.,1.7127305735365046,1
6010b3d4-577e-411c-908f-4e2fce71717b,Jeb finally got a date after months of looking.,1.4746187134436939,Jeb got the date but never ate peppermints again.,1.4660512632619962,1
8d09a063-8599-4173-989b-af2313b1e6bb,Billy wasn't thinking about frogs.,1.4842789108087269,Billy started reading his book out loud to the frog.,1.5031608689028617,2
bd1f8248-6f2b-4d10-9fd7-db078ba12313,I bought the pen.,1.8966877458394351,I didn't buy the pen.,1.9417084536848124,1
e2a4744e-ed5a-4506-84dc-a2a4ad9912e9,She then went swimming at the beach.,1.3577870611110365,She felt it was meant to be.,1.5041366330594115,2
345f9565-a35f-4d3e-828d-72ea9b0cc6ba,Jay went home happy that he decided to go to the festival.,1.5992114266062414,Jay wished he had ate more buffalo wings.,1.7818979836031787,1
7fd17ffb-154e-47b5-9a12-04b6722ade48,They agreed to lower the volume.,1.803764698969346,They told me that they hadn't seen my cat.,1.8320983732260174,1
4863886b-ffb4-4e81-bdc8-d558165cd443,Robert starts to feel better after playing with puppies.,1.6199801976285038,Robert decided he wanted a pet cat.,1.5910208527474152,1
ce6f8088-50ca-4758-b820-ec35933b41e4,Lulu planted fruit and vegetable trees on her property.,1.543166324428969,Lulu paid twenty five cents for a full bucket of candy.,1.626854848611055,2
21c8bd50-e35d-4002-b487-fba08cfeb70b,Teresa was sad and begged for attention.,1.6648837200239286,Teresa was so happy.,1.6171007770009413,1
d1218989-f5b7-49bd-9783-a650d73c5aed,I yelled at my roommate for being disgusting.,1.6553910226428796,My roommate was very pleasant to live with.,1.5701807692187382,1
53f5a527-04f1-472c-b8f0-45a92d85dbfc,Then we had a relaxing evening covering on the couch.,1.7703066792839797,The day was very stressful.,1.7725267568896137,1
e832c317-227a-426c-8243-6e8ecc233b21,Then Keri took the child for  a  walk  to tire her out.,1.7108910474254335,Keri convinced the waiter that he had overcharged  her.,1.5761225405972,1
f9498236-c0d7-443e-85ea-3ded1a7c270e,Kim loved everything she bought.,1.4613866565839273,Kim put her things down and decided to go to a movie instead.,1.219219535132142,1
6c3e9a76-0976-4597-b600-dcf6766d16fa,The next year he didn't dress up at all.,1.6774498456130442,He was the most loved man in the neighborhood.,1.621098265464008,1
55b7f15b-6703-4384-a575-2d364bf85030,Ben was annoyed that Tom had tricked him.,1.8290980736406084,Ben saw Tom and ran for his life.,1.7394049788948645,1
565504d1-6088-4f15-a592-d7dded841257,Barry was delighted with the new alley.,1.617419658394032,Barry threw his bowling ball into the pool.,1.619304472944815,1
a506d2c9-1ff5-4094-bfbe-e4e80bc6215a,The family had a good day.,1.4728443918325378,The family had a horrible day.,1.4698489395216436,1
0bce7a95-175d-41d0-bb5d-21e759baf220,They both had a good time at the concert.,1.4416733816745497,Brad decided to go to a rock concert instead.,1.4818734397770028,1
8e39f61f-2d96-460d-b99e-daf36af614f0,"After graduation, she was offered a job at NBC News.",1.6513463898998046,"After graduation, she realized she hated the News.",1.6976665796470418,1
2eddce77-d52b-4352-914d-ef4a7b787e56,They took their clothes off to sunbathe.,1.652237950573576,They went inside to roast marshmallows.,1.5083792257362898,2
7f0ff4e8-3c77-41a5-8107-916dd66cb22d,I decided tight jeans were a good idea always.,1.4311431950265898,I almost cracked my phone.,1.5207954237299166,2
30714d1c-ab3d-4084-9084-5a44f39e0df4,"If Garry doesn't improve his grades, he will be off the team.",1.5744000140255139,Garry and his coach agreed that Nike makes good sneakers.,1.7213073725210901,1
6b0839e1-5e9f-4c62-919c-5c8f73e016aa,She broke up with Evan.,2.1479562739062654,Evan was pleased.,2.1871497124227846,1
d1857e28-aa9a-4afe-9132-ab27a8477924,John felt humbled.,2.2951156359078926,John felt proud.,2.271616604375227,1
0d5e139a-4fe1-4652-85b5-7979d430391d,Ava was a neglectful mother.,1.8123106067868058,Ava took good care of her son.,1.7096470392366137,2
58735e26-2846-48fd-becf-e5f204ab1a95,Harry and his friends had a great time at the lake.,1.6058510280413325,Harry had always hated the water.,1.6984338324385617,1
40a7c1fb-7e4d-4c4a-9e70-aaddb1697b13,Danny hated girls.,1.643005192249857,Danny did a great job.,1.6270271523042363,2
4149fd90-e58e-415d-ad22-f41dd5ae98a8,Meghan hoped she would be promoted.,1.5608359338490354,Meghan decided to quit her job.,1.46047239354094,1
56122b9c-8efb-40de-a343-88f7533689e1,Core's parents hurt their feet on the glass.,1.4132153370789158,They decided to congratulate Core.,1.5253370096975318,1
7af07696-728f-4f63-b975-69c0a251d8f9,Bob worked hard and then finally solved the puzzle.,1.4291633106251411,Bob then gave up on the video game.,1.5719155619991274,1
3b172e2b-ab39-4278-8ca5-ad5f5d906743,Suzie's relationship with her grandmother remained complicated.,1.6012091532983068,"Suzie tasted the sauce, and it was just right.",1.8639420957929933,2
2b6218cf-27eb-4dc3-addb-84cee6617e80,I found a perfect pair of shoes and bought them.,1.345348890927206,I purchased a taco at the food court.,1.5620803357479982,1
95ca9c40-0826-4efd-9f2f-0bc3828e1dff,She hoped the ticket was a winner.,1.8517974229060952,Before she finished she decided it was a waste of time.,1.6946189427976919,1
238532df-07c1-4db7-9ac8-1b5aa86a92d5,Annie's family was glad about the outcome.,1.6367580978675786,Annie's family was sad.,1.6539679977007207,1
a99209f1-2b57-4b5e-9216-0606cc005e90,I felt less lonely.,1.8277704156061179,I felt more lonely.,1.845975098507574,1
131cc240-f6e0-4a76-81b8-aa6daf09e8f4,He turned around to choose another route.,1.6483982818506744,Larry laughed with joy as he drove over the bridge.,1.5324953262234147,1
c19bebdd-ac5b-413e-9052-1a5e15e5b31c,Jeff loves visiting with the in-laws.,1.687018979036445,Jeff hates spending time with his in-laws.,1.903310314142139,2
d1eef4fb-c303-4226-9519-54211561b425,The cat ended up a filthy mess.,1.2868925164185079,The cat ended up squeaky clean.,1.3325988224909677,2
006aa20e-51a7-48ea-8e1d-572f24cf1551,I was happy we found a new favorite restaurant.,1.3475952868016723,I told the manager I wanted to file a complaint.,1.6098246222906396,1
afd57a88-0c82-4116-a43f-6fcb8fdc9c09,Ben's hand felt great.,1.7483450883203782,Ben's hand was sore and he had to pull out all of the needles.,1.8053745519155817,2
ecd647bb-a30b-405d-913e-3a19011b092d,Nate had a hard time working up the energy to confront him.,1.9779144167537843,Nate laughed with his friends about his dog's behavior.,1.9795232024956748,1
d0bd7fc2-5e86-4ffa-9f98-a0a166ce3d47,He proposed to Elena after six months.,1.4914024210717725,He brought a full-sized woman to his company's holiday party.,1.5960063810166063,1
a08e92e0-8aab-4f08-8bad-799b20d8b750,Jay thought her nephew was ugly.,1.5362602953169977,Jay immediately knew her fears were unfounded.,1.6165682710438847,2
17277360-5208-4dc2-b98f-da9dea534211,Darla turned on her television and began to watch a movie.,1.468941079246656,Darla smashed her television with a rake.,1.580452644522512,1
cbdf5369-ed2d-4534-9e68-7e1641969043,Lilly's finger had to be amputated.,1.7312078419982855,The prick got infected and she had to take antibiotics.,1.7337949805556312,2
816af3a0-0d30-4901-bb69-dc905f107636,Jimmy's mother started to get better.,1.7175532776996159,Jimmy hated his mother.,1.7585528532322257,1
df8c7222-a0e5-4723-ae50-e2e77e5d2410,She sat on the curb and watched the bus drive past her.,1.5765214618366277,She went to school and suffered through the pain.,1.6202540743708351,2
690bf721-0de0-440e-a9ed-69b056fc63b4,The plane took off and Karmen relaxed.,1.380678663977421,Karmen immediately exited the plane.,1.3577559126528214,1
91f9d1d9-934c-44f9-9677-3614def2874b,Sandy decided to go outside and make a snowman.,1.4985225193342755,Sandy was prepared.,1.8807038624956038,2
322bbb17-93b9-4a7d-9533-4b1689d2c8ac,Quentin ended up enjoying the party.,1.7681601210803342,Quentin loved all being their with all the people.,1.8778121855348637,1
d5ddd22e-a842-43f0-ac12-1968e25a6692,I was happy about how easy it was to place the order.,1.5323753398762114,Finally the sale went through.,1.8138246095323511,2
be1b3d0d-1d1c-431d-8d08-a0585bd1b57a,Dan's grandmother was already dressed as the Devil.,1.5583796267978016,Dan made his own Devil costume.,1.4868907844939419,2
7aec4c2f-addd-433b-bf51-3fccc53b35bb,Eventually the horned toad died from starvation.,1.988386299264624,"After several weeks, the horned toad was very fat.",1.9160378149535133,1
ac3d0720-2b2c-4700-be89-c59ede839c4c,She loved eating bananas.,1.905307381306741,I never heard from her again.,1.6574035857160927,2
a51306ff-2184-4744-88ca-83145944ed38,Both were arrested.,1.8180865555167878,Her friend ended up buying the candy for her.,1.6475970562747029,2
6fba848e-7b8c-4d7b-9eab-40f8d2add906,Don was glad he wasn't nervous at work.,1.7677493834301155,Don knew he would have to improve.,1.7891801524649815,2
247bcc69-4e51-4a1b-ae20-839ab1df13c9,Dal made a bad decision.,1.9328336843311928,Dal made a smart decision.,1.9982415283385557,1
c428bf27-8192-4ad2-9b66-dd07314804bd,Alice felt good after the photographer complemented her.,1.5253292463449188,Alice frowned during her picture.,1.4355843051016965,1
37d942c0-21f8-4cde-be56-abb85318a379,Nila did not care for her mother.,0.9486874121423969,Nila loved her mom.,0.9757851938291795,2
3cf436ec-b46d-47ff-823a-f67efee8a4cb,The boy suffered through his childhood.,1.2407319681234648,The boy had a very happy childhood.,1.3083607926456757,2
41585929-5484-4dd6-8e41-88f4ef6801aa,Jessica wondered if that they had gotten up too early.,1.4777602661027622,Each of her brothers opened their Christmas presents.,1.5427724398359597,1
2dc626a9-20b0-4485-9a8d-cc8c320c5d55,Jan threw away the books.,1.713288511732451,Jan brought the books back.,1.7149972140120213,2
cc855cce-17ad-4ae7-84df-ba2888b56fa1,We couldn't believe our luck.,1.5639480832303483,All three of us were very disappointed.,1.6539923708492918,1
e1e9d4c3-0dcb-4ef0-b558-2563e36088ff,Jeff would finally get peace and quiet.,1.6074262048911827,Jeff was going to miss that dog.,1.5762447162909052,1
ce4b43b2-79e1-4874-9f39-0b9540ec71ad,Holly yelled at her brother to get back at him.,1.8970838845248608,Holly gave her brother money as compensation.,1.8812928614178697,1
459330e7-0e14-46e7-a482-b9df82b6622d,I decided to permanently get rid of the nightlight.,1.5278228001526932,I never made fun of my wife and her nightlight again.,1.5127742983362034,2
128450e2-4f28-4a20-a5b5-91805a6eef05,"However, she discovered Alaska was a lot of fun.",1.5152140311036386,However the experience was no fun without her friends.,1.5442262724146214,2
91afa299-8aac-4ee9-8013-276d15a7769c,I really enjoyed meeting some new boys.,1.8692207549355373,"All in all, it was a great day hiking.",1.7564367353425343,1
668e7d13-1250-4c4c-b3a9-f3965644e4f9,It was the best movie I had seen in a long time.,1.4104138473036203,I took a shower and went to work.,1.4556626671116337,1
7e5ecab4-a9c4-40e7-a61f-69d59c15b87b,Her friends applauded her poem.,1.4733999828542796,Paula tore up her poem.,1.7226656615021316,1
edb9e202-4c9e-4bb7-a18c-daa472a22092,I knew someone had stolen it.,2.096605873011973,I knew someone would soon return the phone.,1.919300310898255,1
ea22e460-6e1d-4271-8153-78da7900c0a1,Iris had a lot of fun at her party.,1.8580144585438416,Iris decided never to have cake again.,1.7751054422884613,1
f7efb395-97a8-424e-b2c0-b400eaa5831e,They liked the new bikini though.,1.857078609850563,Tina's friends knew how unpredictable she was.,1.5975984366356315,1
51498810-6e27-42c5-ad73-04e2466792b0,Ted said he didn't want to be a homeowner anymore.,1.7833892469823023,Ted was grateful to his father for the help.,1.7050135681189207,2
14d386a1-4753-4bd0-a752-bbb21e13d8dc,She was proud of herself.,1.6988012561050114,She fled in terror.,1.6650759234524997,1
cb0c7433-daed-487a-ab74-36d05f277fa9,Years later both couples got married.,1.4823386905136642,They decided not to see each other any more.,1.5132046621084705,1
d0e044bd-b49a-4078-8519-a04a9997b195,Marco is glad that he made a good impression.,1.4227557324446767,Marco is horrified by the reaction of his boss.,1.569710114851613,1
4865f73d-e8f6-4063-8edb-fe3a8088dffa,Tim vowed never to get on another plane again.,1.70387451070239,Tim started traveling a lot of places by airplane.,1.528283628363973,2
c248eb07-6e5e-4c33-a08e-9cded809d238,Lucy aced the test.,1.6241916802861043,Lucy failed the test because she had not studied.,1.3591984307931984,1
1a9a1b68-b971-4eec-9706-4d109934e8be,Fred told his friends he was taking a break from mystery novels.,1.817855166840016,Fred started a mystery novel book club for his friends.,1.9754426154366185,1
c3ff170b-8e5d-45db-be5b-e3d53e1f5104,Tia was disappointed.,1.8788190109537763,Tia was relieved.,1.942944027939732,2
81f93432-7994-426d-a6ce-02685ef26b48,They vowed never to return.,1.7254702714676289,They went back the next day.,1.5611506964766222,2
4945b9f6-77ec-4bd0-b7c1-bbc093d07302,Sam laughed and ran away.,1.2707678858538776,Jeb was excited to build a new one.,1.2213466840236253,1
dd38b8f9-8005-4bbd-8274-031b6cb67861,Jeff had a fun time.,1.6831649025932085,Jeff was bored and upset.,1.670197910800845,2
19242426-8575-4299-9ab5-ea59e7b28062,Dani was not surprised by the events that day.,1.6154487524938805,Dani got to know her father much better.,1.5620779652345564,2
21a8fb15-2612-4fd0-9b10-675eb9473360,Ella looked great and got a lot of compliments.,1.7023372791550093,Ella spent the next day in the rain.,1.6348935338865385,1
e6738c40-9d0c-4fea-a1be-44e90ce630c1,He was mauled by a lion.,1.6710400898132785,Neil composed a photo album when he got home.,1.5824868344951972,2
ee914e56-5e79-4560-a712-12b961e9baff,So she decided to throw it in the garbage.,1.7703348556219942,She shared the recipe and the pie with all her friends.,1.670341339461588,2
06eef9c5-1b05-4d08-961c-fdefdb74d6ea,Then he bought his candy.,1.9451243656797779,He bought some soda with it.,1.8638177760465644,1
d6e10b5b-63bc-4c96-81c9-28f82a80c11f,Anna was disappointed.,1.8837951363571634,The party went great.,1.8374635583091938,2
b701052f-4728-4ea5-b215-f8c566d33d7c,I shot the winning basket that won the game for our team.,1.3421534589536468,I walked off the court and never looked back.,1.4350926504142083,1
4239c107-0a2c-4ab7-8763-c521cd06b180,Dirk was embarrassed.,1.8356309535961643,Dirk liked how it sounded.,1.9360751492051806,1
7fb56f8e-afb9-4510-9abf-4be01e8a66f5,I returned my phone.,1.6913975375909842,I felt foolish.,1.8774355700976288,2
0fadf7fd-62f1-4d61-901d-cda9174b2f7a,I am happy they weren't too expensive.,1.2912019907781787,I plan to cut them into strips.,1.270734380842899,1
648cf01c-fcf2-4ce1-8f9d-235cf788ba25,Chase bought himself a new toy.,1.6081121839676094,Chase ran away from home.,1.52781936511937,1
1bed450a-2a30-4431-84d3-1361cd1423da,Renee decided she would have to get used to it.,1.8377272634936055,Renee was glad she decided to learn to play drums.,1.6811412498820788,1
a31f32a1-af69-4a84-b713-f8917cc1565a,Bill's neighbors sued him for making them poor.,1.9514980067649192,They baked Bill some bread in appreciation for all the fish.,1.7531132259277102,2
355efc45-5233-40b3-ab77-d6281fb11710,We ended up having a fun time after all.,1.758078577767566,We were happy to not have Internet and to drink.,1.8790106997099494,1
67f56ec7-d96c-4f97-a837-0532ce002125,Tim decided he didn't like music.,1.5817874060503407,Tim became a professional musician.,1.6136982546296668,2
c816e74e-8cc8-4f01-960c-78724f118a87,They gave him a flea medication and it cleared up.,1.6867269087481245,Alex decided not to give the cat the medication prescribed.,1.599777815645454,1
180c876f-d5d2-4397-a9bc-bdae30d5954c,Haley felt like she had been betrayed.,1.6795761739492079,Haley felt she had been supported admirably.,1.6582580387748211,1
db608f6f-3c58-4aba-bd8e-c5ceb0aaf835,Sam became a party planner.,1.5274954937521532,Sam had a terrible hangover the next day.,1.6192211061625306,2
dcca12a5-2470-4041-a22a-032ccc5ac018,But everything was okay as soon as they hugged and ate dinner.,1.5181212619774427,"Tom decided to take a trip to the casino, he ignored his family.",1.592201299713372,1
2e6e714e-8b83-4eae-9370-d1d4afbc4e5a,They didn't need a stove anymore.,1.6517622940222667,They decided to buy the Viking stove.,1.487195924689215,2
9e54392e-74ed-404e-8fb3-f11fc885762d,The teacher caught her and gave her detention.,1.5985163433025762,The teacher caught her and praised her ingenuity.,1.5640188117338307,1
702267f4-b51a-4366-bbe4-fe3d5f94077d,Sam felt quite hopeful.,1.6990117443298938,Sam felt very depressed.,1.6225338632197341,2
9af012e3-d6c8-4a60-9f51-6379ba446742,Darren turned off the computer.,1.4142717461581684,There were no keys in his pockets.,1.3784175541822445,2
5dc94086-80d4-4196-9914-7b4d3f487c3e,I bought a bow tie instead.,1.392697515733647,I bought all of them.,1.3008434906114197,2
f389d1ce-da4e-4843-94a7-62656df6fb10,Harry then quit his hockey team.,1.5559012133554007,"A few days later, Harry heard that he made the team.",1.6522916528820457,2
ac39ee93-4288-4302-aa7b-757fca64f2fb,Sue's mom took her to pet the goat instead.,1.8715020207501247,Sue continued to ride the elephant.,1.9537094086147357,1
7b95d4d5-1ee9-4f1f-9d7e-2c6ff459054b,Her parents insisted that her grandmother did most of the sewing.,1.7617674518082946,Her parents were very proud.,1.7218981487446001,2
e2d48e18-276a-4de1-81af-594cf54c2a90,Jim decided to do a handstand.,1.2831429163562338,Jim was hurt and had to call 911.,1.335158600942814,2
186cfc69-54cf-46d5-8033-8bf2493e9b23,I find doing laundry relaxing.,1.596721275804922,I threw out all my old socks and bought all plain white socks.,1.5026320241256133,2
a0ecc896-63d6-4f4f-8960-24c4fb3db4fe,James decided to become a chef when he grows up.,1.7882984764736098,James never cooked again.,1.7656675691664847,1
d485e612-1b3c-4b67-a9f0-ef432ff4fcee,Lee's mom was proud of her daughter for being so thoughtful.,1.5391589837014272,Lee's mom threw the gloves at Lee and left the room.,1.4580019992155746,1
c08b9f9a-5d56-4701-92d4-3edef2ccec62,Jennifer thanked her boss for his fairness.,1.7123950904343648,Jennifer stormed into his office and straightened her boss out.,1.7661319986972837,2
86ab603e-0455-4347-a1ce-4a375f4495a8,Lorraine was thrilled!,2.0112027415133835,Lorraine was really sad.,1.7073877914871596,2
2290ba2a-137b-4047-aeec-cb133268a238,Tammy never spoke to Abby again.,1.7833677426083376,They decided to keep the bracelets for themselves.,1.6335133304461555,2
2b635efb-e1b0-44de-beb8-4f9b9ef62876,Sal tossed his pillow out the window.,1.7767576002218683,The beautiful view made him change his mind.,1.8076842530457162,2
22f5e67b-4e12-4ba3-8649-a8b322e36811,Lydia wished the dream were real.,1.8370460779457256,Lydia felt relieved when she realized it was just a dream.,1.7731451983891429,2
73cf4b3f-604a-431d-8b5d-8e03b0cfb67a,Alex bought a yacht.,1.541162399631505,She bought the groceries.,1.5027010693686798,2
967f6a24-cefa-4641-a9d6-e9a71b62e0c1,Katie was the happiest she had ever been.,1.893884053676413,Katie regretted forcing Yolanda to go on the ride.,1.7917445640207055,2
10462d65-75a6-4430-974a-e8af56526fce,Tammy was sad that she didn't have a present to give.,2.027239546080455,Lorelei treasured that blanket for years.,2.034256046023459,2
5f02992e-3fc2-4e05-bb1f-a8e81400ff4d,Melinda thought the movie was hilarious.,1.1129573045490437,Melinda wished that she had brought someone.,1.2282545877321414,2
d5f61641-8062-410d-9590-699f11ccd85a,They decided it was ok to let her work as a secretary.,1.4397058868623671,She had a perfect driving record.,1.460272808579143,1
c94847d6-71da-43c6-981b-5442f6c1efff,Lela then finished treatment and felt better.,1.6128769578063642,Lela then got over her flu.,1.593837373695473,1
30e8e610-0fbb-4c86-b190-f4934736ab7d,Joyce abandoned her kids shortly after.,1.6900867185102362,Joyce loved her children just as much.,1.7746194413219296,2
ede8db0c-1396-4503-b378-55edc720915a,"He noticed the cow in a neighbor's field, ignored it, and left.",1.594142624289192,He found the cow and brought it back.,1.3844084042127125,2
eb6bdd24-5e10-445d-92ce-4744959c1d91,John won the race.,1.5915900880746563,John pulled over to buy a Mustang.,1.5205403193047344,1
779fbdd3-3e20-43d0-a214-1eea7ad0e3d3,Ben was pleased.,1.9128474328100178,Ben backed out of the costume contest.,1.6387527174880627,1
f9e6bf5f-ba88-4108-994e-529750445ff1,I told my mom to keep using my credit card.,1.3618820802234197,I was angry at my mom for running up my credit card.,1.3297525554478,2
3ad5e2e4-fb20-459c-98b3-b9711e753f16,The therapist taught her ways to cope with her problem.,1.697192754991982,The therapist told her she was strange.,1.5995426937808686,1
a46cdbbd-6cd3-4da5-bc7b-ab131c1bdeae,Ellen was disappointed to find out she was having a boy.,1.8903138967320128,Her doctor confirmed it was a boy!,2.000764658178212,2
16d64b08-061c-4449-8320-d0a763aa63a4,Zoey was happy that everyone liked her name now.,1.3520936181760894,Zoey had her name changed when she turned 18.,1.4217365037222782,1
a61e75c6-7885-434b-bbac-4787ece30449,Miranda went back the way she came to retrace her steps.,1.847166919091026,Miranda was happy about her proud moment.,1.7570430962898438,1
a13f5ef2-8f1d-4be0-a037-ed2c30656414,Bob gained 50 pounds.,1.7006943448895036,Bob got in shape.,1.5506635974411054,2
06ccc957-8b69-4d71-8f6f-4fb686041e5a,Lonnie finally decided to go into education.,1.6008906001346812,Lonnie threw the list away.,1.5174011435315489,1
d25df4e7-c94b-4a2d-a2d4-25e34655d0c9,Phil was thirsty and accepted the drink.,1.3687182014127481,Phil was angry at his friends.,1.5062300625611769,1
09e93773-cb09-4bdb-b1ee-bcf339416c53,Dorothy made sure to buy lots of cat food.,1.5514842106180384,Dorothy went to the pet store and bought a new hamster.,1.5204235114036764,1
57d1f6e1-cdbc-4df6-9841-5dba89d3e63e,Jeremy had to move back in with his mother.,1.665246304392687,Jeremy enjoyed being more responsible.,1.7058856711214139,2
9c0cccf4-7008-4997-b0a6-2fadfee4fb55,Terry hated cleaning up.,1.7690526773995803,Everyone felt better that it was cleaner.,1.6459286216554223,2
462de42f-37e4-4ad3-9830-ea44e8ff72d5,Then I walked over to my neighbor's house to borrow some soap.,1.6811260382583635,Then I stepped into the hot shower.,1.5876004012902003,2
7956447f-c376-4355-9297-a9c8399f1aa5,He always enjoyed a nice nap in his hammock.,1.8276707858701449,He still ended up having a great workout.,1.8959595580269737,2
51de9244-e843-4b94-9722-e43dee4a76ea,Amber could not find anytime to relax.,1.8722989564079358,They relaxed all day and Amber felt much better.,2.0658237010485876,2
9d58bb7c-7f32-4642-82cc-925d8dca62f0,Carl hung out with his best friend when they came home.,1.8301044392889225,Carl had to go to therapy for post-traumatic stress disorder.,1.7142421749640642,2
343c091e-8c1c-45db-9b05-27eab342d092,Janice decided she didn't want to learn how to crack walnuts.,1.7463887862413185,Janice is now an expert walnut cracker.,1.7532098980462525,2
7685e3dd-ba3b-4861-9486-ca3f13483afb,And throughout the season she kept getting better.,1.6203239922592871,She loved being bad at volleyball.,1.6908635347850351,1
b090fb07-e7fd-4c01-ad85-38016522a727,Beth decided she was hearing things.,1.7021998320128422,Beth was deaf.,1.799959859313139,1
2d58e924-e539-40ba-968c-f56efaff1b1a,Bob enjoyed using his binoculars.,1.6888066044556973,Bob was able to read the writing on the board.,1.5653704567373117,2
5fb0bd4d-a4df-4adb-9e99-d4fec9a6b10d,I drove her to iHop for pancakes and shakes.,1.3869461262508052,"Now, she won't even talk to me.",1.6803613323141968,2
327df8b3-9758-405f-a0af-1e38ffce0cb2,Our friend ended up home at three am with a girl.,1.5858271833771507,We found out our friend had gone skiing.,1.6160777521456882,1
1471ffe2-1330-48a6-963b-e6798252bac8,Benjamin did not enjoy the park.,1.7713626071320765,Benjamin had fun and then left the park.,1.5206213382862908,2
16c0b5f5-3c48-42c3-a5c6-ad5e4e6e4575,"After counting the cars, we went back home.",1.5064318870979934,"We then sat down and began to count the cars,",1.5347654438812004,1
f7b8017c-fafc-455d-8545-799f4813d10c,Kelly had a neurological disorder that kept her in a wheelchair.,1.5269660936206466,Kelly cleaned up in time and her parents never found out.,1.4719960644611683,2
a8ca1926-5d63-4de0-a1e5-d0826fbe0bf0,James decides to never leave the house again.,1.502911251735088,James is glad he decided to run.,1.5138310431081812,2
25df4833-3565-45f6-a354-33c56e8dd8e7,He feels satisfaction.,1.6856143068858878,When he gets out of the shower he shovels his deck.,1.3196999641173632,1
29a8d6a9-d05a-4be3-9bd3-a138f804eb13,Matt began to laugh.,1.7194761034611785,Matt was very angry.,1.57945321807931,2
86991c22-02d9-4144-80e7-8531a7a5ccf4,Mike had to apologize.,1.9184590664383259,Mike and Perry got married.,1.5098023178322317,1
9f177a52-fadb-49d9-a25e-6d7d6540fed6,She decided to go to the movies.,1.3511079755822277,She continued to do this until the laundry was done.,1.293007824379682,2
3c15c1f6-ec72-48c3-abc6-830b9bff0ede,"We found our house standing, but in shambles.",1.6626601971947075,We decided to go swimming on the beach.,1.608993254063809,1
54656ac3-787a-440a-9c0c-94fa7f19912c,The dentist fixed his tooth.,1.7128277725984395,Tom had so much fun that day.,1.728536299514479,1
46a10ff0-42c4-4136-9cfe-a12661232e2d,Rufus is relieved to find his briefcase at the bar.,1.5585725249163327,He sees his hat hanging on moose antlers behind the bar.,1.6022808152223238,2
cf720bea-32e6-41f3-be77-d4674b580890,Alexia fell in love with a shaggy dog at the kennel.,1.6434894688888013,Alexia cried because she wanted a cat instead.,1.6041161322421105,1
50947e83-b0fe-44e9-b5a6-f8039c4f09f2,Bill started making much better money.,1.5713022664498875,Bill made less money as a computer scientist than he did before.,1.7912507636315684,1
841f539a-b6d9-4722-ab19-32f28ab7abfb,Jane danced in her bare feet and left her shoes in her purse.,1.7542566576234924,Jane was anxious to start tap school.,1.623379049194551,1
37120c4b-0f9d-4467-ac5c-ef999e72ee70,Hannah became stiffer over time.,1.5042427094872333,Hannah eventually succeeded.,1.7391688520411623,2
9d05fb69-73c0-4ac5-8b23-2553b48da81c,The students cheered because they were free.,1.395321465913637,The kids were mad they had to be outside.,1.4341796452952205,1
040ed97b-c8df-41ea-ba95-43cdf36462ce,Carla told her daughter she needed to join more clubs.,1.935057800831976,Ann's mom said her daughter could choose one club if she studied.,1.825452415376539,2
d466a6af-a2fb-4ebd-948f-c35c85e62e12,Gina was happy of the outcome in the house.,1.7077798339073338,Gina was sad and cried.,1.705427650414152,2
7f106d09-88a1-4307-8fea-06f32a31157c,He went to the sporting goods store to buy bullets.,1.5253142831595095,He carved some sticks to use for makeshift arrows.,1.520688460285759,2
d0703dac-4538-4a8d-87e3-67246d6ee924,Taylor finally decided on the cute little kitten in the corner.,1.6107650816008854,Taylor decided instead to go clothes shopping.,1.6508947612474696,1
dacbdd76-ec3a-45dd-8180-bb45899cf5bb,Zeke would dress up as a pumpkin.,1.3046108933374725,Zeke dressed up like a skeleton.,1.3956613419239015,2
9bec6c96-04a4-4987-a65f-da0fead90691,Marge put a new key on her keychain.,1.4886139925224033,Marge felt a pang of regret about putting in the pool right then.,1.4686731156518635,2
3eeca3cb-2263-4617-8d42-89786fb986f9,Rosie waited patiently for Farmer Jones.,1.8987750227439681,Rosie broke free to head to the orchard.,1.8550792104550746,2
8489a2b3-cee7-4651-828d-704b1ab51575,Rick threw the license out of the window.,1.6172239725736173,Rick gave the license to the driver and made the driver happy.,1.7077680152708519,2
34505e75-67d3-47df-b140-429c87accabb,I felt ashamed.,1.8852718533448698,I was proud of my willpower.,1.7758820772165183,1
a87edb02-47b3-42df-b3ed-5333cb749436,Sam wanted to get away from his wife as soon as possible.,1.3502809587324092,Sam and his wife had a great time together.,1.2729692646564374,2
2c99419a-7247-45cc-8f63-4d423e852f5d,The two boys went out to have their adventure without hesitation.,1.4633318137208464,Eric was fast asleep leaving Stan to fend for himself.,1.413691165810235,1
f4477125-76c2-4c75-903f-5fa9b31bebe1,Brad's day went very badly.,1.1261219699680882,Brad then went home after a nice day.,1.0549685749241966,2
1a7e5dac-96a0-4fc8-8c2f-e5edbaee45ca,We gave him a bath.,1.2764508878529854,When we were finished our puppy was full of mud.,1.2872587211572863,1
cf5a5e9f-3af0-465d-9faf-3833a586e42e,Jerry's mother took twenty minutes to find him.,1.6380216520694946,Jerry couldn't wait for his next bike trip.,1.648635082926867,1
1cb2a8b6-8873-48a4-a778-02291cb7ca56,I got on the plane and flew home.,1.6037159508648693,I walked in and saw her.,1.7336078629831695,2
7e7704ee-3070-47e8-bde3-8ab6ba8ac305,I decided to fire my new social media manager.,1.6599541004398968,I decided to give my new social media manager a raise.,1.5253227875461226,1
fa0cba9c-0e7b-412e-a5ef-08065139b2dc,Sam's parents were upset they had missed the fun.,1.6473430573796728,Sam was in real trouble.,1.606045575341539,2
737d2e8c-d15c-4ac5-8288-01532a5f794f,I had a great time at school.,1.3110506001284183,I hate school.,1.4110466306872356,1
5af5c599-4191-4c4a-b4a4-88c750c488f3,Jeb turned on the microwave.,1.9283256535716546,Jeb plugged the television in and it turned on.,1.8543164944329078,2
e92781bd-beee-4be6-ba37-0e2f7c258864,Matilda then got a letter from her brother.,1.790645645405727,Matilda was told to not write to them anymore.,1.8293634160207337,2
f9412344-ca37-4c8f-849f-62f2859905e7,Bill carefully added up the column of eight digit numbers.,1.895657874377216,Bill and Teddy talked loudly about how stuck up pretty girls are.,1.803730237022569,2
836221b0-fba9-4482-ab9c-5b6ff86fda2c,Nobody seemed to notice what had happened.,1.672838996979747,We could not see our sheet music.,1.6604233639442656,2
c545f1d9-8c13-4f15-907a-09d2115b1152,They decided to go to Vegas instead.,1.603542384406101,They were both happy.,1.6696987101164618,2
dd2f07ba-4c92-41f6-873f-480173087b36,Olivia decided to never go shopping again.,1.8298874498873423,Oliva had a great day shopping.,1.5445250944918238,2
55323564-a201-4a6e-8c07-bd518babb542,I hate the thought of moving.,1.9656222817355546,I only hope I get to choose my own bedroom.,1.5967737670076287,2
17868cb6-c9eb-42f4-98a8-c6a855d8e11d,Shawn gave up smoking on the spot.,1.7498934228364367,Shawn smoked them almost immediately.,1.9349283516743738,2
f94fc6da-0162-4301-98b3-f25cfbfd2357,Nickie never found the doll.,1.2474147932710322,Nickie laughed all night.,1.2124018396950536,1
b2070b39-9b95-44c4-a698-f8f6993a5454,Bob went out to McDonald's later that evening.,1.6316399061304843,He was excited.,1.812218125314147,1
1730c379-eff8-4d18-b195-4d59e7cce600,Tommy was then badly injured.,1.7413519304495029,Tommy was then treated and felt much better.,1.744885663017436,2
a2628347-52a4-44f5-a750-fefddf04a375,Ken made an excuse to leave quickly.,1.7209440453230331,Ken asked him for a second date.,1.5910865251038215,2
de0da0fd-5dbc-4521-adb6-cb2fb029fd03,Liz was ashamed of what she had done.,1.8939148879414758,Eventually they grew delicious tomatoes.,1.7498082172394764,2
1e993bb1-28e9-46ca-9de0-e2984207fe98,He ate his sandwich.,1.1250768562079527,Bill started work on his carpentry project.,1.3456334143727655,1
09e1c076-d69a-441e-bb6a-d3d4c8268d81,Jack decided that he hated the color blue.,1.4213214439472237,He finally found it under the bed.,1.4303672488617956,2
ce171961-1139-4925-a52d-aaa45882193b,They were impressed with my phone.,1.4885746682527095,I was ashamed of my phone.,1.334489205032797,1
11aaa45b-8850-4eaa-8830-2885770f28d9,John had a wonderful evening.,1.5207998485448864,John had a miserable evening.,1.5462394520793061,2
e74a6f7f-b7a8-40b8-a5a5-08a86aff538a,Jenny picked up the sweater.,1.3615167076915256,They confirmed Jenny's suspicions.,1.5093647341355918,2
488b69f4-c685-4882-b5d3-73a328cfd087,Emma never painted inside a restaurant again.,1.6001335979917526,Emma was happy to have a new audience for her work.,1.6379105497529118,2
8402aec8-1b97-4799-838e-53a24c126104,Tom loved his time at the museum.,1.469471860510786,Tom told his parents he hated them.,1.437281973965594,1
06fb6922-d4c4-440c-9830-4ceccd1eacfc,Johnny cries for an hour.,1.5225565713477813,Johnny is more careful on the stairs from now on.,1.5764983439021327,2
21f7ff4d-129a-499d-b881-6da07a4c3e2b,Mike ate the oatmeal.,1.620168957740649,Mike was ashamed of what he had done.,1.5464929111520451,1
49582a49-fbcf-43e2-b1f2-843ab55d2491,I was very happy that I had been building wooden bird houses.,1.5185161611486386,I went to the hospital to fix my finger that I had broken.,1.5176502281715387,2
6b79193e-0b29-4594-be27-f0a478c41fcc,Josh then decided to watch anime by himself.,1.7559780997284422,Josh enjoys watching anime with others.,1.7594543359246821,1
293b2d9c-6aa5-4237-9d3a-e375bd92ae58,Jimbo is pleased his boss does not allow smoking.,1.3025409300054938,Jimbo sneaks into a back room to smoke.,1.4725642822788756,2
7b243674-c555-4b75-a0da-489e89909703,Lester asked her to marry him.,1.7485685863022453,Lester never talked to her again.,1.7765320186290992,1
5829ddaa-59cc-4bf4-96fc-ae78f74bc477,I read a fascinating article.,1.5483776498439705,I finished the entire crossword puzzle in one hour.,1.537957203970945,2
c0b88368-7866-4e13-8781-28b92322eab1,Sadly it made me look like a potato.,1.5866808195760878,The shirt fit perfectly.,1.6098569480671778,1
9bedc73a-bd04-4a08-9d93-d6da9dd33991,White doesn.,1.8472265146140385,Whit doesn't sleep well.,1.510852284602428,2
c4700d83-ffe3-4332-92b7-6bb103becc03,Amy left for volleyball practice.,1.7333444841045427,Amy gave in and took a shower.,1.6542414982024674,2
3309982d-6c74-429e-b45c-68412831b4a1,Our teacher told us to go back and remove the pinwheels.,2.0129372502504785,Our teacher took a photo of the pinwheels.,1.8409758621263774,2
796cebdd-7d6f-4c1e-95c3-be941d0e4a55,Beth gave birth to a beautiful baby boy.,1.4430491540427388,Beth was very happy during those two days.,1.3074119648787403,1
1cfe77d3-b1b2-4e00-bcda-2afb98c8968b,Mia vowed never to eat it again.,2.0155130726312804,Mia liked it so much she decided to learn how to make it.,1.871795055509026,2
c70faa93-43d8-4343-8b31-5b28aba6eedc,I began to teach special education.,1.700597146578724,I decided to never teach.,1.856189769295493,1
53756438-d5bd-45a6-83b0-5dc4ca78a5cc,Jake fell asleep after drinking the milk.,1.228891961605718,Jake then drank a cup of coffee to stay awake.,1.19440275212927,1
6ead3cd4-e1a7-4ca8-a93a-f0fd32390bf7,I listened and told him I hoped he felt better.,1.533155485799512,I decided to listen to my ipod.,1.582102763957809,1
5cf80e19-8050-4d98-9a1d-b863be3e9f60,He could not wait for his advanced physics class to start.,1.3722484110896151,Joe practiced his kick and was accepted into the soccer team.,1.3125295776782728,1
d0cc2b2d-106a-4255-a946-cddb42b76b47,Bonnie called to say she didn't want an interview.,1.4458672995818287,Bonnie got the job eventually.,1.347258913708449,2
e9223a00-dd48-400b-9b73-c24b5968285b,The ambulance took her to the morgue to die.,1.9194178441896397,The ambulance treated her snake bike.,1.9622920435664886,2
ed8978f8-7863-4f85-b0d9-b29739250d9a,"Jerry attempted to run the marathon but quickly collapsed,",2.0579386362504506,Jerry won the marathon.,1.8682543278508075,1
bbdd62f2-63f7-48da-a4a9-cdb28f385037,Dave backed away slowly.,2.01946017543756,Dave took pictures of the tall trees.,1.7249359474145247,1
39ba66cb-3cde-4cee-8a25-fbf47ac92678,Skip's parents decided not to get him glasses.,1.59568706881893,Skip got glasses and improved in class.,1.6443052389780393,2
f6e2f4f5-0cfc-458f-95ce-aab93e029ee7,Rae went to fetch a broom.,1.4632536838852293,Rae asked his brother for the name of his plumber.,1.5660954814853862,1
850f4d4d-0fb3-404a-9113-1197a4a3fe4a,"They framed the letters and kept them for years,",1.963836790623037,The letter stated they would be getting no gifts.,1.757916031088202,1
26e0a6ee-7898-4d22-9380-0a22e6e5e2f3,I found out I had the flu.,1.4952418821096605,I told the doctor I didn't need his services.,1.5870680229076357,1
56b2b948-79eb-4a8f-89bd-bd7198c50546,Christian hates football.,1.391603505916982,Christian got on the team.,1.1716766014094209,2
982d24ef-9aad-48f1-8c8d-c84b60739868,Gina was very happy.,1.9988838870952774,Tim did the dishes for Gina to be kind.,1.9827254646468555,2
bf839b9e-20fe-4906-bb7d-f34e50e066f5,Jen noticed that Lee's flea problem quickly got worse.,1.9035357568015188,The vet suggested a flea collar for Jen's pet German shepherd.,1.8021560944200714,1
f658b035-346a-4d33-be6c-87106223ff88,She had just enough time to make the train.,1.763897482263356,She turned around and drove home.,1.8282162762718317,1
ac74847e-5380-4cd9-a055-938a7f157e82,Gina found her phone.,1.543900982622025,Gina went to bed.,1.5145571108544833,1
bf150607-566f-47f3-b180-49d4d5f87cb8,"Because of her replies, Sarah didn't get the job.",1.714784668210593,Sarah got the job and was praised for her clear voice.,1.74217596478264,1
bfd0edee-8c7b-4b44-afb2-f9620e89a07b,Linda and her boyfriend ended up getting both.,1.7377652269830959,Linda and her boyfriend didn't want to eat.,1.7079859171524912,1
b4c29adb-5bc8-41de-96cb-be694a0a7714,Morris was bullied everyday at the skate park.,1.728567124932411,The younger skaters taught Morris a lot of tricks.,1.642185164537697,2
3823e668-4a55-4c3d-a37a-544245f21eb5,Ron was proud of the decision he made.,1.8650782978609093,"However, Ron still went out drinking with his friends.",1.7787343229685189,1
364ff78a-b959-4051-b50b-29d480ba0661,Jane decided to cut her hair short for summer.,1.7466905893913987,Jane loved her long hair and grew it even longer.,1.7801556496039774,1
0e92d1ba-0e2e-4052-99b7-d26a811da4b8,She was late for school.,1.7956603332123866,She went back to sleep.,1.7577645257224632,1
9e103dc9-b08b-4249-be00-28525dbd972b,I said i was fine with that.,1.4226870761442254,I asked for a Coke again.,1.4812838038149294,1
b67726eb-80bd-47d0-a32a-9296cd263744,We had a boring day.,1.6879445767824972,We found rocks to use for his eyes and mouth.,1.6160247116260673,2
f4aeb79d-acf1-475a-9c31-b9cfd8bc54f6,Joe was very frustrated.,1.868692862070054,Joe was happy.,1.844226663829315,2
c2f3ba17-ee83-4837-b341-68055e9bbca5,Arnold was not allowed to return the television.,2.0708798479391777,Arnold kept and loved his television.,2.057583274621371,1
2ad983c5-5074-4d10-acca-e98b9fceb09b,"Pretty soon, he was drunk and passed out at the bar.",1.4794995173663017,"Eric really enjoyed this new bowling alley, he realized.",1.5765172581232116,1
f0404412-c6a4-4467-bf56-59629753a81a,Ellie continued to dance.,1.7009259810070065,Ellie had to find a new pair of pants quick.,1.6954325822100806,2
23866dc5-7c69-4471-aad5-e85d636afafe,The shoes gave me blisters.,1.4526792760588079,"I happily played tennis in my new, uncomfortable shoes.",1.2315150907586456,1
171c010d-c961-466d-880b-5bf0550832c9,Marcus decided to learn how to fly planes.,1.78554650776412,Marcus relaxed once they were in the air.,1.730655308590634,2
2caa6eda-0fb4-4ea1-81b4-d271dd8b6b29,Larry was happy that he could contribute to the party.,1.636205730237771,Larry decided to stay home from the party.,1.652122229891496,1
a31092f3-5948-4de6-be36-f07a76895f7f,It was such a long car trip.,1.4015726705020597,She loved every minute of it.,1.5834835244554355,2
6aa8850f-16b3-4eeb-b1d7-b976f53eb17b,He had a boring day.,1.58141216656488,He was fascinated.,1.489218509253777,2
4538de5c-e6fe-4cb2-a4c8-6c987edfd123,My wife cooked dinner.,1.457690015058001,There were too many photos to upload.,1.34673574685518,2
e4df84be-6c8d-4271-93d8-73999aab7fef,Doug's wife kissed him.,1.602859517599676,Doug's wife was angry.,1.5562953014602632,1
8a0c7f34-82b6-4230-a08d-afcada1dc5f3,Grace didn't miss a day of class that whole year.,1.903867206454492,Grace decided to stop playing tricks at school.,1.9977002117597258,2
1c3f631c-ef1a-4dc3-bd26-715eea2c5703,Jane was thankful to have the recipe.,1.6843471258210398,Jane didn't like to bake.,1.8445171050781615,1
9f097485-ac0b-40b0-bf42-3fde6476ce14,Mark hated animals.,1.9103906958474557,He felt bad for the birds.,1.7152172207658833,2
359c1833-b8bc-4f0e-b083-a1120047a73f,We ordered a pizza with separate toppings on each half.,1.8845061192430472,I suggested we choose a different movie.,1.9486374377838793,1
e4514b3b-2ac2-4e1f-8b23-6308185b3e25,He hung out with her all day.,1.7854428259007762,He yelled at her and went home.,1.694035574929416,1
7887fe5f-be9c-48cb-9f83-cdf4e054852d,Johnny felt he let his parents down.,1.4122310972719387,Johnny was elated.,1.455306621340541,2
d2c6f02d-624f-48d7-8bd1-e0cd4b456016,Ben's mother will now wake him  up  one half  hour earlier .,1.3296262881448815,Ben crushes his alarm clock and buys a chicken.,1.4364145637637922,1
be6167f9-7024-446d-8e38-ba627eb7a79c,Ally couldn't wait to get engaged.,1.554720657377064,Ally was very subtle.,1.712928468406267,1
36d8301c-5702-4b42-bee3-73415a992133,I hated the new song.,2.013633142283411,I listened to the song all day.,1.8283633588610266,2
42c98f2d-f3c3-4a29-af0f-59a82bc01cf9,It made them depressed.,1.7128846444070152,They were very excited about being well known.,1.473990271877796,2
f8a623b4-a19c-4176-a576-2fda8da9d616,She was very happy with the teacher.,1.4779403068356551,She failed the class.,1.5328020016095703,2
2562c10f-4f6a-4b80-bf78-93ce317ee1ed,Patricia realized it was a big mistake.,1.7867005268083849,Patricia eventually became a biologist.,1.890958863964386,2
0aedef28-e132-48d3-952d-60d6023e6354,She was the best player.,1.9818872874125826,She eventually got better.,2.270252313456237,2
560de71d-f0e4-4430-b5b0-e6ceda4b9c20,Marissa took the two puppies home.,1.5990799519485923,"Sadly, they were both filled with junk.",1.4370281323260437,2
fae520f1-4a08-41a2-a993-43a9f33ed3cd,She was excited to get to work at the camp.,1.3642435310587775,She didn't want to have anything to do with that camp.,1.457378947121721,1
ad0ecbef-894d-44b0-ada0-dd4c02f1ea03,Gina threw the phone away.,2.082181065231922,Gina's mother never found out that her phone was taken away.,1.8519047885419324,2
2a333529-c28c-4eac-a8f9-50ac2898ffa0,Meg could not think of where they could be.,1.606507501912109,Meg checked the vacuum and then found them.,1.6321783754129022,2
0932cb74-8265-44a3-ad1e-53975f3ee80c,She found them in the living room reading and was relieved.,1.3436548049292854,The children were in the kitchen eating lunch.,1.3309887098870028,1
2a1e75df-7330-4db5-b870-a4520de57288,He finally decided to buy white eggs instead.,1.9197272333701765,All of the stores he went to were out of ice cream.,1.698348421856037,1
e9b85e53-9355-4b2c-9596-fe595ffdb083,They all had a very memorable time together.,1.655543705438997,Everyone was miserable and angry.,1.6320201406007913,1
fe46f94d-a6bf-403b-9c46-d600c747c6b1,Maggie has never seen a panda.,1.8813988559373835,Maggie loved her trip to the zoo.,2.0493938103840095,2
529ac218-8924-43dc-92c1-18b83bcbd10a,Vianna now works everyday.,1.3760178281765236,Vianna quit working.,1.3847387796110384,1
af50c61e-685f-4e0c-8766-bfe5865dd9a9,We had a great time.,1.6753488904793545,We all eventually couldn't stop arguing with one another.,1.7714749781949277,1
57b7b390-ced2-4b9e-8e84-71a5d98d8037,Lina made her kids wear clothes from the pile.,1.4208478291169941,Lina gave the clothes to charity.,1.4027363892708131,2
45be99fa-41ef-459f-b791-257a852933cd,Anna thought the chocolate shake tasted dreadful.,1.5785431515489408,Anna thought her own milkshake tasted just as delicious.,1.459041525463097,2
c41221e1-a84d-43ff-a7de-d623d7480d43,I decided to buy chips at the gas station.,1.5242323846788572,I decided to never eat again.,1.4187325850095485,1
76962d77-c956-49ba-a135-427a6e78d0e0,Tommy started playing guitar.,1.9277147296912138,Tommy ended up doing well regardless of his nerves.,1.7214079514461749,2
488a1e6c-e8e5-4ad6-b912-73ba8d84a2c3,Jill's parents scolded her for skipping class.,1.2444459463773512,Jill's parents took her to Disney World.,1.314813994570763,1
e51aeb78-f81d-4fcd-8016-5d0cd450ccd4,Chris bought the red car.,1.646824395491942,Chris bought a motorcycle.,1.7192779943766654,1
36c78816-7606-4fe4-beb2-4b4cfde8115c,Henry decided not to do the scavenger hunt.,1.4912928362553413,The kids loved the scavenger hunt.,1.4844610388289956,2
2dc083b6-dcb0-4227-854d-32d8e98db2af,They both became more confident and made more friends too.,1.8274820167530794,This made Jake very upset.,1.8499483950272755,1
c7d01c21-6d8e-417d-9dc0-ca4492194254,He was thrilled when he was finally on his way to Ireland.,1.8007118922043523,Sean spent his saving on a new snowboard.,1.8922694354940266,1
be51f295-a71c-40b3-b540-d72d0005ea9b,He used a fire extinguisher to save the day.,1.8030529974372724,Todd had some great toast.,1.7071595126749746,1
8844fc1d-432b-46e8-8eb1-c78bb87e6c35,Beth was dedicated to making great mashed potatoes.,1.8631844841388898,Beth was a lazy cook.,1.857278426994939,1
683fa7a6-70a2-41cb-b206-51c330e7fc58,Their parents jointly threw them a huge party to celebrate.,1.7402113226217277,They both learned their lesson and no longer kissed in school.,1.4716148882072302,2
a7d985bc-8564-4262-8c45-6d211bd59f31,Ashley's dog was full of live fleas.,1.2507742874360694,Ashley killed all the fleas.,1.4442486916368025,2
731c4da7-a88a-49c8-8212-ec512bad27e9,I hate spaghetti.,1.8128321267937746,It was very different.,1.6377870709808855,2
0ff4a668-ca06-41f9-8d94-89f9eb3cd42f,They helped me realize that I should cut my hair short.,1.6310880036892255,I bought her a dog.,1.628777053098351,2
16119f0d-b0e0-43f6-ac36-5a13bab13604,Kaylee was thrilled!,2.1499630840565986,Kaylee was really disappointed.,2.036602895088207,1
26176dbc-df7d-43ea-a3e4-93cb24cf04ad,She cried of joy when she received her first acceptance letter.,1.7169534926872645,She ultimately decided to become a geologist.,1.780664289947506,1
3dfddb07-7fcc-4383-b01f-820d55f933cd,Now it comes on every time.,1.4697062001898369,That is why I only play Frisbee outside.,1.6246199145714848,1
f2a888b2-7571-4493-a723-eb2afaa56061,My professor was very upset.,1.8422852338492173,My professor congratulated me.,1.8559205954845897,1
0444951c-aece-494e-bacc-ef5d9f70ad90,They rented a car and had a wonderful time skiing.,1.551881402092036,He decided that he did not want to go skiing.,1.5925488384714255,1
bb054807-6986-45c6-a70e-3fe1d03d4c1b,Brad's mother was very caring.,1.6829486318348188,Brad's mother was rather uncaring.,1.7420766112276904,1
5cab8b6a-2396-41ba-b570-2953ff135740,He had to go to a homeless shelter.,1.4095544555361514,"Somehow, thousands of dollars appeared in his bank account.",1.3814800968778207,1
eaefa570-0098-4b6d-9da1-d1df2d785824,Juan's mother showed him how to make a taco casserole instead.,1.7375492053487283,Juan went back to the store.,1.737034993147434,1
6d430931-b572-4cc7-b18e-e7bdec5be9ca,Lena went to school only to find out her friends were sick.,1.8249451270605594,Lena pretended to be sick so she could avoid her friends.,1.8370516524736544,1
e4086d5f-fa5a-41ee-a268-0c984a2cf816,Jim's wife decided he should have a dairy-rich diet.,1.421973824980257,Jim's wife was relieved to find the source of the problem.,1.4696863087799379,2
4516ccd1-cf8c-4ec9-a791-ef79680b6e14,Tim was pleased the lamp was so easy to set up.,1.3392768444982168,Tim then threw the lamp away.,1.2377139940865218,1
a0463fed-950f-4202-a658-c95358cf13a0,She could not participate in the tryout with the injury.,1.9627325032713905,She did very well in the tryouts.,1.8538556660373555,1
64129ef8-a826-4a16-a76a-b3267b73a614,Morgan was glad she remembered to bring extra tea bags with her.,1.6713684174965246,Morgan was glad the hot water tasted like coffee.,1.6516086642031582,1
d1a29203-adef-44c7-9f1e-2973a475933c,She loved the cupcake.,1.598016893152035,They had to move the dolls to sit down.,1.5490553390892314,2
c86b0427-df64-416c-a4eb-753d5d3b666f,He finished in first place.,1.6955541955151265,He wasn't able to finish the race.,1.603900135635877,2
4351716e-f1ea-4e28-ad5f-45e5d07480a1,Bob was never the same after being tasered by the mall cops.,1.7941038468692732,Bob finally went with his instincts and picked the perfect gift.,1.769088367325641,2
ad40be2d-21b7-47d1-9b9d-5ae9a5bd0428,Ida was glad she could dance in the rain at the festival.,1.435622309345189,Ida was glad that it didn't rain.,1.541192167694043,1
406638bc-0ff9-4a9f-8034-8c43acf0b3ba,They huddled in the bathroom as the tornado raged overhead.,1.6358120051546634,"The earthquake lasted several minutes, causing minor damage.",1.6761169283201816,1
e3651067-1160-43b9-bb24-93137b4a8298,She ate the cake alone at home.,1.4806527295104905,Her mother enjoyed the cake greatly.,1.6844568650579974,2
2193129d-8583-44fe-8f38-279c317a458e,Ron found that he rather enjoyed living on a farm.,2.227107040364999,Ron hated being on the farm because he disliked the animals.,2.1443325277373777,1
973e3d54-e7f2-4845-8460-d29f2baf3229,Ron was given a prize by the store.,1.799067097856537,Ron was arrested.,1.8562985489962989,2
6b75107a-46e6-4c21-90fe-59869d692c97,We stopped playing in a band together.,1.4702268824548625,We performed a small show for our families the next weekend.,1.4610060257781843,2
787d6725-553a-4fe6-9878-d7e2f3c79f33,Jack abandoned the whole idea of getting a puppy.,1.8354310154203808,Jack then showed the online puppy and pleaded with them to get it.,1.9279163911733772,2
e19f9cff-0587-4ab8-b099-122a903ce6c8,Jon then watched germs with his microscope.,1.3255015471440754,Jon used his telescope often.,1.3839245248796213,2
6f21cce2-3086-4096-9243-7799ad831690,The clerk told him where the bacon was located.,1.5045463270227912,The clerk told him to find the eggs.,1.5607676429589037,2
391f5b4e-ffac-4184-be40-438c4304d922,Jimmy laughed.,1.7336284572805496,Jimmy cried.,1.8318865649224265,2
449c1058-fb27-4c6d-9cac-fbd5b32b80da,He threw away the treasure he found.,1.6907967772757235,He found many treasures from his childhood.,1.7449777517162428,2
743a3dca-d9a4-4297-a47d-34183a672f6d,I didn't like any of the groceries my mom bought.,1.6359414651407134,I ate a lot of candy that day.,1.498576989499553,2
e17eb2cb-2fa8-4a33-8838-4f9b033fdaa4,Joe loaned Grant some money.,1.3668272038362248,Grant loaned Joe some money.,1.350754290720941,2
19c29a0d-7b1f-4066-8fd0-090fc6c640f5,Lobster was Rakesh's least favorite food.,1.6955497279259955,Rakesh loved eating lobster.,1.5797912609043068,2
9ba79327-d72c-4882-a828-e8bd80fbab56,Ron was very happy.,1.670340856082101,Ron was very unhappy that it had snowed so much.,1.8124900728159647,1
4dfe85e4-7e34-4906-8eaf-5f519820b2a4,He didn't listen until we got a lot of ants one spring.,1.6609784093647517,She showered him with praise.,1.550078006321291,1
2029aa56-ef8f-4c6f-a599-6dae60566f01,Brad had delicious Eggs Benedict.,1.5390073701375846,Brad hated his mother for getting the eggs.,1.5196523972803835,1
32cccca4-9475-4755-8fd4-b540b70d64a0,Paulo was ashamed of what he did.,1.8110291479635865,Paulo felt proud of his accomplishment.,1.798536611214007,2
ad4fbdb4-6d17-4417-b560-b6a3c6a74825,Patrick developed a fear of dogs because of the incident.,1.8845445924145425,"It didn't break the skin, but Patrick was scared and cried!",1.9054017410007262,2
e0487099-4c2b-4cfc-af24-489a5675a52f,I am much healthier now.,1.1446845479633465,I am 300 pounds.,1.1107415771596747,1
e0f9cc9f-2cff-49af-9cb6-cafd44f3faf1,Jane's girlfriend was a die-hard flower lover.,1.5721760436443737,"Jane loves biking, hiking and walking her dog.",1.5991725685009355,1
9ec710ea-0c91-4616-91ab-f28588628b5c,Damon went straight to his room and went to bed.,1.5311433325061488,"The next day, Damon found his wallet under the bed.",1.646663413483229,2
61f5c395-725b-4249-bf21-838525b78a4a,Bob's daughter thanked Grandma for the delicious meal.,1.5519627757536367,Bob angrily drove home after the meal.,1.5599762299060245,1
d86787ce-aeb7-4bfe-ab75-a98c253e67f1,Suzi hoped the cat would stay in the tree.,1.4870939711313793,Suzi's cat was saved.,1.4196210784623569,2
4cf8dc65-71e8-4664-9d71-c15cbd3d61ee,Ava flushed all the aquarium water down the toilet.,1.4913310346219861,All the fish got along fine.,1.5759344848132926,2
ea04f6ea-5b4f-4a24-a276-fe6c1e55667f,It costs more for gas to the other theater.,1.4672556046949317,I still go to same theatre that I always have.,1.3567122051664713,1
3e43926e-578c-4da6-9026-fa7908d46003,I decided to get rid of the car.,1.4286561527228454,I drive the car everywhere I go.,1.3145912777405449,2
fd2ea23c-2ae0-43eb-a175-a45251c82d43,She won the contest and was proud of herself.,1.428374504944911,She was disqualified from the contest.,1.5898147353675407,1
56102300-2ba9-4b64-a603-9d42dc107d36,Then she lay down and took a nap.,1.52404406965867,She was jumping up and down begging for a walk.,1.7029950209499498,1
43bacad9-413e-4974-8789-a979823e634d,The puppy's owner gave Matt a reward for finding it.,1.9480349451162438,The puppy's owner strangled it and offered Matt the corpse.,1.916095892151826,1
44da8813-2d56-4606-8e83-3059090bcff8,Mike didn't like riding bikes.,1.682833877455327,Mike accidentally collided with the kids.,1.5252052215226186,2
308e263d-0f58-481a-a095-756250039824,Lucy realized the meal was burned.,1.5594837069026468,Lucy realized the meal was perfectly cooked.,1.5093080749418162,1
58838a00-4307-489a-896e-a89258ece510,Tim's teacher praised his attentiveness.,1.8759121882162524,Tim failed the final exam.,2.0451375200068407,2
a5951fe2-62f3-43fc-9572-f038ba48b0f5,Amy became best friends with the operator.,1.4972605968473705,Amy hung up the phone angrily.,1.4255692718836939,2
895a668d-e3be-4063-a273-777bf585f834,He was disappointed in his broken computer.,1.5290884082091623,He was happy about his computer.,1.5476335999925934,1
7e0ad258-5eb5-4674-b801-2200838c8ae3,They never found the owner and kept the dog.,1.59364193198194,They ate it shortly after.,1.6604966611235188,1
8d17d2cb-285d-4e12-a119-935b0a9d938e,Bill was happy to practice every day.,1.9621346832514686,"As Bill got older, he realized all of that practice help him.",2.00827380323169,2
6c1b3dc1-780b-43f0-a97b-0f043be0e6ed,Lance's wife felt very romantic and loving when she arrived home.,1.4982822986590092,His wife was so angry she took the kids to sleep at the Grandmas.,1.5405296009653415,2
2748ec86-2ca4-40f7-8c19-483f150d35d9,Leah forgot how to speak Spanish.,1.4353697904967957,Maria was proud to learn a new language so quickly.,1.3884285571558157,2
a9013402-27fe-4ff3-9d6b-e01ef3ff8e66,After two hours firefighters came and rescued Jay.,1.7580164272712775,Jay laid down and took a nap.,1.6023835199948864,1
617849f0-8057-4609-a93d-1ed7c82c777b,He was accused of pedophilia and sent to prison.,2.1749273288912283,He ended up babysitting to pay for college.,2.083691455785628,2
ded2be3f-7cf2-4bd7-ab16-f946e25427ca,Ted's friends thought he would run in the campaign uncontested.,1.8878269054898946,Ted decided to run for county magistrate a year later.,1.750383883872482,2
285843c5-b7d9-4ae0-aa25-924a1b3b0dc9,She continued playing with the ball all afternoon.,1.5702609941531849,Next time she got a ball she was more careful with it.,1.5633736203881947,2
0247c6c9-cc36-4094-81ce-534e9bc17d21,Bob had always been reckless.,1.694606034317475,Bob had also forgotten his shoes.,1.5450033961619978,1
d99e7b4e-eab3-40c5-9924-4aa34ec7ac9f,Carl decided to give the bike to his son.,1.8389581130786108,Carl decided to throw the old bike away.,1.9097166936302914,1
0d608a91-67df-45e3-b141-12fa84ce1f00,She went back and had another large serving of deer meat.,1.4228740815649046,She slowly drank a glass of water to calm her stomach.,1.5109859750787153,2
795a57ba-fb40-4006-aca5-967cbef08ed1,He ended up becoming a scientist.,1.8072716956098205,Carl then became a garbage man.,1.708644375322649,1
7ac83d60-7b79-4ed7-929f-520f3ab4ea7b,Julie was incredibly embarrassed.,1.9977990135327914,Julie gave Barry a hug and thanked him.,1.9655806068859143,1
43aa020b-9bca-4af1-9ade-e281f41d04f0,I knew then that I wanted to become a professional cyclist.,1.1351012504410527,"From then on, I made sure to leave myself plenty of travel time.",1.3673662620556517,2
defdaf3f-b580-4c4f-a320-a798a52ac508,The teacher told them to stop talking.,1.4522163488697861,The teacher joined their conversation.,1.5250173057777892,1
8d184896-38b8-4cde-91f5-b17cb2390d3d,Daniel went to check the breaker box.,1.6422896973712338,Daniel turned on the kitchen light and had a snack.,1.5918271720842365,1
dbac66cf-c1ca-4281-80e7-e32d0821d891,I hoped he would just give me a warning.,1.6141355618891948,I enjoyed talking to the officer.,1.5511697037231535,1
1a037660-3761-449a-8170-59e2705a9c54,Melissa's mother suggested putting her son to bed earlier.,1.443607366669794,Melissa's mother suggested putting her son to bed later.,1.4459616563482363,1
f11a5673-e26f-4e9c-9c5d-e0770601e357,Mark did not do well and felt defeated.,1.7533539070869195,Mark became famous and made a lot of money.,1.8417507964478368,2
6feddef3-ac35-4cab-a0e2-76f52e312d00,Rex enjoys himself.,1.7134375765930918,Rex vows never to return to Argentina.,1.468238412892643,1
cefe66d6-a8ed-497b-bcdd-41090836dd43,They bought some fish.,1.6066233998811676,They never used the tank.,1.6322447668972848,1
bef317ec-84c4-476b-a83f-31666dc3af74,She loved her new turtle.,1.5443581317752821,Sandra was upset that her parents refused to buy her a turtle.,1.592175398257449,1
2799312a-1800-4ad4-a44b-f0d7242334f7,The children decided to play hide and go seek instead.,1.8047043679674162,The children decided to play marbles.,1.674399378574083,1
f44a23aa-b910-4c97-8ec0-54487fdd3bb7,She hung the pinecones from the trees and waited for the birds.,1.47610114963982,Then she threw the pinecones in the garbage.,1.5670157451919282,1
d366b88f-b59e-492a-a4a7-0848c45237b0,This would be our new favorite restaurant.,1.5603689633765558,The restaurant was just too cold.,1.4479547917163433,1
2ab10c41-2ca3-412a-b669-7d2f8c7b09bf,She was full and happy.,1.2653933564354425,Betsy likes cheeseburgers.,1.2632082199428698,1
4a98efef-ca5a-4146-95ae-8f0c6ee398d1,They had no children.,1.5565021990842958,Their child looked like both of them.,1.5178924071321902,2
8ce7eaf0-bb21-4adf-9585-95484de98967,Gina's teacher told her she could use her phone.,1.6278807885143616,Gina's teacher wasn't fooled at all and gave her more detention.,1.7648302908529636,2
9f5d238b-92d2-46f4-80d4-d30e65087c47,Jill was glad she went to the doctor.,1.6057199934037716,Jill stopped meditating.,1.779483583391722,1
47ddbe43-99e4-4cc7-b343-ccb5bd9f61b2,Then she realized it was Saturday.,1.5383591074260363,And saw the biggest bear she had ever seen.,1.5439570187688292,1
30692936-299b-4ca9-b2fb-74509d0d3e25,Sara cried out in pain.,1.631149487841211,Sara laughed hysterically.,1.8018751207063421,1
d67a5d8f-d0cc-4f0c-9539-9a6a71e64072,Todd's knees shook as he skated because he was nervous.,1.9296638743253953,Todd wore a silly costume to his hockey game.,1.8457058024221875,1
30dfce5c-d550-484d-8dfb-fa60c06821b1,Joan was disappointed in her roomate.,1.504805486684017,Joan was thankful that her roommate was so caring.,1.6080540669267158,2
a8281cdb-5cfa-4afe-99aa-915110c0162f,He showered after he finished working out.,1.3412828188992336,Pete went to the baseball stadium.,1.4013330656825578,1
1aa8a574-afbd-4f8b-a57d-05c05e242ca5,She took off her jacket to cool off.,1.4641186214158732,Clare wished she brought a warm jacket.,1.4928504105145595,1
2882bd18-3f36-4f25-88b4-0174f2d655de,Nina bought a new bike with her earnings.,1.5138007258516937,She earned enough to buy the dress.,1.5253089321173876,2
1ea4b932-94b9-4a2b-9b99-927ec97b5fbc,"Tami wished Gina would shut up, but she just kept talking.",1.8777982699955926,They just walked comfortably in silence for a while.,1.7807063091627522,2
64e7243b-0ce1-4b4f-8485-5b9435504540,Harry quickly fixed the problem for his mother.,1.3277239910770118,Harry decided not to help and walked away.,1.388994832158654,1
933a7de5-8897-4f34-92b5-90d522a474ee,Kevin was very angry with Stacy.,1.282311866869636,Kevin thanked Stacy and they enjoyed their time at the park.,1.2898669924656505,2
7828385c-a209-4c05-81be-1916ca8d51c2,"However, turns out to just be gas.",2.081134217125451,"However, Glen hugs his mother-in-law.",2.0288743644824736,1
fb46930d-fee0-4e63-a858-2afc280aa5f0,If it wasn't such easy work she would have quit.,1.5389956647712748,Next week she would relax when it was all over.,1.6175545181974313,2
a2fa4dda-1865-419f-b3ef-3f3e44f5a72d,My dad always drove safely and we arrived quickly.,1.8956330299315585,We decided to return home instead.,1.739845967233392,1
e3515dbd-3b75-4a54-8a3a-1bba84443404,Gill and Peter Falk shared a mutual hatred for each other.,1.911920301057221,"Her attempts at solving murders, however, were less successful.",1.8779562716818907,2
fd5da531-ff8c-4eab-99d6-6c1e94b1035c,"He did not miss the last one, but was still disappointed.",1.6312159476575043,Chad scored a touchdown after asking his coach for advice.,1.6628721960026323,1
fa0260b1-cfae-4a39-bf66-1d33f6fe508a,His cheating wife continued the affair.,1.8786315585886815,His cheating wife called the police and he was arrested.,1.8899448184477203,2
4e564bce-7c14-4707-9757-1e1cc4f4634e,Ivan was happy the hike ended so well.,2.0723686980093845,Ivan bought mosquito repellent for his next hike.,2.11798703681767,2
7cfd005c-ca20-4fc2-802b-83a63998b9bb,"Paige decided to play in the snow,",1.6682852305859748,Paige had to rely on her friends for their support.,1.5167500189533913,2
6758c9b7-0bde-4334-93b1-7e394f9bb612,John was upset that they had such an awful time.,1.4951928992203114,John was glad he asked her on a date.,1.5603258906687478,2
785be451-af37-4097-aec4-46dd966e69db,The man did not like music.,1.5656436897979917,The flute sounded beautiful.,1.6184577776784832,2
a6faba67-1aac-48e5-95aa-4b156c96c1d8,Maggie was glad that the wait in line was so short.,1.57669694148379,The ride was very fun for Maggie.,1.651877647714068,2
b929f263-1dcd-4a0b-b267-5d5ff2fe65bb,My friends decided to keep inviting me out as I am so much fun.,1.59876168878982,"The next weekend, I was asked to please stay home.",1.6975308348915703,2
4745d627-be9b-45f2-ad92-99c82cc83f85,Avery thought her children would be happy with her decision.,1.6127909772019529,Avery regretted what she did the next day.,1.7457433552554424,2
2f74e81d-957b-4541-9e66-59e5eaa6aef1,He felt inspiration and then went back home to write.,1.521105106966337,John then got an idea for his painting.,1.5457128932463224,1
ece6f206-49ab-4c70-8a65-d6d2b0c97610,Kerry was disappointed.,2.0163414747015396,Kerry was so grateful!,2.3419718314574407,2
482130ae-9698-477e-a20e-76b48d99a2e3,When he finished his paper he went to bed.,1.5840635478411227,Luckily he had been saving everything on an external disk.,1.5930283531681158,2
3f076ec0-6985-418d-bb75-45b437aceca0,Ari opens the jar to find perfect pickles.,1.5774614688589077,Ari's pickles are sweet.,1.5997929707946381,1
b5bc0ca6-03b0-43c0-8114-20186b5f783b,Trudey hoped self-publishing would be more profitable.,1.669055861806143,Trudey called her sister and asked her to come to dinner.,1.5919881373263882,1
d9dde843-ee66-4dca-820a-c3d489ba586f,Oliver decided to not get married.,1.6904350431829795,Oliver was so grateful for his wife's love.,1.6242496433327382,2
705d7e4d-3b56-48dc-9dad-9b14eff97d95,Sarah broke her leg.,1.662885750472957,Somebody found her cat.,1.5910241371716651,2
a37be14a-7724-464c-8344-87624fafaa34,Kelly was mad about that.,1.4631409692866566,Kelly was so happy to finally beat it.,1.5324647913163638,2
9cba37ea-cc3e-4775-b044-c3d3d4983d22,To this day I hate checkers.,1.4525308830048036,I have very fond memories of checkers.,1.517387282421888,2
a0769cd4-45a0-492c-a566-b14b9b17cba6,Amy spent all of her money on clothes.,1.4184192226683021,She loved her new phone.,1.4005622987629247,2
40f3b904-81c7-4e92-b245-ff20840733a2,Dave bought an entire case.,1.5038654834920941,They were on sale.,1.6247265707095342,2
1d3e5ddd-76a9-401d-8c5c-a6f5f0bd7160,She was offered the new job at a higher salary.,1.5271332711381422,Ramona had no reason to want to change jobs.,1.5579528387266235,1
34ddd737-0709-4fc7-b64b-6c43eaf9f48c,My parents gave me enough money to buy the console.,1.6360707901566964,At the end of the summer I gave the money back to my parents.,1.698342538939565,1
