First Ending Sent,First Ending Kmeans Distance Metric,Second Ending Sent,Second Ending KMeans Distance Metric
He is happy now.,2.8358510849097627,He joined a gang.,2.4679836204316823
The brownies are so delicious Laverne eats two of them.,2.1403760805150327,Laverne doesn't go to her friend's party.,2.2863890926191193
Sarah then decided to move to Europe.,2.5751340752767855,Sarah decided that she preferred her home over Europe.,2.599021649364381
Gina liked the cookies so much she ate them all in one sitting.,2.355129814374475,Gina gave the cookies away at her church.,2.4938847686364984
I was very proud of my performance.,2.343971557011103,I was very ashamed of my performance.,2.427208174773504
Jim took time to decide what he would take a picture of.,2.799485839048905,Jim took 20 more photos.,2.8604569844028207
Ron is immediately fired for insubordination.,2.683401622032558,His boss commends him for a job well done.,2.4921870206919605
"In Vegas, John and Billy competed against eighty contestants.",2.3932273669156174,John and Billy were disappointed.,2.5832163211230315
But she gave up.,2.197294722400585,"Later, she passed the test.",1.9100924145246965
Eventually Trish grudgingly came to accept nature.,2.540225673987959,The fish had very interesting mating habits.,2.804141801067084
Tony enjoyed going on the cruise.,2.701423551918736,Tony was scared of the ocean.,2.8514245848449318
Ignacio gave up swimming.,2.178536162143028,Ignacio won a silver medal.,2.0910416230761726
Danny decided to go to sleep.,2.5235021296287607,They prepared for the start of the race.,2.5798513555704905
Mary disliked Pandas.,2.203270935212589,Mary couldn't wait to present her report.,2.1779102198736098
Ellen ended up winning the prize.,2.390343827405,Ellen had to pay a replacement fee for her library card.,2.5483737982800463
"Jesse went to the park with his new friend, Roger.",2.3910234749344985,Jesse was picked on by the other boys in school.,2.1832012124604865
Tiffany went in to work the next day.,2.4226103816517277,She was in pain but happy to not have to go to work.,2.417259139608161
But she didn't want her phone anymore.,2.677309686274822,She found her phone in the car.,2.5245133909626385
Alice called her mother and apologized profusely.,2.3673955393255603,Alice messaged a cute guy she saw on Tinder.,2.546769755093162
Ted continues to watch several movies a week.,1.7141241385941153,He decides to stop watching movies.,1.9462918221445809
She loved it so much she planned a trip for the next week.,2.436849024167816,She was shot and vowed to never go there again.,2.464748206266163
Javier decides to get a smartphone.,2.107792010490443,But then he misses his old phone.,2.0357343608999496
Rachel broke down in tears.,2.418843756792068,Rachel started moonwalking with excitement.,2.4538207121412103
Ron started collecting bottle caps.,3.044002087901194,Ron applauded the officer's performance.,2.8289040822380427
Sam went on a diet.,2.7133503090697277,Sam was happy.,2.9690326977700128
Larry loved going to the hospital.,2.958836952524139,Larry became careful.,2.966802847219242
Soon we were boyfriend and girlfriend and thinking of marriage.,2.814257002437474,We broke up right away.,2.7113979759399425
Sammy was not that into coffee.,2.2362341234903993,It worked for Sammy.,2.5402711033167082
Jared swerved quickly and managed to avoid a collision.,2.754842348338615,Jared decided to accelerate.,2.700677317525317
Joe thought about working in the garden as he ate the yummy soup.,1.9070599928330185,Joe dumped the pot outside because he hated soup.,2.0219893655516494
"Aliza was sad, but she never contacted him again.",2.395883255892242,He fell in love with Aliza and they were married.,2.3419214131295276
Lina now knew that candy canes were boring.,2.4859714232356884,Lina felt a new appreciation for candy canes.,2.418843243282352
They were very friendly.,2.660963479453521,I threw the kickball through their closed window.,2.3893153198893073
"By Sunday night, Bev was exhausted again.",2.4482185369445064,"Bev got the mail and fed the fish, just like she did every day.",2.6057289816445786
We walked 5 growling dogs at the park across town.,3.0182628358242427,We had a great pizza at Frank Pepe's pizza shop.,2.5707189988689425
Bernice went to Europe for her birthday.,1.7069860892685602,Bernice decided to get an airplane ticket and reserve a room.,1.6717033851318313
He was surprised but thankful.,3.0765733804016078,Jim thought he was crazy and left.,3.0039667517301583
Randy told his friend how relieved he was he found it.,2.32107087654555,Randy saw the house but kept on driving and didn't come back.,2.316741287755894
Watching my brother crash was fun.,2.5503928947752152,I felt very badly for my brother.,2.6781947602650535
Anna felt very fashionable when she left the salon.,2.3498294897103946,Anna really liked her new hairstyle.,2.2684354234786763
Sarah was glad they were able to catch up.,2.6682076238003765,Sarah and david went to go get dinner right after that.,2.531988262588844
AJ then began to feel sad.,2.3267852971779486,AJ let out a sigh of relief.,2.368950057341107
Joe was happy the shirt fit.,2.3194152337484075,Joe hated rock music afterwards.,2.507977622927646
Priya thought her food was delicious.,2.5709411506998894,Priya decided not to eat and left.,2.749717506862276
Karen hated her roommate.,2.89329135690062,Karen became good friends with her roommate.,2.719689434884211
Eventually I healed.,2.750530348625551,I found I loved being swollen.,2.719697148547527
Don hated elections.,2.4168785174435206,Donald hoped this foolishness won him the election.,2.1361113886626923
They were divorced a few months later.,2.555115312447575,They fell back in love and stayed together forever.,2.5411437503518948
Rachel was excited to hear the news.,2.097593086658398,The vet treated her cat's cancer the best they could.,1.8456198977194576
Jim is very upset.,2.3708008361836526,Jim was happy to see the officer.,2.2331709160145685
"He said I was paranoid, and charged me $100.",2.9492736311486167,It turned out I was allergic to avocados.,2.3652880627419037
David then uploaded his new video.,2.6885437504911787,David then had his manuscript published.,2.3383813957582396
Boris realized he was wasting his life.,2.503611588338127,Boris decided to wear the dress.,2.8250698914982455
The police officer had to give up his badge and gun.,3.0587313207124764,The police officer eventually got better.,2.8711940098188857
"When Nathan returned, he felt very happy for the exercise.",2.4341522842922823,"When Nathan returned, his mom apologized for being so mean.",2.2064291069940825
Gary's parents were relieved to find him.,2.5784564929428933,Gary's parents were disappointed to find him.,2.651614238614969
Timmy was promoted for working so much all the time.,2.6783558067261675,"Timmy then had to find another job,",2.4866538378382073
My time with the minister was very useful.,2.369972546663421,My favorite card game was poker.,2.188600190762417
Amber enjoyed a relaxing two hour brunch.,2.635249724801505,Amber was so hurried she left the list at home.,2.334382095474431
She bought a new couch to replace it.,2.1907601184317333,Eve thought the couch was very comfortable.,2.423701060587663
He found a very large spider there.,2.2705494825158725,Jason took a hot shower.,2.522111837552987
Her boss fired her the next day.,1.7178736913458632,Linda and the coworker ended up being best friends.,1.6303190559981156
All of the presents were wrapped and stored for the holidays.,2.064406259398867,She returned all of the presents for cheaper ones.,2.020036617343554
She was able to get off drugs after some time.,2.248178569477134,"When she arrived, she did drugs all day.",2.4086298675875426
He is thrilled about his new responsibilities at work.,2.6970134137919404,He realizes he might have to apply for public assistance.,2.4703139648536436
Bobby had a good party.,2.4106626445579753,Bobby was mad at his friends.,2.5283767102929793
We want to revisit someday.,2.594614595559032,We all vowed to never go back again.,2.494290123698833
The clothes were filthy and unfolded.,1.704536687509455,They then put their clothes up neatly.,1.7021360196657267
Timmy went to the mess hall for breakfast.,2.3646930050377244,Timmy spent all day cleaning so he could watch tv.,2.1725285509934293
My daughter was disappointed.,2.7250283541560907,My daughter was excited.,2.675901676738939
Pam was a lousy hostess.,2.5715663252986305,Pam was a good hostess.,2.3898723179238632
Ellen liked the negative attention.,2.665012009118912,Ellen was appalled.,2.6154422429678457
Jim decided to devise a plan for repayment.,2.284206081552072,Jim decided to open another credit card.,2.214391722226531
The judges vomited from the taste of the donuts.,2.2562353919941334,Tim won the baking contest.,2.1667439305261533
Now I don't try to make him wear training pants.,2.2490890374583024,Child protection services removed him from the home.,2.661199330648601
She went outside to fly a kite.,2.6535444744270253,She was relieved that it didn't hit anything.,2.4264312969732504
It broke and Jill felt dumb for believing the hype.,2.5774832556638105,"The cloth ripped in two, much to Jill's surprise.",2.535900015502658
Addie was put in jail for her crime.,2.406941605397946,Addie was relieved and took deep breaths to calm herself.,2.7173854499350902
The manager hoped Sean would perform badly.,2.0793990665858835,The manager wanted Sean to understand everything.,1.9322927791367075
Fred cancelled the bet at the end of the month.,1.879305913925985,"Fred ended up winning the bet, and the $100.",1.8481017290958333
John loved every second of the skydiving trip.,2.352649500574767,"When he woke up, he had already landed.",2.4600234945134916
Gina hated her grandma.,2.3758393968942513,Gina loved her grandma.,2.3209297618492974
She couldn't resist so she bought the antique vase.,2.673150640523951,It was kind of expensive but she decided it was worth it.,2.678915028524705
It had been a very fun day.,2.178990821972432,Tyler felt like his parents never let him do anything.,2.36136771287714
"After all his practice this week, Jimmy has learned a new trick.",2.827212478083667,Jimmy has decided to give away his skateboard.,2.9488536974445108
Maxine doesn't want to go on the date.,2.2557985603630337,Maxine gets laser removal next time.,2.372179654698016
Ryan loved how his bike looked.,2.346303106963663,Ryan decided not to ride his bike anymore.,2.6844269650219537
The sauce burned and stuck to the bottom of the pan.,2.0202022011718554,It took forever for the sauce to heat up.,2.057308641928686
Nick beat his girlfriend and she gave him the five dollars.,2.5274174916511774,Nick gave up because he didn't care if his girlfriend won.,2.499056260542284
We felt pleased with our performance.,2.520655211483229,We felt we had performed badly.,2.3740454402563937
Michelle gave the cat to her neighbor.,2.2588802021376577,"Michelle named the cat, ""Socks.""",2.520772439092584
Neil decided never to return to Ireland.,3.1340319537734973,Neil enjoyed Ireland.,2.901890238494598
Mary was happy to be showing off her dress.,2.3494440643691568,Mary was upset that her dress was ruined.,2.309042143231837
Scott gave him a high five.,2.391860110397646,Scott apprehended the perpetrator.,2.1154147509009147
Colin stuck to his budget and only drank 2 beers.,2.5118402786642164,Colin drinks beer at the bar all night.,2.7403722283818976
Jordan knew some conversational Spanish by the time he moved.,2.494731111090594,Jordan didn't like fish tacos at all.,2.885646027165035
He never worked out again.,2.291066918726072,He was happy with his decision.,2.570066979940685
She finally got her chance to play in the match.,2.3461953398888977,She asked the coach to find someone else.,2.407123262046275
The doctor told Tim that Emily went for a run.,2.793127530951556,The doctor told Tim that Ellen was finally pregnant.,2.549338492037118
David ate a cheeseburger.,2.5402023100262228,David promised to be more careful in the future.,2.3900244113873064
Neil played baseball.,2.661413405204911,Neil played in the competition.,2.719374836929603
Cam has since decided to insure his belongings.,2.7252154675779496,"Afterwards, Cam was able to sell more books than he ever had.",2.4062588185857514
Rosie's teacher loved the gift.,2.2269870585022353,Rosie's teacher gave her detention.,2.2752522830546007
The man is furious.,2.946594113351582,Ebay is a very reputable company.,2.5079568751970034
"It cost a lot of money, but he got it repaired.",2.9690150362086425,Tom knew it would be expensive to repair his boat.,2.846610277488532
Harry didn't like theme parks.,2.3707166325657183,Harry had a great time at the park.,2.225691873550388
My teacher suggested I pursue art school.,2.3399555483250487,The teacher agreed to discuss it with me.,2.2180520525745107
Leah was very happy to hear the news.,2.907335057799366,The game was canceled.,3.0627982826247497
She decided to buy more toothpaste.,2.3641451744157123,She was happy to see her wrinkles were gone.,2.201887754768543
"Annoyed, he contacted the retailer to complain about the damage.",2.0770308249090705,Harry spent the evening happily taking pictures.,1.9537562800680806
Jasper quits his job the next day.,2.479515209474887,Jasper enjoys cutting dead animals.,2.7404162715740954
I couldn't wait for my friends to leave.,2.3613273114756983,I loved throwing parties.,2.465391615955799
He finally received a job offer.,2.032197080305138,Tom was sad about leaving his miserable job.,1.7792435571853256
Paul was furious with his mom.,2.688287337787866,Paul got a job.,2.510507637996435
"Harvey choked, and lost every match he played.",2.327976427552296,They all sat with their mouths open as Harvey beat them all.,2.402366060733798
I then realized that I was not good at math.,2.6587751394751176,Then I knew that I was great at math!,2.687054261090769
They bought another red car.,2.0882897007664685,My parents bought matching mopeds.,2.144075554847438
She acted like a brat and threw a tantrum.,2.4060416783952028,Gina doesn't care about electronics.,2.5230050622327242
I realized I needed noise to sleep.,2.778342269081618,I realized it had only been the wind.,2.7763663167088453
Gina and her mother went immediately.,2.9862747289240965,Gina decided to walk instead.,2.9900495874059354
He then went to sleep.,2.864074931852876,He now loves to go hunting.,2.762574202465135
Jay thought Burger King was awesome.,2.5531808670075047,He'd dug in the trash for nothing.,2.453908762836207
John was a troubled worker.,2.16092319064187,John was an outstanding worker.,2.193314606207979
Kev was excited to try out his new gun.,2.4068880265409422,Kev decided not to come hunting.,2.1315402136628294
Emily decided she didn't want the concert ticket.,1.8376948178091466,This was the best birthday gift Emily had ever had.,1.8982761543731517
Lina hated donuts.,1.9799490405829732,Lina loved her new job.,2.0476314938079234
I was invigorated when I got home.,2.7231890810518715,I was tired when I got home.,2.811701512380637
The new forum was theirs to rule.,2.335242989704017,They returned to the forum later because they liked it so much.,2.3867598905063003
Donna had a much easier time because Ty was asleep.,2.132255688887784,Donna wished I would wake up.,2.234687437679521
Gina was angry that she went to the library.,2.4893154850839245,Gina felt more calm once she arrived in the library.,2.5694011251302764
Vivienne soon received her visa in the mail.,2.7750190111595603,Vivienne was not granted a visa.,2.6000883913078647
Frank enrolled in a marine biology class.,2.9883455646829082,Frank bought a water gun the next day.,2.703104050928669
Gina's family was glad that their toothbrushes weren't packed.,2.550918702522998,Gina felt guilty about forgetting everyone's toothbrushes.,2.6973599792185303
John commented on how badly run he thought the place was.,2.0208576695958165,The manager decided to offer John the job.,1.9247119312829162
Ben made freshly squeezed orange juice from the oranges.,2.539844716125898,Ben sipped his apple juice contently.,2.6787274475174305
Reg hoped it would never snow again.,2.534159474362492,Reg hoped he would get another snow day soon.,2.3963278115851647
Caroline refused to open the soda.,2.3385195045188354,Caroline opened the soda and drank it all in one gulp!,2.3215893262505234
Tom got up and went for a swim.,2.555080323926205,Tom enjoyed the roasted marshmallows.,2.255556900533197
He promised to pay her back.,2.684791997162578,Bob ran away in terror.,2.7511644352765905
John did not have a gun.,2.9974662968214623,John was surprised.,2.9490159037510058
Neil was not interested in Egyptian history.,2.9168060827177262,Neil had an amazing educational and cultural experience.,2.8651982550466477
John knew his papaya farm needed new capital investment.,2.43043197139307,"John ate, but told his mom that he never wanted to eat it again.",2.050508903927617
All my socks were accounted for.,3.070467635301766,Eventually it turned up.,3.2596859566319667
Alex next ran for a seat on the school board.,2.8683178293685683,Alex resolved to always check his shoelaces before leaving.,2.7862124936771893
The people watching him congratulated him.,3.084655969548791,And thus Sal gave up on magic.,2.8008514298426865
Javier went to the convenience store after school.,2.8574997168075305,Javier began playing handball with them regularly.,2.554346985499533
He bought a big package of AA batteries.,2.7010012546873687,He bought another remote control car for himself.,2.5976135171635546
Mim pulled back onto the road and drove faster to make up time.,2.5743637831770636,Eventually it stopped snowing.,2.707363421974811
We brought home six bags of items.,2.7412671500859878,We went home without buying anything.,2.612257778906965
The swing was pulled around violently in the wind.,2.4594051491416247,Her fear melted away as she swung.,2.3083712529240725
The Malamute's owner never took him to the slide again.,2.6497674050954307,The Malamute eventually tried to slide down the slide.,2.5453582418571723
Tim was very happy to be remembered.,2.7555630569031777,Tim was annoyed by the attention.,2.8441602391731373
Frankie went to see a movie.,2.3832037053507253,Frankie found another man.,2.220943377514997
Nancy caught the pie and began to eat it.,2.751276032980748,Nancy began to cry and felt humiliated.,2.7865199998331533
He eagerly applied for it and was ultimately hired.,1.9659484001812433,So he decided to go home early that day and quit his internship.,2.1713975179430145
Kevin bought a house.,2.336923115664462,Kevin used the money that he had saved to buy a sports car.,2.381283483989015
Joe went for a run on the beach.,2.62389337968931,Joe asked the accountant what happened.,2.1698346681049756
Sven was caught and jailed shortly after.,2.3328888897595244,Sven donated the money to charity.,2.1877201816047576
John eventually beat the cancer.,2.114319487133023,John hoped he would not get well.,2.303285805492174
He stayed heart attack free for the rest of his life.,2.1661927899150886,Matt celebrated leaving the hospital with a large steak.,2.070493056900953
The cats made a mess out of the house!,3.1385345735388075,"Both dogs enjoyed playing together, anyway.",2.7111934967521423
I had a hard time falling asleep that night.,2.5649579299190703,Overall I was dissatisfied with the night.,2.5780004720390286
"Louie walked across the sandy beach, lonely.",2.164773742898771,The dogs seemed happy to stay together.,2.582226742986247
She started losing weight.,1.6548752178458952,She gained 50 pounds.,1.890214425267223
I decided to throw the ring away.,1.9680814175400756,It came out sparkling.,2.080422524393735
Gina stopped volunteering because she felt unappreciated.,2.7031432363582786,Gina was so touched she cried when they gave it to her.,2.6409067308753005
Gina continued to stare.,2.8119356825463897,Gina was disgusted.,2.860384483805812
Pamela received a full refund and a free urn for her troubles.,2.3906028907285486,Pamela was happy about her purchase.,2.4762952472272706
Jane was happy she had to stay and clean the office.,2.2043267835046736,Jane was disappointed she had to stay and clean the office.,2.2930934072187177
We will never rent from that car company again.,2.5114708316140346,We look forward to renting from that same car company again.,2.5444488969134214
Frank will save about $25 a week making coffee himself.,2.8794048660503604,Frank switched to tea and donated the coffee maker.,2.887046777529956
I had to call to find out what was going on.,2.4966847435291046,I was happy with his service.,2.6700518560323654
Dad and I love popcorn.,2.8487280369753396,Dad and I hate popcorn.,2.9083162591705216
Lou was finally able to lose weight.,1.9166408947410603,Lou decided she had lost enough weight.,1.866184484296542
Betsy felt really bad for the rest of the night.,2.4643685304196588,Betsy wore the monogrammed necklace when she turned 14.,2.217734586858108
"When the time comes for her to sing, Joy faints.",2.5626631662009673,Joy's juggling act delights all.,2.7716512800777955
She threw the wig into the trash.,2.1783159270370467,She gave the wig to her sister.,1.9953204730972267
I really enjoyed having my party with friends.,2.7002562797386895,I was able to catch the snake and get it out of my house.,1.9835906974780695
She had the worst nightmare of her life.,2.306339313238139,She fell soundly asleep.,2.2547106852606658
Jane decided not to participate in psychology experiments anymore.,2.111603024080007,Jane was finally able to earn extra money.,1.9835211008592306
"Finally, all of his number were read and Jay had won.",2.6172436503954617,He decided to stop watching and threw his ticket away.,2.8219232432684684
James was worried because he beat his boss at ping pong.,2.265950534787166,"So, James bought a ping pong table to practice at home.",2.2264312896372283
She decided to watch a movie on Netflix instead.,1.6496384101519914,Joyce decided to buy a cookie instead.,2.1169225574566433
Lester's team plays against the other school's basketball team.,2.3253652270765643,The other school wins by a huge margin over Lester's team.,2.3408469273077364
Jessica was disappointed because she wanted a real pony.,2.2117584900482288,Jessica loved the puppy she got from her dad.,2.3382241961791808
Sal hated the brace.,2.6983976139080026,Sal was glad he decided to jump rope.,2.43556496458315
Julie makes lunches for her son who is allergic to eggs.,1.8262522278082,Julie gets busy making lunches using the boiled eggs.,1.6358033987109448
I enjoyed visiting the zoo.,2.1090115007633647,But I didn't like zebras.,2.161151255364651
Bob was very happy about this.,2.324698677806813,This made Bob sad.,2.3366609449394096
Jennifer decided to save up for a car so she could avoid the bus.,2.743893981965206,"Jennifer's cat came home the next day, acting very hungry.",2.489801537887553
Peter was mad at his friend.,2.7066781546671073,Peter was happy his friend gave him food.,2.581267502911918
Dan never liked to bowl anyway.,2.8633752971428823,Dan now bowls often to remember his father.,2.623249467670889
Billy was very methodical.,2.3618182786560635,Billy was very disorganized.,2.383804939852435
Bob stopped talking to those friends.,2.3582508737582604,Bob had a great time.,2.2115500062417994
Mike never liked Jeeps.,2.5068608641792474,Mike bought the Jeep.,2.3219324706504025
Fred came in last place in his karate tournament.,2.5270870454344063,He came in second place.,2.595964332672592
He broke all of the pots he made.,2.3484214769286504,He was very proud of his pots.,2.367866550254156
Joe decided to get some ice cream at the store.,2.813298175446004,Gina's sister had to go to the hospital for stitches.,2.4635822202170914
I now play twice as much.,2.2104929279458974,I no longer play the lottery.,2.107425786547731
The librarian kicked the man out.,2.093199376821327,The librarian thanked the man.,2.2127252439847838
She researched methods of lawn care that took less water.,2.561847563238123,Quinn's yard flourished under the heavy rains.,2.4738056712894085
Pizza was first made in Italy to represent the colors of the flag.,2.7650072989423897,We'll be going back there often.,2.8661624479475596
Cheryl made more money turning tricks than at her full-time  job.,3.1656479801283766,Cheryl loved the dog and prayed he would get better.,2.863605494867798
Bob hates tattoos.,2.470354954665309,Bob's girlfriend really liked his new tattoo.,2.290152312602763
Dan decided to call his old girlfriend.,2.5622492225240268,Dan was no longer lonely.,2.5748111972341636
Shawn missed Jane every day.,2.5774964212755203,Shawn was happy Jane was dead.,2.572440007194497
Mary was always trying to make Gina happy.,2.4961498401563698,Gina's mother had to call Mary's mom to complain.,2.4218384662902235
Bob will be careful that he never eats at that restaurant again.,2.1839111562439246,Bob's decision to embezzle from his employer was a mistake.,2.341293470507466
Tim felt great.,2.8366680779107263,Tim was happy for me.,2.798641317644658
Kim was glad people were inspired to imitate her.,2.4043715704699027,Kim asked her friends if they wanted to go to Starbucks.,2.5877564092170213
Ben decided to retire.,2.0592863782699835,But then he did find a job.,1.7896837775680265
The teacher gave Gina her phone back.,2.4647255283025467,Gina's father agreed to pick up the phone for her.,2.537768678436406
I found that playing Santa was not worth my time off.,3.065661716118348,I found that playing Santa was the best second job ever.,2.948824595269795
"He was a little mad, but I just laughed.",2.902014302609305,He never did understand the best way to fry an egg.,2.965233333760073
Candice gave the money to her mom.,1.8385401630309164,Candice bought a new purse.,2.047619047621591
We were pleasantly surprised!,2.435503266278383,We were scared!,2.4168606287382137
Cara threw a party to celebrate.,2.2996687262727513,Cara sat alone and cried.,2.313425162736718
Ellie ate the fish.,1.8915907640826963,Ellie thought it looked great.,2.1732531347419153
Juan was always impatient.,2.691770972467072,Juan was hardworking and patient.,2.663802269847547
Jim and Tim become good friends.,3.151914729258804,Then Jim shot Tim.,3.057206215841341
I made the cookies.,2.891952418822618,I made roasted pork.,2.990981397068827
Sal was excited to be an instant millionaire.,2.232215907171942,Sal decided to keep buying lotto tickets each week.,2.281110980641505
Harry decided math would be a great topic for a video game.,2.5918761560796324,Harry finally overcame the distraction and returned to his math.,2.5713937517215264
John was relieved.,2.0365206791912134,John was very upset that the ice melted.,1.587380890089107
"Sadly, the concert was canceled due to sickness.",2.620968836577273,They had a great time at the museum.,2.612926520621512
He was relieved.,2.848406714358032,Rex did his first ever cartwheel that day.,2.416526295122612
Judy and the son arrived shortly before Hal.,2.3329679221637543,Hal turned around and went back to the old house to live alone.,2.4298296166514923
Joe and Tim stayed friends online.,2.455851015972544,Joe then punched Tim.,2.4564273584895515
Jenny's boss gave her a raise.,2.1411699189557827,Jenny was worried her boss would fire her.,2.1357688386183944
John ended up having the most.,2.65437508338527,John then went golfing.,2.7414599237503574
Brandon checked the next day and found 50 cents under his pillow.,2.457702267668468,Brandon bought a bar of chocolate.,2.6190109410733857
Kelsi had no interest in the pool her parents bought.,2.492768861840679,Kelsi loved her new pool.,2.3466593128884576
The taste was worth the price.,2.5596077483385353,Rick had so much money left.,2.42628157255979
Ann and Tori continued to shop.,2.64731493154545,Ann and Tori decided to stop shopping and work out the issue.,2.7546247099707633
Amy threw the instrument on the floor.,2.5003827652842667,Amy gave a wonderful performance.,2.5977565369465867
Joe left his son unattended to move to florida.,2.735699186221278,Joe's son did not stop laughing for hours.,2.819121073147788
Gina's father grounded everyone for a month.,2.446422842874151,Gina's father was proud.,2.449591183729252
She refused his help and walked away.,2.69670550982796,They ended up going on a date that night.,2.941508205289955
Samuel could not read.,2.6107869892546254,He loved it!,2.5063984713485796
David hoped to play really well.,2.854684273892061,David really didn't care about that game.,2.970184490245497
Tad was seriously injured.,3.0365444405716047,Tad's car was in great shape.,2.964959309701107
Paisley decided to break up with Danny after the picnic.,2.2131476893989266,Danny was happy he could share the picnic date with her.,2.2410013149717924
I decided to glue the hair back on.,2.044161023356573,I decided to get it waxed.,2.1166033912240234
Oatmeal became my favorite food.,2.6349944292411687,I hated oatmeal and didn't eat it anymore.,2.662151142336434
He was very full.,2.7636924581946385,Charles mother was very angry.,2.6388089267204884
Kelly was unhappy.,2.6430246362803618,Kelly did not know how to read.,2.4760390232568334
She was happy that she didn't have to wear a vest anymore.,2.086542251215124,She was upset that she didn't have to wear the vest anymore.,2.063503732551208
His son got just what he wanted and was quite happy.,2.4556527610184657,His son was bewildered when he unwrapped a dollhouse.,2.476786816817035
She was proud of her body.,2.4650331991089622,She hired a personal trainer to help her meet her goals.,2.348920676501251
Kurtis trembled with fright.,2.5409947882324806,Kurtis laughed and danced around the campfire.,2.2850511882266185
He had always wanted to go surfing under the California sun.,2.565392278478151,His favorite moment was when he got to feed a baby koala bear.,2.4846733802886574
Joe was happy Jeb loaned him the money.,1.9453841929155578,Joe got a job so he wouldn't have to borrow the money.,1.9530557279076852
Her sister came and apologized.,2.2121793173200746,Gina thought it was really funny.,2.302354678773121
Ann felt insulted by the lady's offer.,2.3311346176885315,Ann came inside and watched as cakes were being made.,2.0466807752169776
Kelly was glad she tried new flavors.,2.225858034834526,She threw up.,2.6612123956973655
Rory had to buy a school lunch that day.,2.4424094901187448,Rory at the sandwich.,2.5396193832174014
The boy bought a bicycle.,2.8706571295378236,They bought the car.,2.4725794748262437
Her dad caught them and scolded them for sneaking out.,2.7090909126090805,Her dad greeted them warmly as they arrived from their trip.,2.9115325922837547
It became too hot and dry for Tory to go out.,2.732529838465969,"Tory had to wait a while to buy his AC unit, but it was cooler.",2.806393385792913
I put it in the middle of the room like my mom suggested.,2.802564452323951,I put it on the night stand in the corner.,2.8351995491840203
"After a few years, the States decided to return to England.",2.2735575341443863,The war was called the American Revolution.,2.3939054213706594
Cole was upset that all of his vegetables went to waste.,2.4014684702102356,All the members signed a Thank You card for Cole.,2.6981664410393025
I decided to watch movies all night.,2.4389351933742867,I had an early night.,2.3412841527161605
Bob was dazed and had a cut on his forehead!,2.1001725516681624,"After that, Bob was nervous about going horseback riding.",2.090230139625302
I was upset when I lost all my money.,2.564653326351385,I was glad I hadn't spent much money on the slot machines.,2.408472683943222
"She asked her father, because he had always been great to her.",2.604396817557045,"She decided to ask her brother, who was honored to do so.",2.5831036194218018
Austin went to the park and played with his dog.,2.6492496391247995,Austin painted several pictures similar to what he had seen.,2.3198558925423507
I will continue playing chess and hope for qualified opponents.,2.8115150526287946,I think I will start playing football.,2.9360708621994887
Izzy is heartbroken.,2.2208302020206134,Izzy is happy.,2.3228544095341146
Eventually Larry got stronger.,1.9690635309952755,Larry was ashamed of what he had done.,2.317037248772755
He got a call a few days later saying that he got the job.,3.037271948627442,My roommate then got a call saying he was fired.,3.0776634028244985
The soccer team congratulated her and gave her a spot on the team.,2.6186250850288846,"Naturally, she was not accepted to the soccer team.",2.492544855720006
Leeza was in pain.,2.5550332259193995,Leeza was having fun.,2.7128656923015675
He went back to reading his book.,2.3342331739580837,What had been pressed between the pages was a four-leafed clover!,2.5881103386281077
Gina fixed herself some lunch.,2.6420881232995868,Gina found the handle on the washing machine.,2.4566058392881103
I am dishonest.,2.7208356031077536,I am honest.,2.7264221089003264
He hoped that she never came back.,1.8502582165481434,A year later she returned.,1.9207379611693114
Oliver was sick of his friend's unwanted advice.,2.7554316000226033,Oliver was grateful to his friend.,2.7795659447391445
Tommy decided to ask the girl for a date.,2.402650244305549,Tommy was really embarrassed.,2.5468742506691826
The dogs attacked the people.,3.0058143056275366,"A good time was had by all, even the dogs.",3.0144736453716945
We wanted to miss the leopards.,2.345332124727877,We wanted to see a leopard.,2.341599791339772
Albert saved the day.,2.822876663295957,Everyone was angry with Albert.,2.9096485353722685
Then they all went home.,2.7038014599117632,Sam and John ran from the group of boys.,2.6138379308898263
Tina is well rested.,1.8862564046843422,Tina is more tired than ever before.,1.8081965992604867
Jaris picked flowers from a state park.,2.189691387481914,Jaris got in trouble and apologized profusely.,2.684857689756714
I want my daughter to stop being a Christian.,2.7993922322555127,I want my daughter to have a spiritual life.,2.7549627160757195
He was very proud of all his hard work.,2.6158034880664984,Micky was very disappointed.,2.204672358417602
Amy told Kim she was a big loser.,1.8211586087054066,They decided never to let a guy come between them.,2.4393894074660336
Lauren's husband was glad to see her feeling refreshed.,2.381099635643321,Lauren wishes she took the bus home.,2.266662983371093
He was so glad.,2.642469380046407,He yelled for his dad.,2.560915930431196
The boy decided to go swimming.,3.0472474795158773,He was shot by members of the other team.,2.8821747100674657
It helped her a lot.,2.6722531294413088,Celina has no feet.,2.5650447237261416
The River Shannon was beautiful.,2.5080054292672127,That Neil was very stupid.,2.7369120829155666
The team asked Jay if they could have burgers instead.,2.099300966963236,The team devoured the pizza and thanked Jay.,2.161885031960217
Rachel went home and put the eyeliner on.,2.7035559247563974,Rachel threw the eyeliner into the trash.,2.6566926951670418
She moves to the desert.,2.495156380281425,She is happy when it rains now.,2.0980324848931513
Derek was happy to finally be out.,2.6423749121765487,Derek did not want to leave.,2.5325435257984683
I painted a picture of the whales.,2.55938714519144,I drove to New York that same night.,2.733206660422834
Jenny paid for her coffee with cash.,2.193509445811846,Jenny paid for the order of the person behind her.,2.314972923987919
Bob told the man to leave him alone.,1.7496877607439718,Bob asked the man for tea.,1.8981945152770656
Lita ordered a pepperoni pizza for lunch.,2.706330269378383,Lita folded the laundry while watching television.,2.391672335481414
Liv decided to change a light bulb in the bathroom.,2.3849409206663648,Liv then changed the light bulb.,2.36310470687057
The mother felt quite frustrated.,2.7191868098689715,The children's behavior calmed the mother down.,2.687702281248477
Hector kept brewing his own coffee and saved money.,1.7122448348349106,Hector started buying more coffee from Starbucks.,1.6975677653715628
Kelly never talked to her again.,2.2691139359775345,Kelly was happy to have made a new friend.,2.1435683386382385
He was ashamed that he didn't get any recognition.,2.6897397811621095,He was proud to finish first by age but tenth overall.,2.63035885060646
Laurie went home crying.,2.6669982528693463,Laurie ended the night by kissing her date.,2.5226016281118038
Neil deleted all of his photos.,2.76551014764845,Neil saved the photos on his computer.,2.658600670878807
Bob loved the outfit so much that he showed it to his friends.,2.512072209461749,Bob went out after work wearing the sailor suit.,2.268831432725219
My dog bit her.,2.5239582472882254,My dog ran away.,2.843103168378326
He hangs the picture on the wall in his living room.,2.572604470556621,He decides never to draw anything again.,2.5245226430670216
Pablo enjoys worms and views them as a delicacy.,2.6345335625487736,Pablo does not enjoy eating worms.,2.7287224169815696
She spent all the money on shoes.,2.7368811392401358,It was the best trip of her life.,2.4288510473339318
Glen ran his best marathon time ever.,2.478011304582176,Glen swore he'd never walk again.,2.387512608626459
I told them it was okay and then walked away.,2.571460805295091,The driver of the car became very angry at me.,2.3346169444653486
When they got home they all had ice cream.,2.7010987661090713,Gina's sister went to the doctor.,2.211183999169376
The little boy accepted that he would never improve.,2.4788204165570793,"At the end of the year, he did well on his reading test.",2.1047950102016015
Rosie's class shared the fruit salad.,2.112015293111764,Rosie kept the bowl of fruit salad in her fridge at home.,2.2763661346132706
I have fond memories of that time.,2.419487649575141,I have negative memories of that time.,2.5293089733943384
The principal suspended her rowdy classmates.,2.5954537500644737,Her classmates were given awards for their behavior.,2.576941631116325
I climbed out and me and my dad were ok.,2.6622976550624475,We were both flattened by the vehicle.,2.4569025949584784
Brant will cancel his plans to kidnap a child.,3.176826000409436,The couple will be happy to know they have a baby on the way.,3.0918311039921367
Catherine then began to practice every day and got good at it.,1.7583127711078346,Catherine thought curling looked boring.,1.8094501733819865
Francis is really proud of his accomplishment.,2.3207485139478843,Francis decides he would rather take public transportation.,2.279897412945761
I vowed never to see it again.,2.4453005737310787,I wanted to see it again.,2.2194568576252465
I decided to go back to class again.,1.889914387815615,"When I got there, I took a nap.",1.8868997466989748
"Gary slaps Lisa hard, and walks away.",1.9926419440933327,Lisa confesses she also has a crush on Gary.,1.8717888519688832
Lars fell in love with photography.,2.066278942666533,Lars hated photography.,2.098989457954119
I was able to have it fixed with the warranty.,2.8104187324480345,The employee was later found dead.,3.0568924958904073
Ryan then popped the balloon on purpose.,2.2129926626330887,Ryan then found the girl and gave her the balloon she lost.,2.1949350901016182
Neil had a great time.,2.748699941499731,Neil and Fez became best friends.,2.7339345378554016
So he ran to the coffee shop.,2.735259621112653,Joe regret going outside.,2.8250732093992617
In the box was a newborn baby.,2.4275768160384823,Jen found her new coat inside the package.,2.2167223543746175
Frank lost his video games for a week.,2.3487694983560377,Frank got an all new game.,2.3975593245430042
Timmy won the competition.,2.635453651819441,Timmy went to the driving range the day of competition.,2.645956777388637
And the host told him that he didn't know either.,2.6367476107448775,Drake told the host he wanted to attend his parties again.,2.252285678698446
Bob called someone to fix his flat tire.,2.0060917556369042,Bob drove his truck to the market.,2.3093784865473106
Now Jack actually enjoys replying to emails.,2.6223690701286353,Jack now uses the postal service instead of email.,2.6885707352215635
Jake washed his hands.,2.4586841001830573,Jake got the job.,2.3890899636403375
I was really hurt.,2.94342759532738,I was really pleased.,3.1386805384641847
Chuck decided to quit his job.,2.6312813095953462,He then felt compelled to get back to work.,2.6947136388524084
Bob used his reusable grocery bags to go shopping.,1.65197299189621,Bob continued to use his plastic grocery bags to go shopping.,1.6732394496853724
Joe was very satisfied with the results.,2.454566136140781,The artist painted a Joe's cat.,2.223803141835706
Jen saw her books burning in the fireplace.,2.4703291766544178,The room was full of shelves of books that appealed to girls.,2.510848185559486
Joe wanted to chew more rocks.,2.2236262409821483,Joe decided not to eat dirt again.,2.307036600729876
Rob had generous friends.,2.6638528380302606,Rob's friends were thoughtless.,2.724691343502477
Sam answered the phone.,2.5528016010357883,Carly ordered take-out over the phone.,2.554437091194066
Amy grinned with delight.,2.676807457496281,Amy walked out of the room and left the house.,2.3322879730708963
Pan finally stopped.,2.2051534711568808,I gave Pan a big hug.,2.212934652246897
"One night, Pam let her cats inside her home.",2.3773849938403826,"One night, Pam decided to release the dogs.",2.1762501082784333
She dropped out of school.,2.515488716150785,She even liked all of her professors.,2.4631938988597843
"After seeing her expression, the dentist was able help Mary.",2.2868890272412603,Mary left the dentist in a great mood.,2.385780317290574
Ford was sad that he achieved so much.,2.3834147428727572,Ford was proud of his accomplishments.,2.333081956077688
I decided to change.,2.973997175499082,I am unmarried.,3.095809594185717
Nina bought a toy.,2.283180899282095,Nina was excited.,2.357664516331341
Tracey ran back home.,2.908400851420989,Tracey shrugged off her fall.,2.974644348192765
Jim saw his wife after an hour.,2.590087407876293,Jim drove away before his wife showed.,2.726084195791293
Joe was still very proud of his hard work.,2.776817397393626,Joe decided he didn't want to go to college.,2.727959850927514
Gina checked on ebay and found one she could afford.,2.0093597938658254,Gina mowed the whole yard and had no help from anyone.,2.2508356256175412
Leah decided she liked the tree on the floor better than standing.,2.5288077307637713,Leah chastised her cat.,2.611598732419485
Peter thought it might even be more comfortable than the old one.,2.4868040473141337,Peter let his dog use the chair for its own.,2.605312965700784
The crowd booed the team loudly.,2.5236512506498014,The crowd all stood up in their seats and applauded wildly.,2.7143562793086224
My wife and I were very unhappy to lose our internet connection.,2.766640457693113,We loved the strong wind and lack of sleep.,2.529462712072959
Then she cancelled her order.,2.5056348075287946,Then  her keyboard arrived in the mail.,2.1038431791597407
Amy was really excited to be at the park.,2.660118177609641,Amy thought the park was boring.,2.8388098309602032
The profits from the book sales gave Bob enough money to eat.,2.5173391441145023,The public reaction to the book means Bob still goes hungry.,2.6826368275286008
I've never been happier.,2.9735080740007915,I'm really disappointed in myself.,2.9999065908457148
His dad laughed because the star was really a jet with lights.,2.613577231058495,Sam's dad was glad his son was interested in geology.,2.819060911809278
He started screaming obscenities at Meg.,2.520255886325171,He asked her to marry him.,2.2616684847991153
Bobby was upset that he got the bananas.,2.647636248090859,Bobby went into the shed to get a ladder to get the bananas.,2.63531128118646
Beth needed to rest.,2.2803969081771154,Beth played football on her Friday off.,2.436321940340822
Rhonda then decided to eat lunch and return emails.,2.433914731718454,"Sadly, they were ruined and Rhonda had to buy a new pair.",2.35120267714489
Marcus was so thrilled that he started dancing.,2.850384711969448,Marcus then vomited from sea sickness.,2.4377837810646574
"She cuddled with the adorable puppy, happy to see it.",2.6320645785013697,The kitten was very cute.,2.7805502549115726
Chuck was upset.,2.887571258476771,Chuck was happy that place finally closed down.,2.617172802784178
John then proceeded to assault the officer.,2.285541134988823,The officer was understanding.,2.252966182142905
He felt pride in his accomplishment.,2.8178110081697088,Tom was upset that he did poorly.,2.8501398497484107
The roof was completely fine.,2.8917598572007064,The janitor was frightened.,2.9579351463323995
I hated my birthday.,2.4686073491504,It was the best birthday party ever.,2.3334571077319666
It was gross.,2.6668360346391413,It smelled so good that I ate it.,2.4303165756442384
We have many fond memories of this childhood trip.,2.7290098331091883,I have no memory of going to Paragon Park.,2.742813281076789
"One day, I decided to buy the movie.",2.4387879032127464,I did not like the Wizard of Oz.,2.310543806247202
Mary Ann got a rash from one of them because it was poison ivy.,2.5022780759344205,Mary Ann finished making her salad and enjoyed eating it.,2.5739143075205497
He cuddled up to the dog.,2.304582287435995,The dog found him and mauled him.,2.260281070110994
They gave me a big illustrated book on African animals.,2.8396667208409316,They gave me a book on the history of the computer.,3.2025505881291227
She ended up making a bad grade on the assignment.,2.3917974929409818,She played basketball with her friends all afternoon.,2.631106013973155
The young boy went home disappointed.,2.6800725300732973,The coach offered the boy the starting pitcher position.,2.3680927751298033
Sarah began to watch tv.,2.6676071826962646,Sarah found spoiled milk on her desk.,2.5429262887133266
Mark hoped the procedure would stop his dental pain.,1.5644315381448362,Mark's coworker told him he wasn't going to vote in the election.,2.167051230309152
Lulu turned off the dishwasher.,2.2755198875769524,Lulu turned on the dishwasher.,2.178473831725261
Bill was proud of his work.,2.591331494881874,Bill searched for the cows.,2.182212563919372
"He agreed,",3.030903193872374,Terry's sister decided to get surgery on her thumb.,2.694473107940761
Mary's boss is happy with her sale.,2.0418024523854594,Mary is sad she sold a car.,1.7902494682507075
Brie was glad they had become friends.,2.556278402112067,Brie hated cheese.,2.6571568360052265
He installed a beautiful new kitchen floor for his home.,2.21334569952016,Tim returned the tiles to the store the next day.,2.2696002452427
Dave checks the internet for more concerts the he will like.,2.3956197573168323,Dave took control of the helicopter and landed on the field.,2.6966734865092152
They rejoiced at the sight.,2.781144584634009,They mourned for losses.,2.602168177261114
Joe eventually won the fight.,2.537254745965019,Joe finished the fight with no cuts or injuries.,2.5960519096112917
Jimmy felt sick to his stomach.,2.715005592065851,Jimmy ate another chip from the bag.,2.581484317702308
My son and I did not do well.,2.28986419630938,My son was happy that we won.,2.1948130588032453
He eventually made the team.,2.3793135807315675,He decided not to try out for the team.,2.4297538110597663
Harry was glad he saw the movie with his friends.,2.573484481011703,Harry really liked the movie.,2.498055195063505
"He was fired that same day, and walked out of the building.",2.8022818645184775,He realized he would fit in perfectly at the new job.,2.7160439768837663
Ellen was horribly afraid.,2.0958411226969735,Ellen felt really calm.,2.1558156987594033
Pearl's sister hoped to please her.,2.543442392517132,Pearl's sister was seeking revenge.,2.5141553293921945
Anna watched the sea life and thought about the wonder of nature.,2.258151425437397,Anna felt disappointed by her trip to the shore.,2.512829479628277
Brianna hated s'mores.,3.115196253251055,Brianna loved s'mores.,3.1177136342127394
Shay was finally found weeks later in the woods.,2.4557653337253855,Shay felt overwhelming relief.,2.546906961024154
They figured out which restaurant it was.,2.162426700590065,They went back to eat at the same restaurant.,2.023874365806702
Arnold was calm and happy to the see the bird.,2.783468880696592,Arnold screamed in terror!,2.900968222473298
To cheer him up Kip's parents took him to Florida.,2.4377768597894214,Kip dreamed of snowflakes.,2.442561014795754
They praised him.,2.657610596314801,The bully was expelled.,2.2509554556258973
"She traveled home to see Sam, and they missed each other!",1.5447507660360449,"She broke up with Sam, leaving him heartbroken.",1.6526358289749552
Joey hated camping.,2.476638024973038,Then he roasted marshmallows.,2.403210825789703
She ate a huge lunch.,2.666266860137304,She threw up in the toilet.,2.4501571561840407
Everyone was impressed that Jason had become bilingual.,1.9614303060047975,Jason's best friend was not impressed.,2.096907968027079
She was mad because Todd wouldn't stop talking.,1.8688815019288967,She decided not to speak to Todd either.,1.9788189442978674
We hate parties.,2.2079564390235804,We had a great time!,1.890219141296353
They handed them around to all the neighbors.,2.5774195137344997,They gave all the hamburgers to passerby.,2.560834973850462
School stayed open longer than usual.,2.7247999882662137,School was cancelled.,2.7889243344391748
Larry was mad about his score.,2.4264085618528863,Larry was excited  to have scored his first hole in one.,2.3548737258447363
She didn't want to binge eat out of depression.,2.538227564779414,She is very happy no one gave her gifts.,2.4326115360322884
I decided to go for a run.,2.857738754191481,I went to the interview and was happy to get the job.,2.4761984889991773
She spent the money on going out to eat.,2.3981505755566066,She bought and enjoyed the shoes.,2.207593267854941
Ora took a bath.,2.250757556685007,Ora took a shower.,2.2742943261968485
Allison plans to pay bingo again in the future.,2.373422415660378,Allison thinks bingo is boring.,2.4032162799291883
Nya missed the parade altogether.,2.3630762750469665,Nya was excited to be able to watch the parade.,2.3183877143255467
So Tom moved the plant to a window.,2.409821158835771,Tom closed his windows to block out as much sunlight as possible.,2.6512339465628196
Ranger fans want him to go away.,2.4315821857668887,Ranger fans are looking forward to his return.,2.3873113258256753
Avery dropped out of school.,2.558680403038896,Avery finished her project early.,2.0997325579500647
Chester immediately threw out the shirt he bought.,2.3661524760790984,Chester was very pleased with the shirt he bought.,2.27047642036514
Gina wished she hadn't wasted her day.,2.3736781944276784,Gina was glad she had wasted her day.,2.3961985348528847
All my clothes smell great.,2.4025020161532677,I will do laundry right now.,2.3646847893260756
He was happy.,2.840231089213065,He was disappointed.,2.982079882702405
They were so relieved.,2.4591452642142757,They were disappointed.,2.4505198911504045
They walked around campus and got invited to a party.,2.298218866282303,He thought college was going to be miserable.,2.3654550051734327
She listened to a book while she ran.,2.429112701600446,She was glad she is never bored of music.,2.6493547280434893
She lasted the whole night.,2.8870113138662217,She turned on the stove and made herself dinner.,2.8964635508748593
Sam had no car.,2.629750041968183,Sam was unhappy.,2.770365749084967
Winter is the season that sees the most skiers.,2.8773165718588016,By the time she got home it had become warmer due to spring.,2.5390117009213102
He was happy to be in Iran.,2.4062141628043165,"He left immediately.,",2.8230256994865495
The girl said yes to Andrew.,1.9631960988937731,The girl cried hysterically.,2.541666035051688
Amy then left the airplane and drove home.,2.2778695145583296,She boarded her flight just in time.,2.2098097978101188
Paul was very frustrated.,1.7276992169071772,Paul was very pleased with his results.,2.1094440098214595
The mouse got away.,2.578765687812187,The cat decided to lay down and take a nap.,2.897512949528168
Neil found the trip stimulating.,2.6577889185745205,Neil found the trip dull.,2.7318101469785097
Mary was very happy.,2.472814822793369,Mary felt unappreciated.,2.6300825304495845
Gina and her sister had a great time together.,2.4779096244384613,Gina disliked spending time with her sister.,2.5681529311604487
I went to swim and enjoy the sunshine.,2.2809775035242126,"My plans were ruined, and I went home.",2.5205146001917482
Arnold loved his girlfriend's cats.,2.421014516121646,Arnold dumped his girlfriend.,2.625625595860553
Leah gets fired.,1.7152318281943206,Leah gets the job.,1.5356640843382403
Bob felt very energized.,2.8075858240868174,Bob decided to stay at a nearby hotel for the night.,2.687660006578255
I cheered when the Beatle came under the spotlight.,2.6710930432109983,I began to tremble uncontrollably with terror and dread.,3.0529650120174274
Joe liked how the blinds let in the warmth and light.,2.6219112411795322,Joe was pleased when he put up the new blinds.,2.7679193352726807
Joey knew everybody was just teasing him.,1.8971859864029734,Joey took his baseball and went home.,2.029818359793257
He made sure to buy rechargeable batteries this time.,2.570883311806745,He made sure all of his bills were paid on time.,2.7750839799684455
Now I can bike 30 miles.,1.9079530803804317,I am so out of shape I can't even bike a mile.,2.0191493814208563
That was the best trip of my life.,2.5540630088292606,I decided never to go camping again.,2.326643534077744
I was worried about my grade.,2.465446019784811,I was sure I would get an A if I didn't turn in my essay.,2.47995907554099
Sally hopes to lose her job.,1.9639299651890105,Sally hopes her boss will keep her.,1.9003686703188654
We found we made a mess in the kitchen.,2.5243464291152637,We decided to sell our candy to a local boutique.,2.455592745398936
Will started to listen to his teacher.,2.3184361931968724,Will wanted to be a janitor.,2.4120630324519263
Emily was reprimanded by her parents.,2.2565023383933833,Emily's parents cheered her on.,2.248591855609228
We enthusiastically played the game till it got dark.,2.3949822456684497,We put the gear away and went our separate ways.,2.4354386750601824
I was successful.,2.4195602244422902,I decided to quit using the computer.,2.079679720836136
She was the first person to arrive.,2.359554825550366,I was better for her to be late than to be unprepared.,2.389593686253452
I thought Jack was very polite.,2.8210875598877863,I thought Jack was very rude.,2.841024449987674
Gabe decided to purchase a desk for his room.,2.379669137413373,He polished the wood after he built the desk.,2.436257621040335
Jerry decided later it was easier to collect unemployment.,2.5396315459982013,Then recruiter set up an interview for Jerry.,2.272612363659513
Emile eventually got a job as a chef.,1.5566300180747068,Emile stopped talking to his friends.,2.165791665748351
She caught hypothermia.,2.6849108229086225,She finished her latest book.,2.516930225269165
Harry wished he wouldn't have went.,2.79369219362653,Harry was so happy to be in the goo.,2.912843707323185
He no longer had any interest in wrestling.,1.8830360970011513,He retired early due to injury.,1.9547834510427662
Joan felt bad about the dinner but glad she was assertive.,2.6451666801910116,Joan went to the restaurant the next night.,2.6690054177608213
Jesse's parents were upset with her.,2.497281758477248,Jesse's parents were excited to see the tattoo.,2.288394813341971
Juliette built a volcano.,2.449042838265708,Juliette was bored.,2.3691711503788264
Rob finally left to hang out with his friends.,2.235444864114242,Rob was very happy about spending time with Jaclyn.,2.0264956367799813
All of the eggs landed safely.,2.577406430887537,Sharon broke all of the eggs.,2.466716973094516
Ella had to be taken to the doctor.,2.438744551797923,Ella was unscathed from the fall.,2.3906027939216297
Bobby passed the football for hours after the game.,2.7547828754938406,Bobby took time to recover from the injury.,2.775909612230246
Susan was upset with the whole ordeal.,1.9038920840097247,Susan was very happy with the experience.,1.9652536537219205
The cactus flourished under his care.,2.401338942560801,The goldfish were very happy and healthy.,2.747285704930362
Gina went straight to bed.,2.657133356108542,Gina decided that it wasn't late enough and went back outside.,2.618789705582419
Avery's parents were proud.,2.293507293207858,Avery's parents were ashamed of him.,2.4270324272364654
The orchids would be ugly.,2.5574696576908273,The orchids would be beautiful.,2.40198057146571
And asked her to marry him.,2.6460033321822345,And he started laughing hysterically.,2.69247336260488
Tommy had good friends.,2.4655674058310315,Tommy had bad friends.,2.4168695538770515
We went to a dentist who pulled the tooth.,2.9245429548166397,We had a week of hell as her tooth came in.,2.8219814803753556
Amelia decided to never go back to Mexico.,2.386612167768938,Amelia decided to vacation to Mexico more often.,2.1610286132733174
We told the kids that Santa must have share with the reindeer.,1.8385585154680195,We told the kids it was thanksgiving.,2.0659181088073275
She was so grateful and promised to pay her coworker back.,2.3811025794289122,She did not want to eat.,2.1066803791649287
The government continued to fund computer labs.,2.016229065617861,Kids suffered from the computer labs.,2.1646537218427335
The baby even pet the dog right afterwards.,3.0332411881642116,Officer Dunn was shocked about what his dog had done.,2.7722815699686802
I cleaned my motorcycle after I got home.,2.2126429016901143,I changed the wifi password to enhance security.,2.624190967834315
Ryan got fired.,2.074627619054797,Ryan got promoted.,2.233824712940415
The man stopped at the rest stop and got out of the car.,2.2800109493576928,The man kept driving for a few more hours.,2.274357437254501
Josiah crawled to his mother and took the toy.,2.0511721053270087,Josiah rolled over and played with his feet.,2.302368700448927
I brought a dog home since I have so many dogs already.,2.4773964524048235,I drove home with the mini pig in my car.,2.4901528284675423
All his classmates were very supportive though.,2.52832376142693,His classmates taught him to overcome his fear of heights.,2.639259073065266
Matt and Lexi had a great time at prom.,2.3613135308994035,Matt was miserable at the turn of events.,2.391499189364654
She was heartbroken.,2.5539475974520736,Shyanne was overjoyed.,2.5370513247578663
John had carrots instead.,1.9300585466860898,John devoured his pizza.,1.6430209303257932
Then we collapsed on the couch and slept past noon.,2.1879968651131483,We ran in hopes of improving our speed.,2.539916052720864
Ally used the three hundred dollars to buy clothes.,2.548103392551653,So she bought a new cell phone.,2.3340692285835836
The worker thanked Mark for his patronage.,2.775727813910081,Mark has a court date next week.,2.727511861450638
I can't wait to to start the paint-by-numbers set!,3.27008605583555,"But in a moment, I'm going to start the puzzle.",3.0695017399322535
Rex loves cleaning the bathroom.,2.1219577162670347,He feels better about his room.,2.3609798767937717
I aced my exam.,1.8476161522325423,I failed my exam.,1.8992016862353103
I washed the blue shirt.,2.014560813800797,I wore the blue shirt.,2.1197080088971827
He fell asleep.,2.222293153482286,JJ stayed up all night.,2.2017629060028403
Todd is proud of himself.,2.5498754482658463,Todd decides to study as much as he can before tomorrow.,2.380458745472181
Maggie was happy to have a new companion.,2.5227335407544516,Maggie wanted to be alone.,2.434964737330233
I did not have anyone to talk to though.,2.7113662906871494,"When the ride was over, we parted ways.",2.316166947614425
"Eventually, she hated all men.",2.438864189346538,She felt better playing with a group of nicer people.,2.3199899664450347
Bobby was bored.,2.7360240403779414,Bobby enjoyed the carnival.,2.5856385190011935
Al and Val went out to eat.,2.452206160509081,Al felt even lonelier as time went on.,2.500181051418943
I wish I had gotten more tickets.,2.482677403500061,I now drive at a normal speed.,2.59636534382548
David learns to play piano.,2.8543603545622043,He has a great time in Oregon.,2.315670120808613
But it was worth it when she saw her straightened teeth.,2.398914665665933,She couldn't wait to get her braces tightened each visit.,2.3033828266212617
Jayne ate a delicious meal from the fruits of her labor.,2.6399818012545997,Jayne decided to set fire to the garden and destroy the farm.,2.627681697107512
Amy then drove to school.,2.4732279859268833,Amy then had to walk to school.,2.5891693643073115
Rod died in the fire.,2.4512873993418802,Rod was proud of what he had done.,2.721715050030495
Barry voted.,2.012394815629717,Barry turned around and went home.,2.3395666170836686
"She moved into a smaller, cheaper apartment.",1.4969974902635257,Amy signed a lease and moved into the apartment.,1.3676496560742155
I got to eat the slice.,2.522831047251072,I ate a hamburger.,2.7399910290225447
May and Cathy got along greatly.,1.9604970439778522,May went outside and Cathy never saw her again.,2.235918921438991
Monica was pleased to see her friend admire the homemade gift.,2.2028847130852984,Monica knit the scarf to donate to an orphanage.,2.0680708682282933
The suspect decided to turn himself in.,2.5121409693532804,No one seemed to notice the suspect.,2.626205427229965
But eventually they get together anyway.,2.3894824810673905,The boy and girl's parents are very happy they love each other.,2.0538958610944253
I was thrilled.,2.8211731132145657,I was completely bored.,2.917019529291175
I drove to the beach.,2.2646083930523524,I decided to visit Vegas.,2.3676349373933165
Steve's wife was ecstatic about the gift.,2.5996380140874717,Steve's wife filed for divorce that same day.,2.6626777401582227
John went to the movies by himself.,2.503482697727548,Jon loved spending time with the kids.,2.241309725935861
Ben was fascinated by the string.,2.248492649746548,Ben went for a run.,2.413517383487186
Juan decided that being  luchador was a stupid aspiration.,2.7678532914693204,Juan was very successful eventually.,2.7820300139389325
They finally decided on one boy name and one girl name.,2.590707216430232,Tori had to go to therapy because she was so upset.,2.425618122396947
Sara was then able to stop by and get food.,2.800817296602111,The food was too unhealthy for Sara.,2.802458867889589
They decide to be lab partners in their class together.,2.8885508159697553,Rufus is happy to have a friend in Geometry class.,2.7463149764902597
He was happy to get the Chemistry set.,2.763273337936153,He was disappointed to receive the Chemistry set.,2.6202849236373758
It ate the territorial hummingbird easily.,2.471014000613096,I shot the rat and tossed the body into the garbage.,2.8120408912823263
Lo figured the math problem.,2.8403883526290103,Lo had the best costume in the play.,2.6444911154308604
We later decided to start a small band.,2.7015214992395515,"Later, my manager told me he didn't like the beatles.",2.6206332702166555
Tyler got depressed.,2.2652397531023722,Tyler was elated!,2.2388490411213597
She was excited because she loved going to the dentist.,2.0142210282755957,The dentist was able to make her tooth feel better.,1.8639501955222755
Derek never read again.,2.1897253728258925,Derek now read all the time.,2.106588808185401
The bar asked me and my friends to leave after a while.,2.619044981275748,After that we all decided to go to a restaurant.,2.7066162007812755
Pat got in his car and drove to work.,2.738727288297911,Pat felt silly for pretending to be sick.,2.7272265344183557
Greg filed a police report and they eventually caught the thief.,2.336079598431474,Greg judged the chili cook-off competition.,2.549403754713188
"He had a miserable weekend, but told his girlfriend it was great.",2.6709464174029964,Johnson was an avid outdoorsman and hiked often.,2.512442935174604
Pete kept the wallet and donated the money to charity.,2.4380590629709227,"So, Pete kept the wallet and bought a new TV with the money.",2.3311967747242144
Sally thought her sister was cruel.,1.9814993557571705,Sally felt better.,2.083649462480377
My son died and we buried him in the graveyard.,2.7654499516589626,He has a scar from the stitches.,2.4867617162724542
Lorelei calmed down after getting the teething biscuit.,2.2125364977322386,Lorelei chose to get flowers.,2.6111751164476886
The ducks liked me a lot.,2.8004715415204893,I ran away from the ducks.,2.77777528889427
Lewis started to dance.,2.644065851161351,Lewis laughed and told them not be afraid of the bats.,2.5722152965828573
Sara made the purchase enthusiastically.,2.2506841136538256,Sara decided to buy a Viola instead.,2.1118536670241115
Bill started to get ready for school.,2.5515186630152034,Bill felt relieved.,2.6524551167102968
Martha became an expert seamstress after a while.,2.441653377826675,"After a while, everything Martha cooked was delicious.",2.239413556598493
Both cats were very healthy.,3.0066059120285455,I took him to the vet to treat him and he got better.,2.954515054296815
It ended up dirtier than it was before.,2.5851356163101302,The carpet looked almost new after it was cleaned.,2.4356188457382615
Being healthy isn't always fun.,2.564968014627036,She loved the donut she was eating.,2.4398255475744404
Anna ate all the wings as she drove home.,2.1719662422798747,Anna was happy with her meal of lasagna.,2.4232448076944357
I never watch television with my brother.,2.9753102252806376,I agreed to let my brother use the remote first.,2.608996505685962
"When the plane suddenly corrected, Ivy felt a wave of relief.",2.297813170251941,Ivy was glad she had chosen to fly.,2.3350652377952694
Joey felt proud of himself.,2.3839112364891317,Joey wished his parent's appreciated him.,2.3454780432853632
John decided to bring bagels to work.,3.0187917964506905,"John reworked the presentation, and it was a great success.",2.7596115948682614
Gina stole al the soap that was in the bathroom.,2.45555060963421,So she had to settle for rinsing her hands off.,2.718509700193632
She then yelled for them to get back to work.,2.678343547201525,"The family sat down, and enjoyed a meal together.",2.835364123041588
"Then, Emmy's dad said she could keep both kittens.",2.5508698602001183,Emmy left angry because she wanted a dog.,2.7282010762689657
Kyle was really into Marvel heros.,2.2465982600142977,Kyle thought Superman was a ridiculous construct.,2.3547093655726647
Francine was glad that she wore comfortable  shoes!,2.0322249499492093,Francine  retested  the formula for the missing genome.,2.7532542025154534
"When I got older, I had to stop jumping out at people.",2.5729613916133682,People were very happy when I played this game without them.,2.744314954463916
He bought lemonade and made us feel welcome in the neighborhood.,3.1864421713425295,He poured our lemonade onto the ground.,3.3159937168774745
Jorie admitted it was a very emotional tour.,2.793778072858051,They decided to visit the comedy club upstairs.,2.8882442867498557
Clara liked being outside.,2.620235900793399,Clara's mom helped right away.,2.394945503348473
I was angry and confused by the letter.,2.6652516223623905,I was very happy about the letter.,2.8120558410299847
His wife was proud of him.,2.1192163353418705,His wife found out and they got a divorce.,1.9237022578990128
The man eventually blinked.,2.561018051186524,The man wanted to lose his bet.,2.7728122385952685
Shay had a great time.,2.7516995612369337,Shay really didn't like dolphins.,2.7037310950268907
Lia hated going to England.,2.5775402688786704,Lia took many photos of Stonehenge.,2.6228222136689645
I mopped up the mess.,2.2332202922755604,I left the mess and made a sandwich.,2.2983641030568527
Arthur felt good about taking the last one anyway.,2.6906723426920975,Arthur ordered another round for his friends.,2.6478950528435385
Jill was excited.,1.3663274317888932,Jill was depressed.,1.4507877751433174
Jaden's girlfriend slapped in the face.,2.5537105221447494,Jaden had saved the day.,2.4693594294225316
He was able to ride the bike just fine without them.,2.478128001120115,"He realized biking was not for him, and took a nap instead.",2.484749602779256
Quentin was glad that he went.,2.4277146235022786,Quentin vowed to never go sailing again.,2.5017021835979385
The cook praised him.,2.3395550518211103,The cook decided to remake the pancakes.,2.0528725716016623
"After watering them more, my plants look better than ever.",2.393186858010893,I didn't water them again.,2.624680011663399
Jill and her sister could not play any more videogames.,2.221913447777254,Jill got better at video games.,2.219545685451125
Then I fell asleep until the next morning.,2.7298756375463724,Then I imagined that I was Buffy and went running.,2.7122789046631914
Drew always wants to obey the law.,2.583109699072548,His mother was very angry.,2.586818465602307
The baked eggs were great.,2.7408784899401226,"I left the shell on, and ate them whole.",2.713600974239545
The boy was grateful.,2.811219129503006,The boy was angry.,2.9042898406051547
He enjoyed watching the game anyway.,2.779503208573379,Tom thought it was the best hockey game ever.,2.7912507809670495
Trip enjoyed the flavor of the seeds.,2.486746172819143,Trip stopped eating watermelon completely.,2.4374510106377176
Angie decided to tell the requester to reject more of her work.,2.2244516019457925,Angie tried to discuss the issue in detail.,2.291915880768407
Trina's dad scolded Trina.,2.3199793766514523,Trina's dad taught her how to dance.,2.297183580386449
So Ned gave him his own cotton candy.,2.452990060234156,He bought more cotton candy for the boy.,2.489103433737602
Sebastian felt like staying inside that day.,2.385807451712175,Sebastian walked outdoors and went for a walk.,2.475009696059647
"His brother yelled at him, and slammed the door.",2.752957045120225,His brother was grateful.,2.6487733427151285
She wondered if the cashier had stolen her information.,2.236024601602383,She made sure to thank the fast food cashier.,2.3750274787068353
I decided not to buy the painting because I didn't like it.,2.592661435452168,I purchased it and brought it home.,2.839681639826046
My boss fired me on the spot.,2.1173330849153826,I received the promotion I wanted.,1.9469262733969512
She gave Dan the train.,2.343149974510415,Dan's mother told him to get ready for school.,2.4625039581247723
Then Gina placed the purse right back where she found it.,2.4201161511793483,Then Gina told her mom where the key was.,2.2274266827517186
The man moved to Texas.,2.150031944909437,The man moved to Kentucky.,2.094602183916649
Tim was thrilled.,2.4673762755444515,Tim was terribly disappointed.,2.4220697852606197
She decided it was not the right cat.,2.2239932130469002,She took the cat home with her.,2.12373867474747
I was rushed to the hospital.,2.610920368843013,I got up and got right back on the balance beam.,2.206999137591614
We each bought one dog.,2.442695638318865,We did not like the dogs.,2.670749006975601
Johnny began planning to move to Boston.,2.1538326248386452,Johnny was happy to be in a small town.,2.182331602252532
Joan's mother didn't speak with her because she was unmarried.,2.5054459484756753,Joan felt good at seeing her mother's face.,2.497535950308295
I began to write more.,2.720682566639784,I went on many dates.,2.785626272928992
My daughter never forgot her field trip.,2.6457906534108275,My wife and I had dinner that night.,2.8121189883633404
We befriended the bouncer so we would get into the club tomorrow.,2.5764773046237233,The bouncer did not allow us into the club.,2.799127201886406
I cut myself on a small piece.,2.520574739661618,I loved the way the glass looked now.,2.3765722829549514
That helped her figure out which car she didn't want.,2.2273522487962283,That helped her find what she wanted.,2.1081887563140507
Sebastian was disappointed in hit performance.,2.7823819253894038,Sebastian was happy that his practice paid off.,2.4631234158796955
The mother gently sung the lullaby to her baby.,2.212541175341446,The mother played some hip hop for her baby.,2.4681734083475755
Some people noticed and Johnny got in trouble.,2.4010199798555387,Everyone was really happy because of Johnny's behavior.,2.4367632490165687
Amy felt so much better.,2.6731911866530167,Amy felt terrible.,2.725976006438146
Joe was very proud of his team.,1.9952550271501146,Joe was very disappointed in his team.,2.004025553955451
Mark was very happy.,1.837174894488836,Mark was enraged and stormed out.,2.0456843595285346
Elaine found it easy to make up her mind.,1.5523420637340846,Elaine found it difficult to make up her mind.,1.4933499207534136
3 months later he received an acceptance letter.,2.43043251966959,He never thought of it again.,2.7309150819350982
Matt and friends walked home and slept it off.,2.0670908538230535,Matt did not care about the missing phone.,2.410247953054582
Everyone had a great time.,2.560023963514948,Bindu hates her friends and parties.,2.3511906726974248
Tyler made cupcakes to show off his baking skills.,2.3915948447179947,Tyler takes a quick shower and gets to the bus stop on time.,1.9506028070469075
He was diagnosed with diabetes after gaining forty pounds.,2.6252147960013477,His doctor was very pleased at his next checkup.,2.5994758336790564
She decided to watch her favorite comedy show on Netflix.,2.830425333655022,She screamed and pushed her brother away.,2.5208293811114473
Stephanie pushed herself up with her hands.,2.697420085526074,Stephanie could not get up until someone found her.,2.720060231968106
Roy decided to leave the fish in the refrigerator.,2.9418382067921565,Roy threw out the old fisher and everything smelled better.,2.9576304489032355
So he repaid them for college.,2.1703838226626853,Jimmy called his parents and cursed at them.,2.3696505694195413
Her date arrived and complimented her appearance.,2.4212620684140393,Jill and her friends had a fun girls-only night out.,2.2183271548945394
The old woman refused to give back the banner.,3.096092735353862,The old woman was delighted to find the fur coat.,3.3258451878252124
I never ate pumpkin bars after that day.,2.1848647876943237,I made pumpkin bars later in life and they reminded me of my mom.,1.9272364429062665
Tim decided he wasn't interested in birds anymore.,2.656488912382952,Tim and his grandad found a hobby that they both enjoyed.,2.392537825081076
He gave him another scoop of ice cream.,2.7411672334301995,He refused to give him another scoop.,3.021209940901763
Laurence and his family drove to their new home.,2.070032282050339,Laurence put all of their belongings back into the house.,1.9442544903150942
She had to buy a shell after all.,2.877743091078943,So she brought one home and gave it to her crab.,2.958465391971158
Westin cut a perfect slice from the cake.,2.613374591266354,Weston and his wife kicked out the intoxicated person.,2.774923742942002
Joe laughed about the experience.,2.7134789557426666,Joe was angry he got hurt.,2.6701699809604227
Tim was very determined.,2.4503067095315973,Tim had little determination.,2.6157869891482077
The person apologized to Henry.,2.9827773602347682,Henry was happy and thankful.,3.13506801503887
Tami made the basketball team.,2.3340291712658088,All the players were good but she made the team.,2.0648409151103557
"Their mom enjoyed her new, broken vase.",2.679271781250147,The glue held the vase together and their mom never found out.,2.662404080892908
Steve wondered if they could ever get back together.,2.3610746350795053,Steve drove an hour away to go to a strip joint for drugs.,2.5671437333483356
She wore them proudly to the next party.,2.019450262026815,She was jealous.,2.280900155509907
He decided to go turn on his heaters.,2.462239199041778,He then decided to jump into his pool.,2.6423494906131126
He was deeply unhappy but afraid to leave.,2.9988464946501017,His eyes glowed with excitement.,3.0825093718988037
I am a biologist who studies snakes.,2.7560194708440857,I followed the road back to my car.,2.465331364398778
Mary crashed into a poll.,2.2336324570100468,Mary kept driving and drank it anyway.,2.065267900559868
He never regretted his decision.,2.158509508214926,"He was so depressed, he became an alcoholic.",1.9519677560536144
Quinton felt depressed.,2.733394811848999,Quinton was so happy.,2.825172936332211
He ate a muffin.,2.8848800234391545,Igor took a cold shower.,2.3024068356160314
Tara still enjoyed listening on her own!,2.487667582072489,Tara was a mean girl.,2.5513450360596015
We took the tour and enjoyed the history of the place.,2.3566659443046456,We left the White House abruptly and did not take the tour.,2.3172224329929905
She hates music.,3.2467391984281195,She wanted to play the drums.,3.0333921840740805
Maggie was encouraged to do more.,2.5376066107652075,Maggie gave up the piano.,2.422252381916614
I am glad I signed up.,2.6757823995971717,I regret signing up.,2.7225014509014906
He decided to serve meatloaf instead.,2.339143920329874,They all enjoyed the meal.,2.470927105139618
Ryan was blind.,2.883692260903449,Ryan decided his job was rather dull.,2.9215863646966307
Johnny told the teacher he was happy.,2.1805443683989627,Johnny told the teacher he was upset he didn't get more colors.,2.1074256984989974
Jill hoped they would find it soon.,2.7505009746368216,Jill was glad she did not bring Joe.,2.897748355041891
Ella did not ever become good at piano.,1.9740073453344842,Ella then became a star piano player.,2.0276237078792323
Dave was against the second amendment.,2.175968701337628,Dave bought it and enjoyed his purchase.,2.1755736728406427
Rose was so warm that she took off her jacket.,2.613541756298571,Rose shielded her face from the wind.,2.5917025869718158
Drew was glad his project would be free of any mistakes.,2.7602268686772096,Drew had to start typing the paper over again.,2.5111001497808645
Sarah's father took back the telescope.,2.3442814998118866,Sarah loved her new telescope.,2.157084449997331
Melanie decided that the room looked perfect now.,2.5797237312957777,She decided to put a rug over the stain.,2.4887416103833906
We woke up to find him sneaking in the through a window.,2.365659281282435,"He sat down at the table with us, and we all had drinks.",2.6533399962917157
My parents want to live together.,2.785132725390329,My parents was to live separate lives.,2.7474058522442513
The new baby was a boy.,2.0658970949761484,The new baby was a girl.,1.9618873304139035
Monica and her friends enjoyed the doritos before the next Dare.,2.048330325652666,Monica could not explain why her friend had stolen the doritos.,2.3365892492219085
"Finally, Ray  asked his friend if he had a spare toothbrush.",2.2871733170773068,Ray did a good job brushing his teeth.,2.289328779579264
Ellie was felt prepared for her schooling.,1.8948385312009715,Ellie decided to skip school the next day because she was ahead.,1.94562699243561
He named it Don's Comics.,1.8660865768936918,Don threw his comics in the trash.,1.9151351354714197
Arnold took a relaxing shower with the bat.,2.5905351499015596,The bat flew directly toward the source of the scream.,2.510522109262482
Sean decided to go to a shelter.,2.3267131034294897,Sean eventually moved to a huge house.,2.4675953332713405
They decided that they could not make a meal.,3.1966430443872276,The two hobos ate their cheeseburgers.,3.0974288619860944
Judy and Bill were highly unprepared.,2.8856998863519383,Judy and Bill were very prepared.,2.734856145424862
Sal was furious with his wife.,2.523168137671108,Sal's leg eventually healed.,2.585196094928135
"After that, we got a divorce.",2.9109101343078123,Both groups had a great time seeing the movies they wanted.,2.5852761827729323
Amy decided to go swimming.,1.985897502474728,Amy was surprised that she did a good job.,2.1059107338159953
Kay's raft floated.,2.52173280869721,Kay used the raft for firewood.,2.4559968870040327
Max consistently failed.,2.816178559469494,Max's teacher's praised his creativity.,2.6844197347409913
She knew he was someone she would always remember.,2.5588986133671243,She realized how boring his life was.,2.59141720125424
Ashley went surfing.,2.7590941357137413,Ashley went home and went to bed to get better.,2.4974045630594306
Her mom brought her to a sleep specialist.,2.1056378319891826,Her mom gave her an alarm clock.,2.2393534088898215
Joe could not find a job.,2.752429478025362,Joe was grateful and then went to work.,2.724395980688734
Lizzy decided she did not like bananas.,2.6784897977503825,Lizzy needed help to get the bananas down.,2.616778189955732
I am afraid of heights.,3.0083780753989053,I had a great time!,2.806800335172583
Bryan went home in pain.,2.207371704314338,Bryan went home relieved.,2.4001394916027885
Tony would blowout Mark.,2.5888679494240447,The games were very close.,2.4701499208350843
The girls decided they never wanted to make candy bars again.,2.578597432207467,Her friends suggested she should sell the candy at a bake sale.,2.5447173965767167
She continued to work out for the rest of the year.,1.7720305620770593,She went home and ate 3 cartons of ice cream.,2.266052241580233
She was happy at the turn of events.,2.446060600096491,She became depressed.,2.4668447007282874
Bill thought he was the luckiest guy alive.,2.836118908766946,Bill was sad to see the sucker covered with dirt on the ground.,2.8324003789451146
Neil decided to never return to Transylvania.,2.6008697025071417,Neil enjoyed visiting Transylvania.,2.2286711705914364
The stunt man was paralyzed.,2.424465932739922,The stunt man loved it.,2.4105597322157855
Ralph then asked Pamela to marry her.,2.8602971174498992,Pamela decided to break up with Ralph.,2.791479555361564
Helen looked forward to her first mission.,2.4392440430196443,Helen dreaded seeing outerspace.,2.474284911585034
Hailey was excited to see them all again tomorrow.,2.3539936150065905,Hailey cried to think that she would not see her friends.,2.325996418252041
He hates his grandmother.,2.6459461386854377,It is a fond memory.,2.7068146389949246
Valerie wanted to visit Germany.,2.156869125824348,Valerie hopes to live in Italy someday.,2.3284523016000658
Tim's phone became ruined when he spilled water on it.,2.241321749755306,Tim didn't have to worry about dropping it in water anymore.,2.4880599370505507
Gina walked down the highway without her family.,2.68199241529348,Gina was so hungry that the fries tasted good this time.,2.7126172814582388
She said she was my long lost mother.,2.5902959786043196,I said goodbye to the man on the phone.,2.4606080017390517
Nelly hated the outdoors.,2.7950873133013436,The fresh air was exactly what Nelly needed to clear her head.,2.751134338502383
Alec and his wife decided to go to the movies.,1.7427001161223659,Alec was happy to see his daughter developing her verbal ability.,1.6418149500227452
The police officer gave me a badge and made me a deputy.,2.3004677420216675,It was terrible to be sentenced to life in prison.,2.3668374751358123
He felt cool and retro when he played records at a party.,2.557517505481753,He broke the records one by one as his parents watched.,2.474405258283893
Amy was determined to gain weight.,2.6042314832104934,Amy was determined to lose weight.,2.623243959546487
Tina held back her tears.,2.7551145345775083,Tina joined the high school dancing team.,2.475998614979948
Sally was grateful for his kindness.,3.010099135318768,Sally cried the rest of her break.,3.0491109911993486
Jennifer worked hard on her lessons and got into the band.,2.097472539213826,Jennifer had not taken any cello lessons.,2.3643420739881025
Fred rolled over and fell off the bed.,2.418275799128506,Fred woke up with a hangover.,2.289191267964529
Ronnie's boss commended him on his dedication.,2.896150178648365,Ronnie quit as soon as he got in.,2.7831552414248963
Burke soon reverts back to being grumpy.,2.545282265236037,Burke loves interference from strangers.,2.600734291420906
Matt always paid more attention to the road after that.,2.677897535212376,"Matt fiddled with the car radio, looking for a better station.",2.9274562825055
Brian was very creative and brave.,2.5166111166517617,Brian was not very creative.,2.607349666831508
I loved decorating for holidays.,2.2641799383717514,I hated decorating.,2.4440150185073417
The police found the perpetrator and locked her up.,2.6593115334971715,The police put on a community event to raise money.,2.778126939140602
Pat is happy.,2.3655205121365217,Pat is sad.,2.355519977081962
Solomon asked the interviewer for an old-fashioned.,2.5331001536743494,Solomon thought his name might not be so bad after all.,2.43798077778592
"Try as she might, Kelley couldn't find her dog.",2.648976142846354,She was relieved to find it underneath her car seat.,2.4842444116087607
He used the tickets to take me to see Star Wars with him.,2.132849298765975,"With a look of disgust, he threw the tickets in the trash.",2.71641921886304
The customer was uplifted by the special service.,3.095134464472439,The customer was angry.,2.873778346735386
Stacey got back in her car and drove to work.,2.119217579876971,Stacey told the police what happened.,2.2277530222792286
Diane decided she hated Karen more than ever before.,2.7626413282884896,"It was hard, but they agreed to go their separate ways.",2.8838775774661176
We miss her so much.,2.2554516749315328,"Later, we gave her a bowl of milk.",2.4022967663496333
"Eventually, the goat became angry and bit Reilly.",2.6864230826401085,Reilly fed the goat extra food.,2.5203622436765913
Sally ended up being my best friend.,2.3440355678172615,Sally wanted to inform the family of her husband's condition.,1.9979156072122035
Laura wore a hat all week to hide her hair.,2.3966400716018343,The compliments she got made Laura think the trip was worth it.,2.2808041905083045
Neil thought the country was wonderful.,2.6383234822454478,Neil hated his trip.,2.782931280897094
The man jumped over the gate.,2.412921729391216,The man went under the gate.,2.435613374134616
I thought the movie was great!,1.9323055646476162,I left after the first forty five minutes.,2.2598730577263986
He gets much less for them than they are worth.,2.4469551619565144,Grayson uses the money from selling his stamps to buy a guitar.,2.251578906390712
Adam was never able to repay Lance.,1.9534358114989794,Lance never spoke to Adam again.,1.9188928416025035
I left the dentist's office with a signed petition.,2.1827827853737696,I was nervous but he reassured me that everything was fine.,2.3557793024106966
"Pretty soon, Tim's parents hated the sound of the trumpet.",2.666347181620787,They set up a space in the garage for him to practice.,2.834931813185368
"So I would indulge every once in awhile, and it was delicious!",2.578651277474268,I always ate there when I wanted to save money!,2.465107822286678
Her in-laws thought the cranberry sauce was much too sweet.,2.6211690551787643,The cranberry sauce was very sour.,2.669488541530459
I did not have a good holiday season.,2.3111290322846063,I had a great time with my kids while home from college.,2.0963970294498204
Michael hoped the new squirrel would fare better than the first.,1.8248010100835272,Michael decided to have the dumpster company pick up his trash.,1.9586916168671957
Rob was happy.,2.3005135988047742,Rob was disappointed.,2.455505206490255
Jennifer was proud of herself for swimming so well.,2.362949918493665,Jennifer realized swimming was not her best hobby.,2.4855220083308707
Ace called out his friend for cheating.,2.5328402575825506,Ace was happy for his friend.,2.5991687648232684
He decided to go golfing all day.,2.9522002593643526,So he gave her cash.,2.8176288663168956
He tore it apart.,2.821254772865533,He loved it.,2.6253776508130944
Tammy learned a valuable lesson.,2.2758140245685126,Tammy kept working out.,2.019721734189196
And so Abigail was able to lose a lot of weight.,2.5542765872755773,Abigail climbed off her wheelchair and onto the bed.,2.606922648354833
Eddie needed medication.,2.866510068999264,Eddie loved his new friend.,2.984799098354105
Jay was livid.,2.578518121029063,Jay had a good laugh.,2.6007047063814697
They then got home to their neatly cleaned home.,2.3411636675612115,"When they returned, they saw that their house was gone.",2.2106218538166256
Carmen's family loved the crust.,1.426805090714304,Carmen decided to order Domino's instead.,1.3170907271581802
His fingernails are much shorter.,2.659351446537094,His fingernails are way too long.,2.575631026129809
Herman decided he wasn't hungry anymore.,2.5212494666727725,Herman managed to buy some food to make a small meal.,2.5631662631881125
Grandma had to pick the peaches herself.,1.6113813769228063,They were excited to bring the peaches to grandma.,1.6688313270990287
Candice stuck to her original taco recipe.,1.5789688449842558,Candice got better at making tacos.,1.6322352041649384
Tony was hired immediately and succeeded.,2.5719471987542573,Tony then went back to school and found a different major.,2.242648340571142
Jenny was thrilled with her new living situation.,2.3412001007407164,Jenny was unhappy.,2.3115549179323223
He finally got down to his ideal weight.,2.6234254043043927,After a month he gave up.,2.602046948666322
The woman told me to leave her alone.,2.5003451808497728,I got her phone number.,2.5409100759305487
Cindy asked her mother to drive her.,2.333884674485173,Cindy was very experienced.,2.5297751957519794
I made a little bit of money.,2.787364587519252,I was ashamed of what I had done.,2.9607395024636154
He quickly bought the camera.,2.1052742480839925,He quickly bought the film.,2.239984003821599
He fetched the ball and brought it back to his owner.,2.6735342244139817,He then ran away with the small ball.,2.8051417026322563
My mom jumped into the swimming pool.,2.60801985000551,My mom slammed on the brakes just in time.,2.42214663211454
Kelly was fired for being dishonest.,2.9540932830574484,Kelly used the money treat all her friends to ice cream.,2.884549357358395
It helped him get a job in an office.,2.6305002605594403,It helped him get a job in construction.,2.7022174327480237
She wore her gray hair with pride.,2.3654570319767263,She dyed her hair blonde instead.,2.335952689075893
She was freaked out the whole way home.,2.2377349013307066,"She decided to give it a chance, and returned to the party.",2.3140074155351456
I got my car registered and drove it around all day.,2.9649207976230354,I had to sell the car in another state.,2.838951305413336
Trent drove off road and totaled the car.,2.6415152660242893,The group got to Las Vegas with no issues.,2.867045760248133
Randy bought the ring.,1.7376932820960718,Randy ran away screaming.,2.316731420418852
I went to the tennis match alone and had a beer.,2.7451672135910865,The performers were really talented and the music was beautiful.,2.5448014515886834
Shay was upset that her company had mistreated her.,2.111802638614898,Shay was happy that she went into the office.,1.9777185819449312
The whole family mourned Cinnamon.,2.641988932021734,The whole family was glad Cinnamon left.,2.5994014765174596
I was very happy.,3.0059205653987573,I kept trying and eventually I excelled.,2.810008103938185
Harry loved Mary.,1.8850669605278547,Harry disliked Mary.,2.0114579777503456
Gina felt amazing that she ran.,2.5783515947795914,Gina cried at the end.,2.545936423706181
I couldn't mow the lawn.,2.619234696585319,The lawn mower suddenly started.,2.554946658138619
The fox then lept behind our dirt bike.,2.744102071346373,We stopped in time to see the fox run across the road.,2.6410957628077103
John was happy about being rejected.,2.0670482011054663,"The girl found this charming, and gave him a second chance.",2.0457140103452547
She began brainstorming a new ice cream recipe.,1.654769040092245,She threw her ice cream in the garbage.,1.8186532163849116
Miriam did not enjoy arguing.,2.462548791453665,Miriam became a very successful lawyer.,2.4813115408158297
The field trip went very well as we had hoped.,2.335045473922946,"The bus never arrived, and we missed our field trip.",2.117206594668886
My family only ate vegetables.,2.91758343357942,My family was too demanding.,2.8809828607534635
Alice was a mess during her presentation.,2.367992533946172,Alice helped herself to some coffee and sat down to relax.,2.571319160638003
Gina's mom liked her behavior.,2.313764940059836,Gina got in trouble.,2.4414000926507633
Amber slowly developed into a pretty good hitter.,2.181584099054902,That extra practice improved Amber's fielding skills.,2.147509809541255
Gina missed her grandfather very much.,2.4336221134927576,Gina was had a great time at her grandmother's house.,2.400383639614177
I hated Christmas.,2.6987033607726456,It was a great morning.,2.647128814881997
Jim made the basketball team the next time.,1.9885838295382305,Jim quit playing basketball.,2.0187952556387234
"Gradually, Mary was able to pay off her debt.",1.881605442793125,Mary saw no change in her financial situation.,2.135061953033925
John turned his homework in the next day.,2.66930564268105,John didn't know what to do.,2.6940374436694774
"Once there, she got her dream job.",2.4418589958153034,She decided to go back home.,2.46029984977638
John had a nice day off of work.,2.002779592632865,John then felt sick the rest of the day.,1.7735163787212804
Sally decided to order her own pizza.,2.06151486463276,Sally was very happy to see cheese pizza.,2.0008774072080784
I went swimming in the lake.,2.466790421511184,I've never had a worse day.,2.5008047771236934
Ed won the game.,2.393994099100929,Ed lost the game.,2.4699285228562466
Lary ignored it and kept working.,1.7929060612077614,Lary was happy and excited.,1.812312194436445
Jim decided that he would rather buy a bike instead of a car.,2.4320938125219267,Jim saved a lot of money in gas by buying a battery run car.,2.348834307208979
Sam was very amused by his dog's behavior.,2.716669613477397,Nick decided to take his dog to a trainer.,2.585899130564245
He was relieved to be alive.,3.1631378400228964,Everyone else got out safely.,2.9984771654476674
Jake satiated his hunger.,2.5991547328628535,Jake then threw the sandwich away.,2.552203724365006
Matt trained hard to return to being a pianist.,2.1100729286449793,His training paid off at a marathon later that year.,1.9574351966225836
Susie was so happy.,2.0314615655260093,Susie was upset.,2.0553301810151745
Jon and Mika then gave birth to a boy.,1.8262494241686407,The baby grew up to be healthy and strong.,2.087299680519808
Brendon got angry because he was in serious pain.,2.714287994567176,Brendon couldn't believe he was soaking wet.,2.711630032389694
Cara sold lots of items.,2.348199931590096,Cara left for Vegas.,2.3859857370747317
Lorraine is pleased.,2.0274690593382636,Lorraine is disappointed.,2.050712411342679
The meal Joe prepared was cold.,2.6516912592835027,The meal Joe prepared was piping hot.,2.6627415112925825
Many people viewed Jake's skirts.,2.7666174153284633,Jake hope no one would view his skits.,2.6403940556595416
"The window was busted, but the horse survived.",2.5342095249330994,Jackie was happy her car was undamaged.,2.51401604761256
They burned their candles that evening.,2.514464882948094,He poured the majority of it down the drain of the sink.,2.8987464008391433
I was happy with the TV.,2.4498795628084054,I returned the TV.,2.398761039603867
Dennis won the competition.,2.4507817925085456,Dennis did not have fun.,2.644746567279185
The next year his garden was beautiful and healthy.,1.8015401955359283,In the spring he decided not to start a garden.,1.754200860672241
Joe paid for the delivery of some Chinese food.,2.548298956349173,Joe started eating the pizza before the delivery man left.,2.4296271860319982
It was the best New Year's Eve party ever.,2.0847711084598455,"She accepted the food, and asked them all to leave.",2.07634105033968
Jim felt pleased.,2.7194783735293204,Jim was frightened by his gunfire.,2.5542435118355256
She also bought plenty of blouses.,2.603833165065823,She wore a ripped shirt the next day.,2.7158002954956175
Juanita climbed back into the boat.,2.4599126207004236,Juanita continued to take pictures.,2.66725523710437
Jody was fired on the spot.,1.9536825585401922,Jody became a manager and succeeded.,1.9700400005507985
The two then caused more problems.,3.23593910765798,Charlie changed his bad habits.,2.860149413020626
She spread out a blanket and had a lovely picnic.,2.263504841119911,She ate all her meals in the cabin while on vacation.,2.2161738769607155
She thanked her friend for the advice.,2.466451423986217,Marcy stopped talking to her friend.,2.263892110934859
Sharon knew her time with Fancy was short.,2.6432686607377,Sharon couldn't wait for Fancy to go.,2.660973692790166
Keith's car then skidded off the road when an earthquake struck.,2.8576608990091223,Keith's yacht hit the reefs at high speed.,3.065986363187128
Sean hated dining al fresco.,2.5623436795977703,Sean loved the outdoors.,2.4340950882680263
Their son was difficult to take care of compared to Joy.,2.3167713643773915,The parents had another baby.,2.3537777768825476
Chris begged for mercy.,2.1579011404872355,Chris was excited to get caught.,2.138375989019701
Neil stayed some extra days in Bangkok because of all the fun.,2.8432390432773054,Neil decided he never wanted to go to Bangkok again.,3.0155651689024934
Amy was devastated.,2.2900587094077878,Amy was pleased.,2.290313612146215
It's so gross that I warned my friends to never eat there.,2.5681576853597123,We walk in and the food is on the table right away.,2.7821939146180448
Mike laughed hysterically.,2.6755548168944694,And he decided that it was his calling to fight crime.,2.4925460620844886
Tracy was happy with Doug.,1.4784796983873374,Tracy's apprehensions about marriage were confirmed.,1.5458232986999938
He closed his eyes and picked one.,2.69029094819608,Joseph went downstairs and got an ice cream.,2.8002455558498056
He enjoyed his stay in the country.,2.574270852159408,Neil was bored of the trip and went home.,2.5678652154458006
The friend was very grateful for the help.,2.76080259940128,Then I took the tire off and left him stranded.,2.554842974453145
Grace was very disappointed.,2.8627664083326945,Grace was happy about the ice.,2.699218768424118
Harrison got angry with Emily.,2.458254814709661,Harrison was happy and excited.,2.4843859102880037
She found a cool item and then happily bought it.,2.208798808505244,Sally could not buy anything without any money.,2.502083270160857
Fred didn't like his diary.,1.803351077675364,Fred enjoyed reading stories from his past.,1.6139920078820331
Sky wanted to leave as soon as possible.,2.9813645329294083,Sky never wanted her trip to end.,2.897022401556302
Joss told her mom that the exchange student was mean.,2.4969854043444744,Joss considered the exchange student to be like a sister.,2.45477159865952
The all decided to never do it again.,3.017326938428767,They all had fun.,2.649577170139576
I wish he would pass away already.,2.990638679801111,It's nice to relax and reminisce.,2.6553444256102114
"Less than an hour later, they're stomping around again.",2.551493466049458,"They were so quiet, I had to call the police.",2.5624278554290147
He wore it everyday.,2.649665185448387,He threw it in the trash.,2.758976003952076
He remembered to invest in gold.,2.700633266171186,He did not drive under the influence.,2.8845217956074447
Francisco became a good surfer.,2.3390292540847,Francisco became a good skier.,2.0989594874736732
Sal felt rotten.,2.5501884003915727,Sal felt great.,2.5310214157172037
The friends found Alycia's truck.,2.188643126309129,Surprise they found it on the street she parked it.,2.425390222434635
Katie was disappointed when her mother said the back yard.,2.5741114050269727,Katie was relieved when her mother said the back yard.,2.5317240003221757
Eric hit the ball with his baseball bat.,2.6362140180005174,Eric couldn't return Bill's hit and lost the match.,2.4507219935316944
Gina was very happy with the outfit she picked out.,2.9180200522852004,Gina's mother took out a loan to cover the expenses.,2.8071520506339347
She then scared away the squirrels.,1.8518615556235114,The squirrels began to come to her house more often.,1.829114130053905
Gina was natural rebel.,2.7387156782479742,Gina was worried about her parents finding out.,2.7250944825744567
Then they moved to their new house.,2.276623322669703,Alicia was happy to be leaving her old house.,2.1859985055495037
He was happy that his friends considered him trustworthy.,2.97588816710595,He had to admit he didn't really like their cat very much.,3.0864382143501645
I ordered pizza to eat instead.,2.3060722279620993,I loved the new raincoat I bought.,2.586354001950155
Laura felt she had wasted her time.,2.064439236184962,Laura had a good day in class that day.,1.9288432745898478
They went home talking about their night.,2.567719570165041,They got into the plane.,2.6180468291054195
It worked and the speech was received well.,2.8639107840619245,I stopped talking and went home.,2.8831311610799166
Alice was upset she had to settle for Chinese food.,2.5793633478646294,She invited all her friends to join her at that restaurant.,2.425353740008314
I cooked the noodles.,2.187012901262855,I threw the noodles in the trash.,2.2283326648901864
He finally found it in the garage.,2.2692537247266853,Pete decided it would be a great time to take a trip to Vegas.,2.376965735941557
He decided to go home and cry.,2.545583121931517,He was so happy that he did and loved the park even more.,2.190890935918053
Wendy happily bought more of the bath oil.,2.718156549086447,The company gave Wendy a full refund and apology.,2.742236828482092
He decided to have two.,2.4346755906684527,E spit out his beer.,2.248633999826331
The frog had never had such a full stomach in his entire life.,2.633533655551508,The frog was still hungry.,2.404005075831724
She gave him a dessert treat.,2.567712120195903,She yelled at him.,2.5732044201014412
Then I ran towards the snake.,2.4161833566279762,The snake bit me.,2.585377843001491
Matthew's mother finished all of her work on the computer.,1.7117558981161063,Matthew's mother put Matthew in his time-out corner.,1.6820535779720425
I ignored it and went home.,2.582958534047137,It was a deer that I was able to stalk and shoot successfully.,2.4689848125878595
It took 20 minutes to remove the needles and continue climbing.,2.886866289159427,Jack was able to climb without any discomfort.,2.7390442650269504
Jim asked Lynn on a date.,2.6903822911131856,Lynn told Jim the he is unattractive.,2.8516486894106987
Riley looked much better and was well received.,2.761113047854243,Riley stopped being friends.,2.5771770327224877
Aya was very happy about the outcome of the contest.,2.297155252510231,Aya was very upset about the outcome of the contest.,2.258141369803922
His parents gave him three days off.,2.3468694777516412,His parents threw him out of the house.,2.314069542516891
Anna sued them but got nothing because they had no insurance.,2.7829719001012974,Anna went to the club and danced all night long.,2.668040212968009
They purchased a nice home in a new neighborhood.,2.5407692064284437,They both purchased sportscars with the money.,2.6468416553260896
I have no computer.,2.90309933659361,Most people liked Cover A.,2.553459821826442
The cat accepted the new post made of sisal.,2.777875310961546,The cat rejected the new post made of sisal.,2.801152975805183
Daniel hated writing.,2.5021551796147747,Daniel had to get an actual job.,2.452584999740176
The guards stole the ball from Jeff.,2.384317592586548,Gary thanked me for my thoughtfulness.,2.7856572117153697
We will never camp again.,2.7975777942682387,We had a wonderful time camping.,2.4782659942947616
I liked getting a good deal.,2.161883726256749,I decided to throw my bowling ball on the counter.,2.4796829718477027
Joey finally received a call from an employer and got the job.,1.8942684479745686,Joey spent her days playing video games.,2.2768088102643342
"Joe ordered some new cable channels, but was still unhappy.",2.7040229766329116,He was much happier now that he some companions in his life.,2.6114789241949468
Nya decided to eat the same thing everyday.,2.2513556236530627,Nya later regret eating unhealthy food.,2.1922621867587577
A tornado came within 2 blocks of the house!,2.666234251169653,So I went outside to play.,2.9234892814321527
I decided I didn't like drawing.,2.6818395469926077,I went home and practiced drawing.,2.5083462860768972
Lisa still felt confident that her choice would make her happy.,2.421313124420352,Lisa got a degree in business.,2.2922354012107338
When her parents caught her she was grounded.,2.4135315091934344,Mary's friends were very disappointed in her.,2.4476103510321106
Afterwards they watched the sunset from a cliff.,2.930386739687039,"Ivy returned home, and never spoke to Peter again.",2.7436389462573683
The Man was not a building designer.,1.999503363847135,The man built the tower and it was grand.,1.798072910045113
She gawked at how much her and her sister look alike.,2.479540626681001,She tore the picture up and threw it away.,2.629087569693241
Liz got bored of the game and took a nap.,2.622888733178446,"When she heard him giggling from a closet, Liz was relieved.",2.619164801955398
Mark ended up being late for work.,2.073785740236808,Mark was early for work.,2.161400963745673
Amy was very committed.,2.414618444301193,Amy showed little interest in the flute.,1.996194297866684
Emily's child walked closer to the lions.,2.628474143111465,Emily picked up her child to comfort him.,2.727769692284889
Kim scored a basket and got a puppy.,2.799690015825854,Kim was upset when her family got a puppy.,2.943420640673754
Kayla thought it was the best date she'd ever had.,2.614636288365429,Kayla told the therapist she was suicidal and asked for help.,2.410764736899321
He was relieved to find out he was wrong.,2.7245265482545094,Ricky was soaking wet from falling in the pond.,2.666949345509496
My husband is so grateful!,2.3880538626772743,My husband is so disappointed!,2.326797433048146
Ralph's mom punishes him for refusing to help.,2.8213154181621674,He is surprised when his mom gives him money for helping.,2.9939502376865375
Kayla was an only child.,2.48978559374288,Her sister was mad!,2.370399996209861
Laura was then impeached by the country.,2.6820332808718943,Laura then became elected by the country.,2.56163272948809
Charlie started taking bribes.,2.3994412606493216,Charlie vowed to change things if he was ever made chief.,2.550519814155286
Sean's roommates got very angry that he wasn't listening.,1.8454625819647816,They tell him to never wait so long to do laundry again.,1.8160223667388178
"She never discussed it again, and didn't become a doctor.",2.4309186041872177,We took her out to drinks to celebrate.,2.548493001173693
Kelly went home to change into dry clothes.,2.3697531877897764,Kelly was very happy to have soaking wet clothes.,2.2865641450025547
Ben asked his grandfather when they could go fishing next.,2.336937762380386,Ben asked his grandfather if they could watch a movie instead.,2.6707158331982876
Amelia went back home.,2.394650363454793,Amelia was very happy.,2.482640966796182
The boy hoped to get lots of presents from Santa!,2.125554751575922,The boy left without getting his picture taken.,2.484964178318801
When he woke up it was freezing.,2.4484648673193914,Stewart was glad that he remembered to keep the fire going.,2.484879278441601
Anthony became successful because of his linguistic abilities.,1.5065660970381054,Anthony could not get the language down properly.,1.6259646195534776
She bought two skirts and a blouse.,2.272291821368892,After that she was able to go home and cook a good meal.,2.1795124659000122
Joanie was pleased with her brother.,2.3843445993118406,Joanie ran outside to confront her brother.,2.3706876093230376
Cornelia then moved her bed back to where it was.,2.2670301974364135,Soon all her friends had arranged their beds the same way.,2.4244365945345474
Tim feels safe when he rides his motorcycle.,2.234769724690219,Tim is scared to ride his motorcycle.,2.260619038848375
Wendy ran out of the room crying.,2.7157217561100575,Wendy enjoyed seeing the photos.,2.506044057390384
Lester continued his life without a cell phone.,2.485319777257137,Lester went out and got the best cell phone he could afford.,2.581122416640652
Ben was able to get his oil changed.,2.4967739985717854,Ben sold his kidney for crack.,2.660206365998242
I came home and ate cereal.,2.6257573040558806,I came home and ate pizza.,2.808236475415397
Anna soon returned the fish to the store.,2.0389425476584973,Now Anna has a diverse tank with fish and coral.,1.9292332852992322
Lee decided to adopt a puppy.,2.0900755001400113,Lee decided to adopt the kitten.,1.9531873041455148
Bob really enjoyed his shopping trip.,2.454210686069972,Bob returned everything the next day.,2.645825755449377
Jamal Lewis gave him personal advice and wished him the best.,2.644748867987044,Young Reggie told him to stay far away from him.,2.743953667569194
She liked taking care of the robin.,2.414440648075989,But she didn't want the robin anymore.,2.5233085668753223
I'm now free to pursue a career that will make me happy.,2.352055319964121,I go back to work at my job tomorrow.,2.087325456760838
"Honestly, I didn't really know why either.",3.0382201934512083,After a few weeks the flower died.,2.7758157859390375
Ben was frustrated at the extra charge.,2.556610928292162,Ben was happy after getting the call from the bank.,2.6183677233776246
The patron helped teach Chris how to speak basic French.,2.760289591218335,The patron didn't understand Chris because he only spoke Chinese.,2.8461943677560164
I learned a lot from Google.,2.472896933556764,I quickly become very angry at it.,2.8755116536524405
He was pleased when he was given the promotion.,2.43086322213891,He realized he needed to quit his job.,2.3669417336906484
Fred's boss gave him a large hug.,2.0788454480671907,Fred's coworker who saw him assault his boss called the police.,2.00004601520385
She bought more cable boxes.,2.5920976560898774,She was glad to hear that.,2.9077140550341536
Victor decides to start buying pistachios regularly.,2.223249823328552,Victor realizes he has left his sweatshirt at the gym.,2.827364685947898
She asked her neighbor for a jump-start.,2.713172675094236,She drove her car to the mechanic to get it looked at.,2.745376407196802
Eventually Tom went back on the grid.,2.578871384123218,Tom loved the idea of a fast.,2.8295647220553177
Tim worked hard in school to become one.,2.5998783502059424,Tim hated mars.,2.4190710067758894
Fred regretted his stock purchase.,2.1997470914183435,Fred was very happy.,2.5637455664314026
Jen won the spelling bee!,2.4240880141852257,Jen lost the spelling bee.,2.3899911453744442
Kelly loves to have visitors.,2.6414505523235383,Kelly is agoraphobic.,2.8124963025835217
She had a wonderful time on the beach.,2.478625355131558,She was fortunately able to get back to the beach house safely.,2.4875379205455554
Andrew wished his parents had alcohol.,2.1298114750664356,They drank the alcohol and got drunk.,2.440722529437987
She was happy when the power came back on.,2.6152959092924304,Ellen was perfectly comfortable.,2.7801043327288593
Mike had a stroke.,2.8254824957867615,Mike started laughing hysterically.,2.8217047573438885
He blamed her for stealing his bike.,2.7745215320331615,She was happy he asked her to the dance.,2.1411541127979126
I decided never to go back to that restaurant.,2.541403481057093,This was my new favorite restaurant.,2.455336031685203
I was very excited.,2.8796495057968032,I was very disappointed.,2.969642773718226
She had left the shower running.,2.4596845065628785,Helen went down to the lake to rent a jet-ski.,2.556449465995623
Dan admired his father.,2.8300630587404667,Dan was ashamed of this father.,2.8608480389189035
Jeremy has a difficult manner for the workplace.,2.402217370645001,Jeremy's demeanor is perfect for the workplace.,2.613671059940239
Fran's yard is now overrun with bugs.,2.713798444951137,Fran suffered a fatal heart attack as she arranged flowers.,2.998388918090785
Our team was ashamed of their performance.,2.26140345310388,Our team felt gratified.,2.1268898525870554
She dropped out of college.,2.0989113369289485,Kelly graduated with good grades.,2.1641667572967247
Sophie cried.,1.8439155122563753,Sophie laughed in her face.,1.9736102994218674
Kelly hoped that she would get a call soon.,2.317397829033311,Kelly hoped that she wouldn't get a phone call.,2.4649258836640127
They decided to play baseball there.,2.7215900856878275,They left and went to school.,2.43889123074386
Mia won a jackpot!,2.1224875067489593,Mia lost even more money.,2.1471174081292945
She is happy with her selection.,2.8640889414865347,She donates the boots to the thrift store.,2.6909618036027285
Andrew was disappointed he found the ring.,2.7425550658851963,Andrew was so relieved.,2.837470982717215
He hated his decision and himself.,2.368297864297584,He learned that honesty pays.,2.191555663581381
That's why I take two of them every day.,2.637911363945303,I decided to only take one long warm shower per week.,2.7734383895404924
Barry also bought a hot dog.,1.7978368711675712,Barry decided to leave the game.,1.7170724747390624
We put out more red wine bowls after the results we saw.,2.735618057916892,We could even see the trap working.,2.7655405194009575
They adopted the cat.,2.3327507293196983,They left the shelter without an animal.,2.5319652933104746
They all went back home.,2.433234689965088,The crowd made many people late to class.,2.4559239491002813
Azalea was very cool.,2.4438178393006673,I won't be going back to another concert.,2.2602479351243923
Eric then gave up working out.,2.54176533453239,Eric stopped being anorexic.,2.475850791037335
"After she finished studying, Sally collected firewood.",2.2603501007402977,"Sally did well, and her parents agreed to take her to Hawaii.",2.120721299993075
We did not make any money.,2.880917716246379,We made a lot of money for our needs.,2.6612925307467705
My house is now full of flashlights I don't know what to do with.,2.1779440136177013,I hate my smartphone.,2.505696609873379
Terry was forty five years old.,2.4981949557013765,Terry was still disappointed.,2.4249175799398683
The Parker family was frustrated.,2.1658319560764636,The Parker family soon moved into their new home.,1.8677633620338674
Tom began to laugh.,2.982451932017568,Tom began to worry.,2.917700804761592
Kelly was relieved that the battery was still good.,2.3693962480386253,Kelly reluctantly paid for a new battery.,2.2901900827540267
"After he left the hospital, Joe went surfing.",2.7033134854411833,Joe was in terrible pain.,2.7795001297515323
He felt like his mouth was on fire.,2.7316421196181255,Neil loved eating bread.,2.610290127403742
When I got home I went right to bed.,2.0822777084767528,The teacher was happy I slept in detention.,1.8596070829724143
Amanda enjoys learning about nature.,1.3691578852080162,Amanda finds nature boring.,1.5076965636149793
Terry hope to improve.,2.203835200125566,Terry has given up swimming.,1.7995154158063902
Kaylee and James were married in the fall.,1.8089390250287312,James was sad about the proposal.,2.2040135876332445
She turned down the job when the manager offered it to her.,2.312701783646544,The next day she got a call and was offered the job.,2.14565496098048
"Someday, she told herself, she would get a full-body massage.",2.289840881829538,She felt magnificently relaxed and contented afterwards.,2.4528249420280663
Bob was even more happy than before.,2.09486942381696,"Bob was still happy, but less excited.",2.2326154288508526
We were all very upset.,2.673542801166156,It was the best meal we ever had.,2.5370651935914657
The children threw the money in the street.,3.043205927221666,The children excitedly bought ice cream cones.,3.086561261013551
We boarded a flight to the beach.,2.092196975176172,We decided to keep driving past the airport to the beach.,2.2029369653110877
Susan left feeling very angry.,2.732799970010641,Susan took good care of them.,2.534229457933198
The television show had hooked me in.,2.407095391795255,I hated the television show.,2.6167319884509084
Howard was happy to have had such a good day.,2.342361888158055,Howard sat and cried the whole time.,2.5520560404557475
Trent charged two pitchers of sangria to his parent's room.,2.1869480364484666,Trent was careless and caused a huge fire.,1.931273059141787
"He told the police, who said they weren't likely to find it.",2.6391049165370895,Things had turned out just as he'd hoped.,2.533076529321405
They loved the new look that Tommy chose.,2.589811257785816,They made Tommy shave his head.,2.595803792425101
Cameron came by and helped Robbie shovel.,2.5118795336690796,Cameron went to the movies and watched Ghostbusters.,2.8970076192543237
Ronald put on his shoes and laced them up.,2.3231593134436808,Ronald went to look for more laces.,2.4012738804055456
Sara had a baby boy.,2.1454548869285484,Sara took a nap.,2.3470800020089855
My uncle hates the beach.,3.021277745371659,My uncle enjoys his hobby.,2.935074934112545
I do not have a sister.,2.773182075262509,We had a great time!,2.6602332053496998
Alice felt her friends were slightly thoughtless.,2.230354501549223,Alice felt her friends were very thoughtful.,2.148475446920964
I adopted the puppy for my daughter.,2.119327960218098,I decided to buy her a candy bar instead.,2.450183367427542
Zeke then happily moved to America.,2.241399886570708,Zeke lived out his life very happy.,2.4735144291310185
The navy got back to her promptly.,2.3029686114979393,And the US army got back to her.,2.3335723327536546
Gina had a great day.,2.7387379710725575,Gina felt very lonely.,2.698353598832143
I vowed to never get on a plane again.,1.8768682855766823,I am no longer afraid of planes.,1.8367181125949315
He threw the box in the closet.,2.546336790150007,And he opened it as soon as it got there.,2.527521674259271
Neil felt very happy and satisfied that he'd been able to visit.,2.701446720187027,"Neil spent all his money too quickly, and never saw art again.",2.631518048047612
Jessica was very happy.,1.9964653892870812,Jessica was very angry with her dad.,2.0114349886112945
Sandy threw her bed away.,1.952559010017272,Sandy sold Jim her old bed.,1.869008803607814
I loved all of my professors.,2.28645291493316,Teaching myself helped me get ahead of other students.,2.1091360703168567
He said hello and they began talking.,2.7617699162625255,He dived into the cool water.,2.825911808997325
Neil was fascinated by the scale and beauty of the pyramids.,2.5729765208122726,Neil couldn't wait to get back to the hotel so he could watch TV.,2.839440042149719
Jen put more bleach in her hair.,2.4472350169317276,Jen's mother fixed Jen's discolored hair.,2.485080514253686
Doug looked out the window and saw a blanket of white snow.,2.3097437653656634,Doug found no snow and was instantly thrilled.,2.2484980968868666
Joe was late for work.,2.6096676151936506,Joe went back to sleep.,2.5089987125450506
The police didn't question her.,2.909106245040091,She hired a defense attorney.,2.9834441831435745
We bought a chihuahua.,2.192565778625071,We bought the kitten.,2.0317380856785925
His sister congratulated him.,2.8923639789642275,He was sad for the rest of the day.,3.028255936387908
Finally they decided on an apartment.,1.7559890565999974,They broke up after.,2.363796605588492
Greta was happy that nobody showed up.,2.4140632984210986,"Greta was very sad, but her parents cheered her up.",2.412259161049644
The festivities went on without a hitch.,2.8571460530876998,All the guests were covered in snow.,2.8793708769559716
Amy did not like Christmas at all.,2.450458620150483,"On Christmas, Amy got exactly what she hoped to get.",2.22680327538433
Anna doesn't like vegetables.,2.548335762469732,She had a bountiful harvest.,2.251753049446857
Hannah loved her fingers.,2.0086857662169084,Hannah gave up the piano.,1.9426602382290115
Keira was so proud of her new boyfriend.,2.749557078696004,Keira cannot stay with this abusive man.,2.885985009139484
The shepherd then went back to his house.,1.7871885574081174,The shepherd then released the sheep.,1.618102400285614
He asked the lady from bingo to go to dinner with him.,2.328845415477389,He decided to never date again.,2.492648530124241
She loved playing golf.,2.9727095497873544,She couldn't believe how windy it was.,2.6525574372753247
I didn't win.,2.6670059588103836,I was disappointed when I won.,2.663951138667717
Amy then failed the test because she did not prepare.,2.8745348730755618,Her song helped her and she then did well.,2.8469087309865504
I ended up leaving early because I was sick.,2.515155655307223,I had a great first day of work.,2.411419124599456
They had a good time together.,2.488403531382347,But they didn't have any fun.,2.6906922146675023
Kay had to put some of her things in storage.,1.8403599743270591,Kay had to go buy more things.,1.9829119892520102
The girls were thoroughly embarrassed.,2.84856687762267,The girls had a great time.,2.831529846537417
Vinny kept walking.,2.7359508269622084,Vinny got his picture taken with him.,2.702988822080153
My birthday was the best day ever.,2.62610059833655,A lifeguard jumped in and pulled me out of the deep end.,2.149502358146404
The Smith's cat meowed at the front door.,2.90802563809743,"The Smiths all cheered, and rushed to hug their cat.",2.83398611292105
Flora felt forlorn because she never got to see Europe.,2.2642799416173567,Flora visited her parents every Summer to tell them her stories.,2.235127664522165
Joyce threw the fruit away.,2.478464331687832,Joyce was happy with the new fragrance.,2.6354572419081204
Ted felt very dry.,1.6877300037013994,Ted almost drowned but was saved by his friends.,1.47716682994134
We decided to leave without visiting the exhibit.,2.3953809618767252,We were gratified.,2.6220863551010125
They feel foolish for having done so.,2.7184468612712585,They save the world.,2.4883984702561346
Yvonne was proud of herself.,2.439043392098431,Yvonne felt defeated.,2.4420303013907354
She then drank her hot chocolate.,1.7668288169536854,"When she finished the preparation, she consumed the yummy drink.",1.7221103193309646
Maureen said girls didn't belong in science professions.,2.224227949772457,Now Maureen shares her passion for Biology with students.,1.9291480170094184
Cornelia chopped the  table  up  for  firewood.,2.15488997289847,Cornelia  uses it as a nightstand in her room.,2.241352954072296
Jim gave Bo a massage.,2.6170307376752127,Jim won the race in his Corvette.,2.27335088687779
He laughed and asked for a re-match.,2.5703737345571147,He was so angry he never spoke to her again.,2.5975761586696127
He is an awful chef.,2.4502132253644437,He is a fantastic chef.,2.4122592699105807
The little sister was given a cookie for her behavior.,2.6226330735133296,The little sister got punished with a timeout.,2.5899467811257377
Eventually I found some trail markers.,2.2995526261503896,I decided to stay lost.,2.2478653314003796
Jim sold the ring for 1000 dollars.,2.406354243607774,Jim threw the ring away.,2.491028929518807
They both felt great after eating the pies.,2.516842319930748,Kyle and Ted got so sick that they both lost.,2.6204349551477986
Bob said he felt bloated from drinking too much water.,2.7306777406819576,Bob's friends quickly brought him some water to hydrate him.,2.652938410386741
The children all went to bed without any dinner.,2.7959905833555556,Kathy took them to the store again right away.,2.4171594301867536
Luckily my friends found me.,2.775822394190466,I nearly died of frostbite.,2.5784944965721204
Laura was pleased to show people her art.,2.2646107771465864,Laura never painted again.,2.4755565701664035
He won his first fight by knockout.,2.0922824573408336,His wrestling matches were very exciting.,2.0708762136635404
We vowed never to return to the Great Wolf Lodge.,2.9647109305937516,We all had a good time.,2.778267083835597
The tall gentleman asked Tom for a glass of water.,2.755318072978259,Tom asked him what the problem was.,2.593018475431098
Allie was able to lose the 10 pounds and have the skin removal.,1.9012848630156036,Allie gained all the weight back she had lost.,2.0144981713038668
Jenny continued to drive straight.,1.5284930081658554,Jenny narrowly avoided a car accident.,1.7500714406167892
Elle hated driving.,2.1116447280058073,Elle was very responsible.,2.1990821462169263
He told Jay the repair would cost nine thousand dollars.,2.470851277711431,The mechanic told Jay that was only a minor repair.,2.3863631586509833
Don laughs at the experience.,2.4244536964302914,Don never forgave his friend.,2.457094623845379
The neighbor had my dog.,2.562877452651499,I gave my dog to the neighbor.,2.6518651313801733
I don't love him.,2.87264492241699,Eventually we had children.,2.7852471904367726
Cindy went and ran cold water over her hands.,2.140196436689761,Cindy continued holding the soup.,2.1048583684378004
She works hard on perfecting her routine on the parallel bars.,1.8186736837457502,"From then on, she swims the backstroke constantly.",1.3250251308061478
I hate bistro style dining.,2.7395752981067045,I had a wonderful time!,2.4952635826670826
The dog happily ate the salad.,2.8695638205051885,Jess decided to make egg salad.,2.721245233477089
Robbie and I dressed up for the occasion.,2.6265946783258354,Robbie and I wore shorts to the restaurant.,2.737780991649775
Lonnie did not to camp out.,2.9901268549459568,After the initial noises Lonnie settled in for the night.,2.905029749751959
Bob made it to work on time.,2.3119003662275057,Bob decided to go to the beach.,2.4777333810901245
Ava was able to fly without spending any money on her ticket.,2.359561093315932,Ava took the bus across the country for her trip.,2.401487269505025
Sharon went out and gambled all her pension money.,2.5450109775739715,Sharon is now looking forward to a new chapter in her life.,2.5774123859764
Nita was so happy she finally beat her dad at rummy.,2.463688119413453,Nita hated playing rummy.,2.547981081187903
Tina has a baby blanket.,2.685214026421852,Tina took second place in the competition.,2.47010026943272
Neil thought the builder hadn't put in much effort.,3.0376497809057703,Neil was glad he had seen the taj Mahal.,2.7371858560822995
Mark and Frank apologized profusely.,2.1988293934607253,Mark and Frank hit her again.,2.031431409584777
They all hung out at the lake that afternoon.,2.990587004546774,They all hung out without him and he felt excluded.,2.960150177727913
He shared it with a cute girl he met.,2.380739368771027,Vince threw the yogurt away.,1.7611382080744544
Buck was angry that the woman would say something like that.,2.632352036941512,Buck was glad that the woman helped him.,2.529253917606414
Josh poured the rest of the syrup over his pancakes.,2.945657013789116,Josh doesn't like bees so much any more.,2.6146725467011294
We decided to go to the zoo.,3.16021168781529,We were happy to win a small amount of money from the tickets.,2.9377030002395466
She said yes.,2.7494882153295777,Fred told the barista to leave him alone.,2.5383526742275624
Jenny bought the cookies.,2.034133240801336,Jenny found the gum she wanted at the front of the store.,2.086217777310947
Bob never talked to Jenny again.,1.816784185822856,Bob kissed Jenny good night.,1.5745601198091217
"Afterwards, I washed my truck in the driveway.",1.9408496723682749,My truck looked so shiny afterwards.,2.0858663970546214
He couldn't wait to vote for him.,2.3721924244378525,He was a staunch republican.,2.487836582666611
Josh refused to take the money and quit the job.,1.836589155392081,Josh used the bonus to repair his broken car.,1.5845292708361125
"Now, Ethan wanted to make and upload even more Youtube videos.",2.141408993914244,Ethan decided to never make Youtube videos again.,2.3518522894693192
They decided to wait for her.,2.631025803274964,Gina hated the library.,2.646769168396163
The man marveled at the bike's new engineering.,1.9061504115525947,The man was very annoyed.,2.4547258965091068
Jaime then told him that they were through.,2.5094009562199147,Jaime then walked up to him and gave him a hug.,2.516861990001484
Billy felt brave.,2.3206113031402307,Billy demonstrated cowardice.,2.423888775517364
Ana loved the earrings.,1.8458160539365536,Ana had no children.,2.1555738474795727
Sally's mom threw the roses away after dinner.,2.2127259665986463,Sally's mom appreciated the effort.,2.301977897561828
They pinned a medal on my chest.,2.573522667934943,I was so ashamed I never stole again.,2.4144365335091935
Matt scored a touchdown at the last minute.,2.533017079334365,The next pitch he hit a homerun.,2.4649456321478707
She took the car for a drive and thanked her parents.,2.488974683057817,She got angry with her parents and ran away from home.,2.550975218644791
Toby told me that he doesn't like my cat.,2.4311225106130294,My family all loved Toby.,2.3492190003840974
It was some of the best bread he has had.,2.076373947876925,Tony loved the pizza.,2.044652286428134
Selena made sure the person was arrested.,2.7259898963745566,Selena went out shopping.,2.8952221702596694
The mother ignored the child.,3.193725481407042,The mother comforted the child.,3.0687598985098656
He turned on the radio to try and drown out the noise.,2.642653557212744,"While he was sleeping, the bee stung him.",2.6853012392843785
We had a good time.,2.2737104222639393,We all decided to go to Vegas.,2.515429148498136
Jen loved her neighbors.,2.2704254209954944,Jen had the cops show up at her front door.,2.221639785283298
Logan and Maria were proud of the film.,2.2464530829815157,Logan and Maria were ashamed of the film.,2.4217704963414795
The old man told Sam to go home.,2.762061258310794,"Sam learned from the old man's advice, and got the job.",2.665112027031217
They went to the animal shelter and picked out a cute puppy.,2.3905420279691856,They went to the pet store and bought a bird.,2.540885362011839
She loved the lights.,2.685983733736292,Sara loved the Fourth of July.,2.7321653985573358
Robert studied hard and came in first place at the contest.,2.260743792383759,Robert stopped trying and lost the contest on purpose.,2.4279547764805653
He called road assistance promptly.,2.8769583294610714,He told his friends he was going to be on time.,3.0280678833055124
Samantha loves the apple cider she gets at the orchard.,2.147162954524356,Samantha hates autumn.,2.447609497043904
John was relieved to have an extra day to study.,2.6041177070236783,John was angry because it was snowing.,2.5242946303036797
He arrested them.,2.6080605834672763,He let them go free.,2.734923881892049
Josie loved spiders.,2.211756029344735,Josie hated spiders.,2.255986635498818
The police never found the owner so they gave it to Nick.,2.5861208731966356,Nick then kept the wallet.,2.4141417073168068
It was the best vacation Ken had ever taken.,2.3223495229173814,He was scared of the water.,2.3248201080751763
Anne decided she hated flowers.,2.5031428860491927,Anne was very sad.,2.5963517419722555
Brain enjoyed eating the vegetable.,2.1181669319956296,Brain was happy that they tasted so good.,2.1800612712546195
James drove home with the car window open.,2.705602526534455,James drove home to get change into dry clothes.,2.510040462268375
Gina's smile broke into a laugh but the principal didn't notice.,2.4505041277300923,Gina always chose bananas over oatmeal.,2.7941704104454637
"Cole thought about the incident every day afterwards,",1.7817985628146642,Cole never got coal again.,1.902394723653083
Mike went to France.,2.2685737063546845,Mike took a trip to Hawaii.,2.223147687671679
The popcorn had burned because she left it in too long.,2.3986575586143495,The popcorn was prepared to perfection.,2.566145348328132
She had a horrible birthday.,2.6112154513038175,We had our first swingers experience that night.,2.3562473753593167
The boy punched her in the face.,2.8131608575797165,The boy watched her cats for her.,2.50180327663642
They apologized and gave us another pizza.,2.4348172620224413,We ordered from another store.,2.7853290448549872
Bob wished the car was the original color.,2.580149178968688,Bob loved the new color he chose.,2.597131841569351
It was easy work.,3.0079950258075523,It was hard work.,2.9362960207523567
He was disappointed.,2.855166921380241,He was pleased.,2.894995640395498
He was proud of himself.,2.7434437063393173,He was ashamed of himself.,2.8919894798345274
"Pretty soon, he was up to speed and feeling much more confident.",2.751861131700543,His professors reassured him that medical school was no picnic.,2.5056004710768605
Harold decided to throw the package away.,2.633736981138485,Harold found the address was correct but the city was not.,2.509956940059075
Amy loved bright colors.,1.9749133504987508,Amy hated bright colors.,2.0732471471985683
David didn't have that much fun and became more nervous.,2.1193595271283003,David decided that he enjoys boats afterall.,1.866984633269253
I didn't get any homework done.,2.5687615984008407,I got up and ran a marathon.,2.5907527874483467
She stayed outside until the sun went down.,2.3300015236586713,She couldn't wait to be back in the house.,2.596573059555399
I got a sunburn.,2.427343089186772,I was very pale when I got home.,2.5827015801918503
Jane was untalented.,1.6276247926249976,Jane had a natural talent.,1.441063091764402
Tim decided to order out.,2.7114796198634687,Tim decided to never eat noodles again.,2.433508397473106
Betty was shy.,1.6829032239703112,Betty loved to share her opinions.,1.8161374358727782
Bella's friends were very frightened by her story.,2.7482720697360534,Bella remained silent and skipped her turn.,3.0496933803223976
Jasper is happy.,2.410493651777588,Jasper is disappointed.,2.369871041916706
Jane was very bad at Bob.,1.8590842182832317,Jane was very thankful of Bob's generosity.,2.023107749138259
Amy thought the airline had a great sense of humor.,2.2140616486838387,Amy was distraught.,2.288378314349264
Now Paige smokes every day.,1.8624881032674703,Now Paige is smoke-free and happy.,1.9567858621011713
So Gina suffered from stomachaches.,2.578272904166357,Gina got dehydrated.,2.5839300105237335
Ray ran crying as everyone laughed and pointed.,1.990860138294718,All his friends were jealous of his new physique.,2.2199383679818028
Cristin enjoyed seeing her favorite band that night.,2.0732183558902912,Cristin decided not to go to the festival next year.,2.202464773349342
Larry wasn't happy to see his Aunt.,2.1727910728524935,Larry started making regular trips to see his Aunt.,2.130982659543262
Amy picked a Pepsi to drink.,2.2063741803404966,Amy decided to buy water.,2.3937269788934143
Reba thought she was doing the right thing.,2.4646506517349938,Reba was just like her dad.,2.4456622997880784
The family started to help.,2.4655277548257457,The family agreed to sell their house.,2.5683962659273742
Jeb finally got a date after months of looking.,2.5965041902563564,Jeb got the date but never ate peppermints again.,2.358579369276289
Billy wasn't thinking about frogs.,2.4238547750645174,Billy started reading his book out loud to the frog.,2.260108761109113
I bought the pen.,1.5432854998218974,I didn't buy the pen.,1.6702856046885493
She then went swimming at the beach.,2.5801012044205414,She felt it was meant to be.,2.585847661466841
Jay went home happy that he decided to go to the festival.,2.1425672814361283,Jay wished he had ate more buffalo wings.,1.879075014757162
They agreed to lower the volume.,2.719796354865088,They told me that they hadn't seen my cat.,2.961022020180214
Robert starts to feel better after playing with puppies.,2.0592022660939677,Robert decided he wanted a pet cat.,2.197209198545734
Lulu planted fruit and vegetable trees on her property.,2.651282516231909,Lulu paid twenty five cents for a full bucket of candy.,2.5793701433723446
Teresa was sad and begged for attention.,2.1813974237315,Teresa was so happy.,2.216884810431456
I yelled at my roommate for being disgusting.,2.8888076788607293,My roommate was very pleasant to live with.,3.008194767526459
Then we had a relaxing evening covering on the couch.,2.6294821581049104,The day was very stressful.,2.762029961824972
Then Keri took the child for  a  walk  to tire her out.,2.3596815128938693,Keri convinced the waiter that he had overcharged  her.,2.465147092991183
Kim loved everything she bought.,2.352564674945389,Kim put her things down and decided to go to a movie instead.,2.273452091164828
The next year he didn't dress up at all.,2.772507787208089,He was the most loved man in the neighborhood.,2.756602345336851
Ben was annoyed that Tom had tricked him.,2.1141077819315517,Ben saw Tom and ran for his life.,2.1517684574741636
Barry was delighted with the new alley.,1.738351778753548,Barry threw his bowling ball into the pool.,1.7370570951687354
The family had a good day.,2.783789000448444,The family had a horrible day.,2.903060595558725
They both had a good time at the concert.,2.2730790011711335,Brad decided to go to a rock concert instead.,2.262386107143021
"After graduation, she was offered a job at NBC News.",2.391925341379906,"After graduation, she realized she hated the News.",2.4416277008426883
They took their clothes off to sunbathe.,2.9168374710231455,They went inside to roast marshmallows.,2.910946165108571
I decided tight jeans were a good idea always.,2.516873587055021,I almost cracked my phone.,2.244128624777619
"If Garry doesn't improve his grades, he will be off the team.",1.4417409026214039,Garry and his coach agreed that Nike makes good sneakers.,1.7860225100200189
She broke up with Evan.,2.7371359454961106,Evan was pleased.,2.8213097067481443
John felt humbled.,2.76033803525147,John felt proud.,2.7919677392064575
Ava was a neglectful mother.,2.415589372840473,Ava took good care of her son.,2.3818240184915904
Harry and his friends had a great time at the lake.,2.3122624070890607,Harry had always hated the water.,2.5925922877046794
Danny hated girls.,2.4145670229213225,Danny did a great job.,2.2064783784172244
Meghan hoped she would be promoted.,2.164304419263838,Meghan decided to quit her job.,2.207401005824463
Core's parents hurt their feet on the glass.,2.5066141934809663,They decided to congratulate Core.,2.980985560045122
Bob worked hard and then finally solved the puzzle.,2.371649462567768,Bob then gave up on the video game.,2.594575816029223
Suzie's relationship with her grandmother remained complicated.,2.5335771527222093,"Suzie tasted the sauce, and it was just right.",2.2484973020045604
I found a perfect pair of shoes and bought them.,2.0587176328955703,I purchased a taco at the food court.,2.221565039957147
She hoped the ticket was a winner.,2.5327037945087465,Before she finished she decided it was a waste of time.,2.478320071269329
Annie's family was glad about the outcome.,2.30279415638673,Annie's family was sad.,2.3237915540779683
I felt less lonely.,2.4130032616716024,I felt more lonely.,2.3731489084321873
He turned around to choose another route.,2.501935745846612,Larry laughed with joy as he drove over the bridge.,2.2589995587391662
Jeff loves visiting with the in-laws.,2.7476501552200654,Jeff hates spending time with his in-laws.,2.6517373611738444
The cat ended up a filthy mess.,2.0331069851350607,The cat ended up squeaky clean.,2.169537071641003
I was happy we found a new favorite restaurant.,2.570582676187218,I told the manager I wanted to file a complaint.,2.806057472913718
Ben's hand felt great.,2.91805690357547,Ben's hand was sore and he had to pull out all of the needles.,2.8703049103043967
Nate had a hard time working up the energy to confront him.,2.768375540427213,Nate laughed with his friends about his dog's behavior.,2.942424342533808
He proposed to Elena after six months.,2.7156515631772553,He brought a full-sized woman to his company's holiday party.,2.7222002440344695
Jay thought her nephew was ugly.,2.204408760267829,Jay immediately knew her fears were unfounded.,2.2630873034666408
Darla turned on her television and began to watch a movie.,1.667221369188102,Darla smashed her television with a rake.,1.7561737172287575
Lilly's finger had to be amputated.,2.679049501864485,The prick got infected and she had to take antibiotics.,2.858802277595725
Jimmy's mother started to get better.,2.007298859907076,Jimmy hated his mother.,2.1758397892292876
She sat on the curb and watched the bus drive past her.,2.782271164829317,She went to school and suffered through the pain.,2.6813050696015783
The plane took off and Karmen relaxed.,2.2603449312609105,Karmen immediately exited the plane.,2.2786870427948362
Sandy decided to go outside and make a snowman.,2.24063042778233,Sandy was prepared.,2.2553776801100502
Quentin ended up enjoying the party.,2.6624754338782295,Quentin loved all being their with all the people.,2.7802227315494203
I was happy about how easy it was to place the order.,3.3904341167865013,Finally the sale went through.,3.345522753302753
Dan's grandmother was already dressed as the Devil.,2.1818185696071466,Dan made his own Devil costume.,2.2767023483678948
Eventually the horned toad died from starvation.,2.769249100156363,"After several weeks, the horned toad was very fat.",2.7505929552988198
She loved eating bananas.,2.4497670143282395,I never heard from her again.,2.0543667139901456
Both were arrested.,3.0850943669116893,Her friend ended up buying the candy for her.,2.7251772634151803
Don was glad he wasn't nervous at work.,2.8485729639054,Don knew he would have to improve.,3.001011199677939
Dal made a bad decision.,2.9303638024526375,Dal made a smart decision.,2.9169324730250548
Alice felt good after the photographer complemented her.,2.5169894114459934,Alice frowned during her picture.,2.6598313185331612
Nila did not care for her mother.,1.5209436885160779,Nila loved her mom.,1.3804251935789402
The boy suffered through his childhood.,2.798454158540703,The boy had a very happy childhood.,2.790720844104543
Jessica wondered if that they had gotten up too early.,2.6309515312229523,Each of her brothers opened their Christmas presents.,2.6343946517624346
Jan threw away the books.,2.5125941747442146,Jan brought the books back.,2.5344152460438663
We couldn't believe our luck.,2.5997303309216893,All three of us were very disappointed.,2.416346920055444
Jeff would finally get peace and quiet.,1.9217802879540964,Jeff was going to miss that dog.,1.7395293156881693
Holly yelled at her brother to get back at him.,2.569139354147813,Holly gave her brother money as compensation.,2.589335953797645
I decided to permanently get rid of the nightlight.,2.5765941157492764,I never made fun of my wife and her nightlight again.,2.4853079811264474
"However, she discovered Alaska was a lot of fun.",2.4652628684046918,However the experience was no fun without her friends.,2.474440771213786
I really enjoyed meeting some new boys.,2.6442563129375602,"All in all, it was a great day hiking.",2.8598771062687613
It was the best movie I had seen in a long time.,2.4384122226255887,I took a shower and went to work.,2.6458387718174534
Her friends applauded her poem.,2.432738283195758,Paula tore up her poem.,2.4546351314426147
I knew someone had stolen it.,2.8534770247047065,I knew someone would soon return the phone.,2.6381196846642108
Iris had a lot of fun at her party.,2.230224047275425,Iris decided never to have cake again.,2.467106817100225
They liked the new bikini though.,2.3523474907116833,Tina's friends knew how unpredictable she was.,2.407201475065212
Ted said he didn't want to be a homeowner anymore.,2.152444449637724,Ted was grateful to his father for the help.,2.177776325702931
She was proud of herself.,2.797528803828289,She fled in terror.,2.9233209785283663
Years later both couples got married.,2.549784662689986,They decided not to see each other any more.,2.6233626263625047
Marco is glad that he made a good impression.,2.3891476119492285,Marco is horrified by the reaction of his boss.,2.4831659822629795
Tim vowed never to get on another plane again.,2.2315473129200023,Tim started traveling a lot of places by airplane.,2.0131044114282277
Lucy aced the test.,2.315775119309371,Lucy failed the test because she had not studied.,2.2562322318553005
Fred told his friends he was taking a break from mystery novels.,2.837735333897251,Fred started a mystery novel book club for his friends.,2.778140419429033
Tia was disappointed.,2.7139401364439344,Tia was relieved.,2.675328162596512
They vowed never to return.,2.9089663067243636,They went back the next day.,2.623461245761182
Sam laughed and ran away.,2.982025111843937,Jeb was excited to build a new one.,2.707239868312122
Jeff had a fun time.,2.249536095201956,Jeff was bored and upset.,2.208764738260505
Dani was not surprised by the events that day.,2.6298267270773232,Dani got to know her father much better.,2.418536530959325
Ella looked great and got a lot of compliments.,2.6401111903017194,Ella spent the next day in the rain.,2.4220990335416337
He was mauled by a lion.,3.0169429936676897,Neil composed a photo album when he got home.,2.769644223673707
So she decided to throw it in the garbage.,2.553086264646026,She shared the recipe and the pie with all her friends.,2.3136648742810286
Then he bought his candy.,2.603852176596663,He bought some soda with it.,2.6457293974084393
Anna was disappointed.,2.679057818996031,The party went great.,2.6711881881820982
I shot the winning basket that won the game for our team.,2.4293416197999544,I walked off the court and never looked back.,2.7604618808626142
Dirk was embarrassed.,2.612371793048922,Dirk liked how it sounded.,2.5051525686845584
I returned my phone.,2.1435768957943178,I felt foolish.,2.4325739556298025
I am happy they weren't too expensive.,2.6253994985728912,I plan to cut them into strips.,2.7527157569142586
Chase bought himself a new toy.,2.582418909092869,Chase ran away from home.,2.827332872804866
Renee decided she would have to get used to it.,2.517998041363988,Renee was glad she decided to learn to play drums.,2.328261689179209
Bill's neighbors sued him for making them poor.,2.3749696884921674,They baked Bill some bread in appreciation for all the fish.,2.385883891092211
We ended up having a fun time after all.,2.7112494652931707,We were happy to not have Internet and to drink.,2.7593189137854726
Tim decided he didn't like music.,1.9966300337376608,Tim became a professional musician.,1.6789582910899927
They gave him a flea medication and it cleared up.,1.8208119213315979,Alex decided not to give the cat the medication prescribed.,2.0684189796617587
Haley felt like she had been betrayed.,2.8598605305070994,Haley felt she had been supported admirably.,2.9409144404330854
Sam became a party planner.,2.2469861980579187,Sam had a terrible hangover the next day.,2.4311930252602227
But everything was okay as soon as they hugged and ate dinner.,2.772639202956125,"Tom decided to take a trip to the casino, he ignored his family.",2.8408570616648756
They didn't need a stove anymore.,2.5383595088306508,They decided to buy the Viking stove.,2.44011929515665
The teacher caught her and gave her detention.,2.7299705932461227,The teacher caught her and praised her ingenuity.,2.779992833729189
Sam felt quite hopeful.,2.754731660524973,Sam felt very depressed.,2.694176940450146
Darren turned off the computer.,2.7441111042086828,There were no keys in his pockets.,2.5920017290215593
I bought a bow tie instead.,2.929833933376431,I bought all of them.,2.894849197533434
Harry then quit his hockey team.,2.073919805797189,"A few days later, Harry heard that he made the team.",2.074669069956881
Sue's mom took her to pet the goat instead.,2.5940936069378746,Sue continued to ride the elephant.,2.5888128381140083
Her parents insisted that her grandmother did most of the sewing.,2.55766940881021,Her parents were very proud.,2.4111284124896213
Jim decided to do a handstand.,2.194445564887754,Jim was hurt and had to call 911.,2.079758612726041
I find doing laundry relaxing.,1.7894621225517628,I threw out all my old socks and bought all plain white socks.,1.6559378425294706
James decided to become a chef when he grows up.,2.1526287318664488,James never cooked again.,2.3060262005650896
Lee's mom was proud of her daughter for being so thoughtful.,2.433327148884589,Lee's mom threw the gloves at Lee and left the room.,2.374909054103776
Jennifer thanked her boss for his fairness.,2.5157228198028565,Jennifer stormed into his office and straightened her boss out.,2.4861441399936264
Lorraine was thrilled!,2.3762817972651145,Lorraine was really sad.,2.2658983391412133
Tammy never spoke to Abby again.,2.519730875689438,They decided to keep the bracelets for themselves.,2.4284689909471373
Sal tossed his pillow out the window.,2.7577795694858684,The beautiful view made him change his mind.,2.76757725188121
Lydia wished the dream were real.,2.3079125860682463,Lydia felt relieved when she realized it was just a dream.,2.2985413793552736
Alex bought a yacht.,2.673049510341406,She bought the groceries.,2.279805905185809
Katie was the happiest she had ever been.,2.4737957531434933,Katie regretted forcing Yolanda to go on the ride.,1.9853478765378572
Tammy was sad that she didn't have a present to give.,2.3973679024313714,Lorelei treasured that blanket for years.,2.4475053867886185
Melinda thought the movie was hilarious.,1.9335234739881446,Melinda wished that she had brought someone.,2.045489451011246
They decided it was ok to let her work as a secretary.,2.504890060810825,She had a perfect driving record.,2.452791970008917
Lela then finished treatment and felt better.,2.35368996376664,Lela then got over her flu.,2.300971441679946
Joyce abandoned her kids shortly after.,1.8737454758488712,Joyce loved her children just as much.,1.890191529291445
"He noticed the cow in a neighbor's field, ignored it, and left.",2.6360265397552163,He found the cow and brought it back.,2.5217944802048926
John won the race.,2.361427026499397,John pulled over to buy a Mustang.,2.298556818044178
Ben was pleased.,2.404651434551533,Ben backed out of the costume contest.,2.1875173852703664
I told my mom to keep using my credit card.,2.238897347018508,I was angry at my mom for running up my credit card.,2.283138851498778
The therapist taught her ways to cope with her problem.,2.246058326971262,The therapist told her she was strange.,2.118136540144683
Ellen was disappointed to find out she was having a boy.,2.4163979453388285,Her doctor confirmed it was a boy!,2.2451138762005582
Zoey was happy that everyone liked her name now.,1.6248670378912053,Zoey had her name changed when she turned 18.,1.653504337658048
Miranda went back the way she came to retrace her steps.,2.4515634369544044,Miranda was happy about her proud moment.,2.539827875073702
Bob gained 50 pounds.,2.106567117824283,Bob got in shape.,1.9561656315785725
Lonnie finally decided to go into education.,2.0392673569289403,Lonnie threw the list away.,2.4930369604522022
Phil was thirsty and accepted the drink.,3.016165478120306,Phil was angry at his friends.,3.0574902817691214
Dorothy made sure to buy lots of cat food.,2.315205992059082,Dorothy went to the pet store and bought a new hamster.,2.4110232940413487
Jeremy had to move back in with his mother.,2.4022897692983496,Jeremy enjoyed being more responsible.,2.642118664819804
Terry hated cleaning up.,2.5250725263215545,Everyone felt better that it was cleaner.,2.5998382373085525
Then I walked over to my neighbor's house to borrow some soap.,1.968483426635199,Then I stepped into the hot shower.,1.805990382346324
He always enjoyed a nice nap in his hammock.,2.478348562940343,He still ended up having a great workout.,1.9254193004828584
Amber could not find anytime to relax.,2.5057855686687214,They relaxed all day and Amber felt much better.,2.416131379150174
Carl hung out with his best friend when they came home.,2.712241440736789,Carl had to go to therapy for post-traumatic stress disorder.,2.761520040057655
Janice decided she didn't want to learn how to crack walnuts.,2.3674853031158984,Janice is now an expert walnut cracker.,2.4158139480887773
And throughout the season she kept getting better.,2.6410532063203536,She loved being bad at volleyball.,2.5814202580536634
Beth decided she was hearing things.,2.1145558970087563,Beth was deaf.,2.229362318445713
Bob enjoyed using his binoculars.,2.4509855962590947,Bob was able to read the writing on the board.,2.5170599409939345
I drove her to iHop for pancakes and shakes.,2.9988850236060234,"Now, she won't even talk to me.",3.0561132172646612
Our friend ended up home at three am with a girl.,2.5301909763632637,We found out our friend had gone skiing.,2.5531191421848627
Benjamin did not enjoy the park.,2.6161785153841444,Benjamin had fun and then left the park.,2.468198592035864
"After counting the cars, we went back home.",2.4977338578291155,"We then sat down and began to count the cars,",2.4663923181207728
Kelly had a neurological disorder that kept her in a wheelchair.,2.719437198211857,Kelly cleaned up in time and her parents never found out.,2.5275394515632694
James decides to never leave the house again.,2.751884220556497,James is glad he decided to run.,2.6828319154748455
He feels satisfaction.,2.5756884859782487,When he gets out of the shower he shovels his deck.,2.2271217135607912
Matt began to laugh.,2.6243405570808367,Matt was very angry.,2.5506121364223704
Mike had to apologize.,2.743636345949102,Mike and Perry got married.,2.538224684613562
She decided to go to the movies.,2.2395689893709108,She continued to do this until the laundry was done.,1.7072218756108906
"We found our house standing, but in shambles.",2.185109799871055,We decided to go swimming on the beach.,2.1803156016812273
The dentist fixed his tooth.,2.5516107713647647,Tom had so much fun that day.,2.706843716166821
Rufus is relieved to find his briefcase at the bar.,2.530482361733496,He sees his hat hanging on moose antlers behind the bar.,2.6537533074938726
Alexia fell in love with a shaggy dog at the kennel.,2.4501996719072743,Alexia cried because she wanted a cat instead.,2.3677845027738433
Bill started making much better money.,1.7630242402501104,Bill made less money as a computer scientist than he did before.,1.7302997043212192
Jane danced in her bare feet and left her shoes in her purse.,2.2752085217414018,Jane was anxious to start tap school.,2.6460013271979443
Hannah became stiffer over time.,2.4590401839002967,Hannah eventually succeeded.,2.662203344267656
The students cheered because they were free.,2.510208373920133,The kids were mad they had to be outside.,2.7351411534591925
Carla told her daughter she needed to join more clubs.,2.3207917978834294,Ann's mom said her daughter could choose one club if she studied.,2.3063956670760004
Gina was happy of the outcome in the house.,2.678829711713504,Gina was sad and cried.,2.6961284001161476
He went to the sporting goods store to buy bullets.,2.6172445514294775,He carved some sticks to use for makeshift arrows.,2.6222245623435616
Taylor finally decided on the cute little kitten in the corner.,2.5325799216202616,Taylor decided instead to go clothes shopping.,2.539942440791885
Zeke would dress up as a pumpkin.,2.2783696395558857,Zeke dressed up like a skeleton.,2.287707798214549
Marge put a new key on her keychain.,2.6999137385173992,Marge felt a pang of regret about putting in the pool right then.,2.3081974543086177
Rosie waited patiently for Farmer Jones.,2.4118330472738783,Rosie broke free to head to the orchard.,2.4145512966803566
Rick threw the license out of the window.,2.3889816432285857,Rick gave the license to the driver and made the driver happy.,2.4211324990161067
I felt ashamed.,2.513966852980394,I was proud of my willpower.,2.4421471351114086
Sam wanted to get away from his wife as soon as possible.,2.4564953210877727,Sam and his wife had a great time together.,2.333580642868327
The two boys went out to have their adventure without hesitation.,2.3262753792910997,Eric was fast asleep leaving Stan to fend for himself.,1.7591709880868052
Brad's day went very badly.,2.789971662442601,Brad then went home after a nice day.,2.747590348846061
We gave him a bath.,2.429846878868245,When we were finished our puppy was full of mud.,2.526023642630509
Jerry's mother took twenty minutes to find him.,2.936942819087487,Jerry couldn't wait for his next bike trip.,2.7172032811609155
I got on the plane and flew home.,2.8727073313643285,I walked in and saw her.,2.7120801314881846
I decided to fire my new social media manager.,2.77441096622372,I decided to give my new social media manager a raise.,2.801242249463764
Sam's parents were upset they had missed the fun.,2.9696917847897684,Sam was in real trouble.,3.0713282635200825
I had a great time at school.,2.6718798095904104,I hate school.,2.862604785450969
Jeb turned on the microwave.,2.819706654079426,Jeb plugged the television in and it turned on.,2.689317273953857
Matilda then got a letter from her brother.,2.0493841019840304,Matilda was told to not write to them anymore.,2.2248593413333455
Bill carefully added up the column of eight digit numbers.,2.9277635532793007,Bill and Teddy talked loudly about how stuck up pretty girls are.,2.5736549991146713
Nobody seemed to notice what had happened.,2.9517855929318926,We could not see our sheet music.,2.8939057136884916
They decided to go to Vegas instead.,2.2525688424928108,They were both happy.,2.369505763696382
Olivia decided to never go shopping again.,2.3768054274012016,Oliva had a great day shopping.,2.1934739439596846
I hate the thought of moving.,2.3707290682390862,I only hope I get to choose my own bedroom.,2.1998399899914562
Shawn gave up smoking on the spot.,2.733468630946748,Shawn smoked them almost immediately.,2.7000301908767423
Nickie never found the doll.,1.852019789038391,Nickie laughed all night.,2.15427275191386
Bob went out to McDonald's later that evening.,1.9077152772286419,He was excited.,2.261352805536997
Tommy was then badly injured.,2.4588899098041836,Tommy was then treated and felt much better.,2.5213271306829244
Ken made an excuse to leave quickly.,1.9179527102837386,Ken asked him for a second date.,1.5783021321564739
Liz was ashamed of what she had done.,2.571195039279284,Eventually they grew delicious tomatoes.,2.325551768032161
He ate his sandwich.,1.702548602703115,Bill started work on his carpentry project.,2.1870476281675626
Jack decided that he hated the color blue.,2.768907229280252,He finally found it under the bed.,2.6159726375086247
They were impressed with my phone.,2.68484361654046,I was ashamed of my phone.,2.8465970547231856
John had a wonderful evening.,2.6462491209169583,John had a miserable evening.,2.597613855779618
Jenny picked up the sweater.,2.446265889079713,They confirmed Jenny's suspicions.,2.2251442526114853
Emma never painted inside a restaurant again.,1.9473221849458724,Emma was happy to have a new audience for her work.,1.9503626108391463
Tom loved his time at the museum.,2.0016532945873684,Tom told his parents he hated them.,2.4010297946187467
Johnny cries for an hour.,2.186689789039329,Johnny is more careful on the stairs from now on.,2.19590700065351
Mike ate the oatmeal.,2.1128517766697485,Mike was ashamed of what he had done.,2.4532081501133236
I was very happy that I had been building wooden bird houses.,2.8902553091910654,I went to the hospital to fix my finger that I had broken.,3.013835509647485
Josh then decided to watch anime by himself.,2.1587067114096397,Josh enjoys watching anime with others.,2.2280828709734517
Jimbo is pleased his boss does not allow smoking.,2.3570423390856865,Jimbo sneaks into a back room to smoke.,2.5375216629677944
Lester asked her to marry him.,2.3401059993880864,Lester never talked to her again.,2.599115718723485
I read a fascinating article.,2.7552715420330944,I finished the entire crossword puzzle in one hour.,2.5183902112080903
Sadly it made me look like a potato.,2.5389066737748607,The shirt fit perfectly.,2.5573819063483794
White doesn.,2.4828064445533635,Whit doesn't sleep well.,2.0720502969380927
Amy left for volleyball practice.,2.430995195172712,Amy gave in and took a shower.,2.2666032187591116
Our teacher told us to go back and remove the pinwheels.,2.4668730518115605,Our teacher took a photo of the pinwheels.,2.411971731964069
Beth gave birth to a beautiful baby boy.,2.4131735857808123,Beth was very happy during those two days.,2.3984436916583767
Mia vowed never to eat it again.,2.46637716531357,Mia liked it so much she decided to learn how to make it.,2.4798985990254927
I began to teach special education.,1.8686936277669424,I decided to never teach.,2.111006526614436
Jake fell asleep after drinking the milk.,2.4840658321743776,Jake then drank a cup of coffee to stay awake.,2.4772913749578533
I listened and told him I hoped he felt better.,2.7241876370184093,I decided to listen to my ipod.,3.115116722632158
He could not wait for his advanced physics class to start.,1.9444081411999505,Joe practiced his kick and was accepted into the soccer team.,2.265515036200568
Bonnie called to say she didn't want an interview.,2.1842704136372633,Bonnie got the job eventually.,2.0928341795312586
The ambulance took her to the morgue to die.,2.645551737714901,The ambulance treated her snake bike.,2.5539431946270357
"Jerry attempted to run the marathon but quickly collapsed,",2.774543127854018,Jerry won the marathon.,2.803090207732143
Dave backed away slowly.,2.653760345781211,Dave took pictures of the tall trees.,2.59492542592545
Skip's parents decided not to get him glasses.,2.2054319341054516,Skip got glasses and improved in class.,2.3020665961013966
Rae went to fetch a broom.,2.3774797684820443,Rae asked his brother for the name of his plumber.,2.227215094611952
"They framed the letters and kept them for years,",2.6819388611241033,The letter stated they would be getting no gifts.,2.5938069988799266
I found out I had the flu.,2.1128758341972222,I told the doctor I didn't need his services.,2.261022360101594
Christian hates football.,2.1293958316058403,Christian got on the team.,1.892708545577643
Gina was very happy.,2.9942509258352805,Tim did the dishes for Gina to be kind.,2.8152094098610254
Jen noticed that Lee's flea problem quickly got worse.,2.019861397257872,The vet suggested a flea collar for Jen's pet German shepherd.,2.164146011218588
She had just enough time to make the train.,2.301453444417817,She turned around and drove home.,2.2201487721234487
Gina found her phone.,2.3017154413338865,Gina went to bed.,2.5501102360022405
"Because of her replies, Sarah didn't get the job.",2.1608303060919916,Sarah got the job and was praised for her clear voice.,2.219282227587834
Linda and her boyfriend ended up getting both.,2.3049352733365893,Linda and her boyfriend didn't want to eat.,2.0077153505030276
Morris was bullied everyday at the skate park.,2.83221066091013,The younger skaters taught Morris a lot of tricks.,2.8383654471646547
Ron was proud of the decision he made.,2.4682186839057785,"However, Ron still went out drinking with his friends.",2.2141656057386685
Jane decided to cut her hair short for summer.,2.4589039713666567,Jane loved her long hair and grew it even longer.,2.3667738428602743
She was late for school.,2.7091834889325903,She went back to sleep.,2.480134466145101
I said i was fine with that.,2.68285958631074,I asked for a Coke again.,2.3668271056132455
We had a boring day.,2.977353404050003,We found rocks to use for his eyes and mouth.,3.0962060345065896
Joe was very frustrated.,2.261793253476454,Joe was happy.,2.3489638853270494
Arnold was not allowed to return the television.,2.919064377532067,Arnold kept and loved his television.,2.975692371217355
"Pretty soon, he was drunk and passed out at the bar.",2.533190585607503,"Eric really enjoyed this new bowling alley, he realized.",2.7346052496518323
Ellie continued to dance.,2.5246110755065403,Ellie had to find a new pair of pants quick.,2.631564026939698
The shoes gave me blisters.,2.064166030261231,"I happily played tennis in my new, uncomfortable shoes.",2.0884412409146407
Marcus decided to learn how to fly planes.,1.8095899533863393,Marcus relaxed once they were in the air.,2.180962495795279
Larry was happy that he could contribute to the party.,2.525840828834257,Larry decided to stay home from the party.,2.6678913026256614
It was such a long car trip.,2.674138590267677,She loved every minute of it.,2.536555768820194
He had a boring day.,2.836092368714267,He was fascinated.,2.686501282011575
My wife cooked dinner.,2.5483344610786887,There were too many photos to upload.,2.3689713896236007
Doug's wife kissed him.,2.5492044698785103,Doug's wife was angry.,2.4803600791959033
Grace didn't miss a day of class that whole year.,2.1978283388784923,Grace decided to stop playing tricks at school.,2.0461051442799336
Jane was thankful to have the recipe.,1.536702220323978,Jane didn't like to bake.,1.6973501859119544
Mark hated animals.,2.8740892685478525,He felt bad for the birds.,2.7313385801876597
We ordered a pizza with separate toppings on each half.,2.3671874415119767,I suggested we choose a different movie.,2.676384812601545
He hung out with her all day.,2.8901782645711807,He yelled at her and went home.,2.767893872098769
Johnny felt he let his parents down.,2.3376641186668463,Johnny was elated.,2.3593861555512783
Ben's mother will now wake him  up  one half  hour earlier .,2.619111981063458,Ben crushes his alarm clock and buys a chicken.,2.667966065759281
Ally couldn't wait to get engaged.,2.6246318202874823,Ally was very subtle.,2.7432805616190405
I hated the new song.,2.6651642238341666,I listened to the song all day.,2.60426539889603
It made them depressed.,2.7426372156915404,They were very excited about being well known.,2.5942097093923744
She was very happy with the teacher.,2.5564883907149847,She failed the class.,2.3882278760818005
Patricia realized it was a big mistake.,2.752283370227472,Patricia eventually became a biologist.,2.5086238510465693
She was the best player.,2.3055444608657316,She eventually got better.,2.447228169523876
Marissa took the two puppies home.,2.7041092462009964,"Sadly, they were both filled with junk.",2.6473388149414205
She was excited to get to work at the camp.,2.111693149367953,She didn't want to have anything to do with that camp.,2.2049919850699897
Gina threw the phone away.,2.7313503954480733,Gina's mother never found out that her phone was taken away.,2.7383272465198134
Meg could not think of where they could be.,2.419096841400467,Meg checked the vacuum and then found them.,2.3321327101501828
She found them in the living room reading and was relieved.,2.387626815517867,The children were in the kitchen eating lunch.,2.689027485246314
He finally decided to buy white eggs instead.,2.6418510907392423,All of the stores he went to were out of ice cream.,2.677436876020015
They all had a very memorable time together.,2.5233373864280684,Everyone was miserable and angry.,2.703271671873975
Maggie has never seen a panda.,2.6562186319660497,Maggie loved her trip to the zoo.,2.437459312797105
Vianna now works everyday.,2.6575904532891816,Vianna quit working.,2.5454309377882165
We had a great time.,2.3417253549954777,We all eventually couldn't stop arguing with one another.,2.616318086859978
Lina made her kids wear clothes from the pile.,1.9593299158222148,Lina gave the clothes to charity.,2.2429998679166037
Anna thought the chocolate shake tasted dreadful.,2.2480484147173363,Anna thought her own milkshake tasted just as delicious.,2.0814915623792993
I decided to buy chips at the gas station.,2.286401774037007,I decided to never eat again.,2.4285344890707536
Tommy started playing guitar.,2.981872682411872,Tommy ended up doing well regardless of his nerves.,2.8383700341397207
Jill's parents scolded her for skipping class.,2.1049036697536376,Jill's parents took her to Disney World.,2.3466032050352608
Chris bought the red car.,2.2642409488518913,Chris bought a motorcycle.,2.490136196582097
Henry decided not to do the scavenger hunt.,2.8972605613638915,The kids loved the scavenger hunt.,2.859737320719358
They both became more confident and made more friends too.,2.308267828634764,This made Jake very upset.,2.294099631643376
He was thrilled when he was finally on his way to Ireland.,1.833357882870568,Sean spent his saving on a new snowboard.,2.082923139075288
He used a fire extinguisher to save the day.,2.4186956680729406,Todd had some great toast.,2.428213312112114
Beth was dedicated to making great mashed potatoes.,2.158386850275529,Beth was a lazy cook.,2.2661397569500794
Their parents jointly threw them a huge party to celebrate.,3.0111389679241682,They both learned their lesson and no longer kissed in school.,2.601488538376005
Ashley's dog was full of live fleas.,1.6881917968883258,Ashley killed all the fleas.,1.8316134410891265
I hate spaghetti.,3.391013404781926,It was very different.,3.1393939096805017
They helped me realize that I should cut my hair short.,3.150800947481243,I bought her a dog.,2.782654758564984
Kaylee was thrilled!,2.553356944101085,Kaylee was really disappointed.,2.6103230078439896
She cried of joy when she received her first acceptance letter.,2.363077641215307,She ultimately decided to become a geologist.,2.2348704151569834
Now it comes on every time.,2.643785429103753,That is why I only play Frisbee outside.,2.91287142977788
My professor was very upset.,2.6364737626907244,My professor congratulated me.,2.6849534982983116
They rented a car and had a wonderful time skiing.,2.0476213421849296,He decided that he did not want to go skiing.,2.284793631530118
Brad's mother was very caring.,2.731168039142827,Brad's mother was rather uncaring.,2.669683367493094
He had to go to a homeless shelter.,2.4904315446751566,"Somehow, thousands of dollars appeared in his bank account.",2.4026655963191734
Juan's mother showed him how to make a taco casserole instead.,2.367629425856567,Juan went back to the store.,2.363125574563747
Lena went to school only to find out her friends were sick.,2.0888939582411337,Lena pretended to be sick so she could avoid her friends.,2.150690167721717
Jim's wife decided he should have a dairy-rich diet.,2.285137700608426,Jim's wife was relieved to find the source of the problem.,2.3020181683326646
Tim was pleased the lamp was so easy to set up.,2.246923582096711,Tim then threw the lamp away.,2.3873853126821336
She could not participate in the tryout with the injury.,2.210097201183277,She did very well in the tryouts.,2.1000575822255083
Morgan was glad she remembered to bring extra tea bags with her.,1.9798861206868925,Morgan was glad the hot water tasted like coffee.,2.0145559790759533
She loved the cupcake.,2.6178701809900806,They had to move the dolls to sit down.,2.320579051328399
He finished in first place.,2.6852756708493186,He wasn't able to finish the race.,2.4275582530936304
Bob was never the same after being tasered by the mall cops.,2.87145353518937,Bob finally went with his instincts and picked the perfect gift.,2.4338672559886256
Ida was glad she could dance in the rain at the festival.,2.5362122503395605,Ida was glad that it didn't rain.,2.60554790018288
They huddled in the bathroom as the tornado raged overhead.,2.31502449150851,"The earthquake lasted several minutes, causing minor damage.",2.5372172128711354
She ate the cake alone at home.,2.098258203113249,Her mother enjoyed the cake greatly.,1.9867824543861035
Ron found that he rather enjoyed living on a farm.,2.5581850260563166,Ron hated being on the farm because he disliked the animals.,2.581326917814334
Ron was given a prize by the store.,2.525843487951455,Ron was arrested.,2.578604225496577
We stopped playing in a band together.,2.5995073245426257,We performed a small show for our families the next weekend.,2.5578911986624573
Jack abandoned the whole idea of getting a puppy.,2.679730589536135,Jack then showed the online puppy and pleaded with them to get it.,2.485043705041214
Jon then watched germs with his microscope.,2.26339420698728,Jon used his telescope often.,1.978955481761878
The clerk told him where the bacon was located.,2.4928231743471816,The clerk told him to find the eggs.,2.334372834217383
Jimmy laughed.,2.532542787844958,Jimmy cried.,2.5147090072051554
He threw away the treasure he found.,2.4499200752592434,He found many treasures from his childhood.,2.4749747386822634
I didn't like any of the groceries my mom bought.,2.0555539082315732,I ate a lot of candy that day.,2.192132952865373
Joe loaned Grant some money.,2.4764880820512545,Grant loaned Joe some money.,2.4767505271367916
Lobster was Rakesh's least favorite food.,2.158596098169999,Rakesh loved eating lobster.,2.013971438113755
Ron was very happy.,2.927666220288829,Ron was very unhappy that it had snowed so much.,2.7658834075132934
He didn't listen until we got a lot of ants one spring.,2.9074145454083804,She showered him with praise.,2.8770671568006976
Brad had delicious Eggs Benedict.,1.3770365846414052,Brad hated his mother for getting the eggs.,1.3428922547922062
Paulo was ashamed of what he did.,2.241984846774444,Paulo felt proud of his accomplishment.,2.085818515181027
Patrick developed a fear of dogs because of the incident.,1.9717160416998154,"It didn't break the skin, but Patrick was scared and cried!",2.0482517601053867
I am much healthier now.,2.164287502402349,I am 300 pounds.,2.2019889979986447
Jane's girlfriend was a die-hard flower lover.,2.4050556381967505,"Jane loves biking, hiking and walking her dog.",2.6000126474319774
Damon went straight to his room and went to bed.,2.661485777743914,"The next day, Damon found his wallet under the bed.",2.480825246588224
Bob's daughter thanked Grandma for the delicious meal.,2.4344759774687996,Bob angrily drove home after the meal.,2.7129534244252578
Suzi hoped the cat would stay in the tree.,2.434296010786921,Suzi's cat was saved.,2.495625267020317
Ava flushed all the aquarium water down the toilet.,2.5149980452292358,All the fish got along fine.,2.5685282653355177
It costs more for gas to the other theater.,2.700052584415057,I still go to same theatre that I always have.,2.2614423381765816
I decided to get rid of the car.,2.7449879566125293,I drive the car everywhere I go.,2.7597629556978727
She won the contest and was proud of herself.,2.2312810415741646,She was disqualified from the contest.,2.3766320355837616
Then she lay down and took a nap.,2.6952147860285294,She was jumping up and down begging for a walk.,2.582606496353182
The puppy's owner gave Matt a reward for finding it.,1.9687688974701494,The puppy's owner strangled it and offered Matt the corpse.,2.10250226499844
Mike didn't like riding bikes.,2.4964908714088843,Mike accidentally collided with the kids.,2.642706597153051
Lucy realized the meal was burned.,2.6052824556297196,Lucy realized the meal was perfectly cooked.,2.702669204871595
Tim's teacher praised his attentiveness.,2.2510205996649177,Tim failed the final exam.,2.3185738917622274
Amy became best friends with the operator.,2.4430716740660894,Amy hung up the phone angrily.,2.288042437634779
He was disappointed in his broken computer.,2.674304769375838,He was happy about his computer.,2.883846623001516
They never found the owner and kept the dog.,2.630566945252521,They ate it shortly after.,2.8891738694810334
Bill was happy to practice every day.,2.549678118429015,"As Bill got older, he realized all of that practice help him.",2.33464789150902
Lance's wife felt very romantic and loving when she arrived home.,2.565128316165632,His wife was so angry she took the kids to sleep at the Grandmas.,2.522815863271317
Leah forgot how to speak Spanish.,2.341195853114389,Maria was proud to learn a new language so quickly.,2.2134345071227504
After two hours firefighters came and rescued Jay.,2.618139509657603,Jay laid down and took a nap.,2.621662905292472
He was accused of pedophilia and sent to prison.,2.7619704730846135,He ended up babysitting to pay for college.,2.368470409753393
Ted's friends thought he would run in the campaign uncontested.,2.4031060660615093,Ted decided to run for county magistrate a year later.,2.517382429979161
She continued playing with the ball all afternoon.,2.6294559424,Next time she got a ball she was more careful with it.,2.6303587660918053
Bob had always been reckless.,2.6514432445159235,Bob had also forgotten his shoes.,2.6577724011667474
Carl decided to give the bike to his son.,1.9448568203343424,Carl decided to throw the old bike away.,2.150364515414397
She went back and had another large serving of deer meat.,2.4455167032054734,She slowly drank a glass of water to calm her stomach.,2.4778976317808095
He ended up becoming a scientist.,2.464707166955898,Carl then became a garbage man.,2.8158315887336656
Julie was incredibly embarrassed.,2.082263400872207,Julie gave Barry a hug and thanked him.,2.342334560420045
I knew then that I wanted to become a professional cyclist.,1.9277067159483667,"From then on, I made sure to leave myself plenty of travel time.",2.0549660893899078
The teacher told them to stop talking.,2.6024740890685223,The teacher joined their conversation.,2.651329199429152
Daniel went to check the breaker box.,2.8225506647826815,Daniel turned on the kitchen light and had a snack.,2.7881614349399504
I hoped he would just give me a warning.,2.475924391707671,I enjoyed talking to the officer.,2.2585287999176575
Melissa's mother suggested putting her son to bed earlier.,2.3847271489941915,Melissa's mother suggested putting her son to bed later.,2.3725336137781112
Mark did not do well and felt defeated.,2.6267158223278684,Mark became famous and made a lot of money.,2.6980150384804182
Rex enjoys himself.,2.8421172188819743,Rex vows never to return to Argentina.,2.754282216751343
They bought some fish.,2.4007094626780003,They never used the tank.,2.5113715204662843
She loved her new turtle.,2.1019545134327564,Sandra was upset that her parents refused to buy her a turtle.,1.9367011107304193
The children decided to play hide and go seek instead.,2.884463204666282,The children decided to play marbles.,2.8456735291559836
She hung the pinecones from the trees and waited for the birds.,2.599630540679871,Then she threw the pinecones in the garbage.,2.710307503936844
This would be our new favorite restaurant.,2.2635140008445918,The restaurant was just too cold.,2.370530550302187
She was full and happy.,2.5007222550072292,Betsy likes cheeseburgers.,2.3098523772214916
They had no children.,2.401713118798468,Their child looked like both of them.,2.301121512190953
Gina's teacher told her she could use her phone.,1.7243089875623712,Gina's teacher wasn't fooled at all and gave her more detention.,2.008160447161071
Jill was glad she went to the doctor.,2.1805907617276388,Jill stopped meditating.,2.0538046981486717
Then she realized it was Saturday.,2.1391106918979657,And saw the biggest bear she had ever seen.,2.3813048724772408
Sara cried out in pain.,2.5556835090736874,Sara laughed hysterically.,2.494054868855641
Todd's knees shook as he skated because he was nervous.,3.0617428831000835,Todd wore a silly costume to his hockey game.,3.0381440482232893
Joan was disappointed in her roomate.,2.2408978072976793,Joan was thankful that her roommate was so caring.,2.228404900295642
He showered after he finished working out.,1.9074868124543025,Pete went to the baseball stadium.,2.232933239064109
She took off her jacket to cool off.,2.6991187494097413,Clare wished she brought a warm jacket.,2.5105767021752166
Nina bought a new bike with her earnings.,2.397614154570391,She earned enough to buy the dress.,2.3912485185819543
"Tami wished Gina would shut up, but she just kept talking.",2.643105887608486,They just walked comfortably in silence for a while.,2.777750362032238
Harry quickly fixed the problem for his mother.,2.4116960931599083,Harry decided not to help and walked away.,2.8030000995980053
Kevin was very angry with Stacy.,2.060606204277395,Kevin thanked Stacy and they enjoyed their time at the park.,1.9046372429577572
"However, turns out to just be gas.",2.966699779028679,"However, Glen hugs his mother-in-law.",2.581947099458775
If it wasn't such easy work she would have quit.,2.8763289879343503,Next week she would relax when it was all over.,2.9950187740615117
My dad always drove safely and we arrived quickly.,2.677199261295308,We decided to return home instead.,2.7368047387996564
Gill and Peter Falk shared a mutual hatred for each other.,1.7574168537047234,"Her attempts at solving murders, however, were less successful.",2.4062092664532027
"He did not miss the last one, but was still disappointed.",2.4542741270887056,Chad scored a touchdown after asking his coach for advice.,2.5426165221529944
His cheating wife continued the affair.,2.7690475091148024,His cheating wife called the police and he was arrested.,2.7881060937090343
Ivan was happy the hike ended so well.,2.6264196165428038,Ivan bought mosquito repellent for his next hike.,2.2897565294900915
"Paige decided to play in the snow,",2.64893767080639,Paige had to rely on her friends for their support.,2.4720252118375607
John was upset that they had such an awful time.,2.3158246578875055,John was glad he asked her on a date.,1.8126500511325638
The man did not like music.,3.059687271676675,The flute sounded beautiful.,3.127150580816804
Maggie was glad that the wait in line was so short.,2.8442564003668016,The ride was very fun for Maggie.,2.9747975143432015
My friends decided to keep inviting me out as I am so much fun.,2.4948171298105106,"The next weekend, I was asked to please stay home.",2.9067556689354976
Avery thought her children would be happy with her decision.,2.5609270972212483,Avery regretted what she did the next day.,2.539586468110942
He felt inspiration and then went back home to write.,2.7098566511596838,John then got an idea for his painting.,2.8221305128146437
Kerry was disappointed.,2.433392323097599,Kerry was so grateful!,2.6134542764277415
When he finished his paper he went to bed.,2.464116634021079,Luckily he had been saving everything on an external disk.,2.721154921174949
Ari opens the jar to find perfect pickles.,2.4059488371181192,Ari's pickles are sweet.,2.3300925193735234
Trudey hoped self-publishing would be more profitable.,2.3278721028380454,Trudey called her sister and asked her to come to dinner.,2.674995242406981
Oliver decided to not get married.,2.362665400104381,Oliver was so grateful for his wife's love.,2.357950706479148
Sarah broke her leg.,2.736076489612014,Somebody found her cat.,2.6793780619428578
Kelly was mad about that.,2.401679690048696,Kelly was so happy to finally beat it.,2.219652285020028
To this day I hate checkers.,2.4733933125870133,I have very fond memories of checkers.,2.256978519440627
Amy spent all of her money on clothes.,2.225139530016439,She loved her new phone.,1.8073136447699993
Dave bought an entire case.,2.796981363108296,They were on sale.,3.0217479220072527
She was offered the new job at a higher salary.,2.355534408389025,Ramona had no reason to want to change jobs.,2.464908367719407
My parents gave me enough money to buy the console.,2.583595161301443,At the end of the summer I gave the money back to my parents.,2.6342039553234193
