storyID,CosSimsS4E1,CosSimsS4E2
138d5bfb-05cc-41e3-bf2c-fa85ebad14e2,0.2976914644241333,0.39082208275794983
bff9f820-9605-4875-b9af-fe6f14d04256,0.7701406478881836,0.3981800377368927
e8f628d5-9f97-40ed-8611-fc0e774673c4,0.27726733684539795,0.4019138514995575
f5226bfe-9f26-4377-b05f-3d9568dbdec1,0.718230664730072,0.5856587290763855
69ac9b05-b956-402f-9fff-1f926ef9176b,0.59031081199646,0.5324745178222656
d80cabdd-7a85-47e3-86be-5ce6591ca51e,0.49318110942840576,0.38943231105804443
58090d3f-8a91-4c89-83ef-2b4994de9d24,0.5431962609291077,0.4291394054889679
e17053ac-2046-48c8-a7a2-7b9509c10e64,0.42244845628738403,0.2669675946235657
69b26ae4-b778-4cd1-9f13-27d28fd4430e,0.36692681908607483,0.44540935754776
1f7d9fa2-2191-49de-bdd1-7d307293b9e0,0.2885777950286865,0.4668736755847931
a7905e16-15be-433f-bdef-b488a83e4582,0.35625654458999634,0.23189009726047516
52dbbfda-5b42-4ace-8d59-55cee3eb30c0,0.5756821036338806,0.63038569688797
1edf348d-6fce-4ea3-937c-28ade02f28b8,0.42789945006370544,0.19862236082553864
0fe46de6-6ee3-4932-a578-268917372566,0.2643287479877472,0.41862010955810547
625d1e13-8bd3-40b3-ac45-0b16a549fc69,0.1647687554359436,0.10708718746900558
aa615e4f-83c1-4b65-96a4-6a989d253a52,0.3017292022705078,0.3329779803752899
fa0d318c-d286-4c8e-adda-c2590f100f02,0.3672690987586975,0.47391605377197266
501c6884-8885-4df3-ae8c-f3f9328fde54,0.28671348094940186,0.4131297171115875
8d9f72c4-7f31-4e86-8511-e921fd8f78bb,0.3860134184360504,0.1584703028202057
ba87797c-dc31-402b-8740-d30c093d4df7,0.6171551942825317,0.41119682788848877
384621a9-d9b6-436d-8914-61a93d916015,0.29671773314476013,0.39024150371551514
f531b039-67a6-4797-989d-24f716ed4073,0.32489410042762756,0.46906906366348267
60facd71-c194-427a-9127-471d5844785e,0.29335087537765503,0.14616188406944275
d4aff04b-ba93-4cff-8b35-7eb10dd9e23f,0.22649767994880676,0.3679738938808441
8db8ec1c-1d94-4f9d-b71d-3b533e30a1c5,0.26702818274497986,0.04699961841106415
696b1a71-b684-45ec-8435-7b48274ee411,0.4219348430633545,0.21691516041755676
1d14ed7d-5a05-476b-bfab-3e3568a0dd6b,0.37761348485946655,0.39949190616607666
9f32f9ef-0b7b-461b-953f-3d7da39bac87,0.1782701313495636,0.2239580750465393
3972aeda-e5f8-4776-abbb-8566bf38930a,0.3809400200843811,0.3304208517074585
411b9523-5254-41ff-b740-e039d0423201,0.5320075154304504,0.4453356862068176
36b638c3-f2d1-44dc-bab1-5bf2a9d7fdff,0.3825051784515381,0.5385031700134277
80b6447f-4c37-4194-9862-3785e5075463,0.30748727917671204,0.32794204354286194
dd3506fe-31ce-4bbb-9000-02c222da3466,0.16071616113185883,0.6123784184455872
ad42188e-383b-4c7d-9cd9-906725b7ce12,0.3236966133117676,0.2821944057941437
f8ff777f-de4d-4e3a-91bd-b197ed13f78e,0.17697593569755554,0.19959591329097748
dfdf2b81-86fa-48f0-8a47-488ccf3e086b,0.47825485467910767,0.5858147740364075
de06c035-4c96-4ed0-89c2-3ce71e99e9d1,0.38214024901390076,0.26336783170700073
f547c9a1-be95-439d-922d-1417d7f6b818,0.4740610718727112,0.41938021779060364
195a43c7-d43e-48e4-845b-fd6c75609df2,0.4273298382759094,0.28572097420692444
a11cf506-7d19-4ab9-b0ac-a0fd85a9bd38,0.27698010206222534,0.3928545117378235
b8c30925-f572-4ac3-b865-1cba592b6f0c,0.32242298126220703,0.5036907196044922
0a5489f1-beea-4ad6-a6d5-380ba2abd184,0.22844333946704865,0.20964089035987854
fe3caede-4b19-410a-b08f-84d71b18e9f4,0.741222620010376,0.44562315940856934
e689960d-0515-424b-aac3-5d7160ac2577,0.4610694646835327,0.23070350289344788
57d5152a-77db-4156-8330-166edb36b0a2,0.08437203615903854,0.12493104487657547
726a0fc9-8c6f-451e-838b-c48140817dfc,0.42428910732269287,0.5718938708305359
696b9d6a-40a4-434d-8a01-aec20c4400a3,0.19150090217590332,0.43240007758140564
16eeb330-b579-4a0f-a1e6-0b7aad454c54,0.2602376937866211,0.1892775446176529
ed614284-2364-4b9c-bc02-5e0aad3d8968,0.4592269957065582,0.6891555190086365
87678fdf-ad4e-4ff0-93d0-039fa451b49b,0.49891847372055054,0.42664986848831177
33882739-51ca-446f-8bd0-2bbf7cfcba37,0.2475096881389618,0.4090682864189148
3ef66340-b2fd-4c12-bc1c-b28730b571a1,0.23004968464374542,0.6234998106956482
26b26a0d-d7c5-4c50-bb94-bd236cd6b46f,0.6597914099693298,0.36167773604393005
0c0d57aa-92eb-4bb3-8c65-6ce4d89e10a3,0.13871726393699646,0.26708856225013733
1ad020f7-a18a-45f9-a112-b9ca83afcad2,0.3330475091934204,0.52422034740448
31dd2600-d4c3-4f15-a336-cd0c32237d06,0.2823328375816345,0.21783235669136047
a9982ad1-a78e-4ab3-b9d5-4f3679d3e043,0.36443668603897095,0.513678789138794
a62e9212-e75b-4078-ae68-f56a1164dc70,0.2516317367553711,0.44945746660232544
67cf2fb0-431a-404d-9c9f-826dd2d3472b,0.2727600634098053,0.39631691575050354
dba303f0-ede3-4834-aad4-767eadafa744,0.48560887575149536,0.27296197414398193
7c183d9b-d1fd-414f-8c95-c17132422732,0.6092734336853027,0.3625451326370239
5b6f539e-eb73-4ca4-b359-a1f85e96effd,0.5292104482650757,0.6292528510093689
cb1dd642-75fd-43ae-bb80-d019a2a9cb8e,0.5801116228103638,0.5380085110664368
0f797de2-3d82-46d1-a370-c278a36ad785,0.6551272869110107,0.5276064276695251
6623b60e-9200-4019-9a95-521adc03524d,0.017789360135793686,0.24109700322151184
57f0ad88-0dad-4cce-95da-30175ff0ba40,0.632627010345459,0.6003659963607788
a5ac20db-ed05-49d7-8960-2035a9dce14d,0.1603533923625946,0.27177563309669495
3f191c72-305c-487d-8da0-7335fedc270f,0.7439426779747009,0.7913475036621094
dacd5655-337c-4c89-a87f-edd54067cfb9,0.715796947479248,0.5696708559989929
85cc4bad-5cd3-494f-be90-e3c16e512cab,0.48629897832870483,0.4780596196651459
7e12768d-0e37-4940-9dcf-186ba3916660,0.1550467610359192,0.2415117472410202
d10f40c6-f5f0-4273-82e0-90aa22520588,0.254665344953537,0.19046609103679657
322525fb-6970-4c56-89ae-375664d8e320,0.6432746052742004,0.5425578951835632
9bc05c17-a739-462c-970c-f5279779f3a5,0.688948392868042,0.3519032895565033
9843660b-4a86-4cae-b6d7-03d73b88426e,0.4429455101490021,0.20618371665477753
e721d415-d8b9-479f-a476-bc3f3a239140,0.256123423576355,0.4593718647956848
9409bd0a-fbdd-4450-8b41-5aac05fd5c36,0.3041652739048004,0.3368167281150818
00d73c9e-6441-4b23-ad78-f33490a6a1ec,0.43314236402511597,0.2145421802997589
a2685475-307b-49a3-85f8-07b32c63e062,0.34428805112838745,0.5464289784431458
1bfde41c-01ea-4af8-a5c3-706b8af6cec6,0.596084475517273,0.581541895866394
749b0981-388d-4deb-83d4-b4bc35b4a168,0.46399998664855957,0.27429527044296265
7d9b0578-4621-460a-9d67-9705079b0a1c,0.7158211469650269,0.7087962031364441
71db6e1d-bcb4-4849-bded-f252a32c927c,0.3690209984779358,0.29291561245918274
41548819-7537-4bbe-8c20-ba78feb5fe0d,0.39453887939453125,0.23933783173561096
e4443872-3ac9-465e-9d99-88ab9720da81,0.26800337433815,0.23086680471897125
aa03cc32-e85b-4710-8120-aeaba4af65b0,0.18066860735416412,0.172955721616745
bcde1c24-5e48-4ba9-a8b5-362db0db0129,0.2500220239162445,0.06416922807693481
107793ec-8721-4897-b0de-17db3578fc10,0.4930304288864136,0.44404518604278564
0f36f4a6-da40-4c61-a4cc-db237df8f1b6,0.15936057269573212,0.22213426232337952
ae91c584-b9d3-4a0e-b166-6928531d1bed,0.2978457808494568,0.51291823387146
bee259be-fcd9-4043-9047-0e199aaa8214,0.7749043107032776,0.5202756524085999
45896107-bb21-48b8-845d-619d8c19bc34,0.05490130931138992,0.21665284037590027
f36a34dc-1b78-4af1-9e48-5ec9d369feb5,0.4241953194141388,0.5086211562156677
49c51e74-be6e-45b9-a223-4c0835ad76c1,0.5206590890884399,0.8112105131149292
f8594fc8-df33-49d7-a5a9-045765ca8eda,0.5068715214729309,0.10484351962804794
ab1265ac-d06e-4bad-ba0e-0219d63d3357,0.11360282450914383,0.11925485730171204
c71454d3-16c6-4852-bb0e-1149fd2b0e52,0.352469265460968,0.16222238540649414
d3615153-cfb9-4583-bd93-e1814c250a1c,0.6388674974441528,0.7172895073890686
1be803ad-225f-4b93-a5ce-3d96deedc495,0.33152756094932556,0.5580066442489624
b64b9a40-4e69-4381-ae49-035edf71a232,0.35833969712257385,0.47845181822776794
e5ce589a-86a4-4f4e-9a51-87220abdf821,0.254937082529068,0.25834545493125916
e2f74079-bcd6-485a-80c6-24be4fca4ae9,0.29118114709854126,0.33986803889274597
c473c07a-630f-48e2-b6dd-ebb34d815fc2,0.5454566478729248,0.46187886595726013
8ae17467-e396-4f89-9d2a-eeade4539358,0.05278615280985832,0.5373303294181824
8e61c1c5-582f-4379-b332-dcb96faf3bf9,0.3750811517238617,0.5329831838607788
a28a894f-ea54-438a-93c5-cae7e4564ec4,0.2825313210487366,0.36898598074913025
932e37d4-1305-4e54-8fee-ba649e7c7206,0.15098753571510315,0.43099841475486755
f935f831-38bc-4b00-83c6-3891a4dacefc,0.09504672884941101,0.30282220244407654
345e1032-0c47-48e6-9968-e04baa479d06,0.298186331987381,0.47705957293510437
bb5695c6-6c1c-4de6-b56c-6b23077d3df5,0.38793012499809265,0.5553855895996094
6ab897f0-4f61-40f1-afa6-e9485e44316d,0.3185555934906006,0.296670526266098
1a2bead1-a985-44e6-966c-44c4a77afe37,0.313732773065567,0.32523274421691895
ed448375-accb-4425-b7ed-e5af03f0d477,0.38065895438194275,0.5017431974411011
5488ad4e-968e-4113-b3f1-23a27e40e52a,0.5986389517784119,0.6564609408378601
0aa4d795-2af4-489d-84d2-a3476cfc9019,0.5592412352561951,0.44166192412376404
666d1b41-7e20-41cc-b6a7-5bc3eb9ed7b7,0.23030364513397217,0.27497023344039917
08f3861d-5511-4f65-9611-0c67ec71561c,0.4267863631248474,0.6029192805290222
05f5c44c-6d88-4c50-8c88-d9ad55fbaa8c,0.42460137605667114,0.16665105521678925
e7be4ea9-4bb9-4141-90d5-351d6377c9fc,0.23749107122421265,0.264384001493454
8e5c1dce-bed9-4754-9565-89b1d10b1aec,0.4088691771030426,0.3391406238079071
9a37e0a5-a537-4af1-ab7d-c39c440ee8d6,0.26565465331077576,0.3183079957962036
0e499832-cc4e-459d-a066-de6e73aa77f9,0.26001688838005066,0.3306828439235687
1b99f1e5-e8e4-4ae9-b05b-e5c8324e8768,0.4461964964866638,0.4426560699939728
66c79a45-25be-4066-9d36-016637bd57c5,0.12452970445156097,0.2955716848373413
598c2da4-91cb-4adb-8d09-0de672cdebe8,0.6765673160552979,0.7133269906044006
d46e5bd9-8a43-4670-b8c7-fe56f59cceae,0.49207472801208496,0.3323059380054474
5183072a-7b29-4a2e-80bb-120f3fcd8bda,0.38470035791397095,0.46662071347236633
70e3a2c2-6e8a-46cd-9948-2005e1e6bfac,0.6212270855903625,0.6212538480758667
f2d60888-a0aa-4da4-b744-57ac10ae6dc2,0.6196570992469788,0.5038751363754272
52255569-a048-4098-b40a-a9a96bbc754f,0.32257843017578125,0.26467442512512207
8585d876-38ad-4846-a5b1-3b8fbd3d8f72,0.09638966619968414,0.2093377709388733
a7dcd6a0-c9a3-4aa0-b2ed-3e80a03b2dc7,0.13063885271549225,0.2648974359035492
1658b490-24a4-4f83-a42b-e6c679d0c2c2,0.6247014999389648,0.4972417950630188
796ab4ea-12d3-489a-b7e8-fce2b430107c,0.5333425998687744,0.6659151315689087
09609ed5-1852-4e76-af8d-f08de3742d15,0.44526946544647217,0.41692227125167847
fa694d55-2291-467e-837e-cee613230e8c,0.4356224834918976,0.5605700016021729
37c168f2-e2cc-4117-879a-abcce85af37f,0.5089468359947205,0.5409835577011108
fb9f8eff-5f05-4cd8-bb99-3ca886845607,0.5165014266967773,0.3524045944213867
b0c7b950-cea5-460f-b573-a55e692120bc,0.24207648634910583,0.4299987554550171
5df5e38b-ea80-4122-b43e-1cf116a83e6a,0.19650082290172577,0.2238461971282959
ba6d9c84-d0d1-4806-964d-2573c08e67c5,0.2598295211791992,0.22294321656227112
98826835-a7e8-4441-b37c-36f2179d7651,0.43300163745880127,0.41450777649879456
cc2f14bc-8e8d-4c36-9a14-a7e9e89ac52e,0.1893048882484436,0.3751782476902008
bb4840dc-d637-4183-809a-567bb67e9935,0.16822052001953125,0.4205416440963745
08e30459-3e8f-43f0-ac30-a4f367168e45,0.08134614676237106,0.20907197892665863
c4d8548b-b1a0-4d5c-8004-bbe77d21b4a4,0.2244618535041809,0.20050933957099915
f3b25856-827a-42ba-8ca1-0426c1b01219,0.4276841878890991,0.6043449640274048
31e7354c-de3a-433b-afcf-fa8885569007,0.2561902105808258,0.18599283695220947
64abf5b2-354d-405a-a0c1-ba141fba015a,0.33404064178466797,0.55400550365448
8cc7c8cf-053b-48e2-8d4d-6f520490e9ac,0.42858415842056274,0.518576979637146
393f121a-4cd6-4781-95a3-76f88137c1aa,0.15821337699890137,0.2830210328102112
0fcbf8d2-a63f-4d37-b304-003c10570638,0.24494001269340515,0.13117773830890656
9669f392-85d9-45e8-8dc5-2b3d93b897ac,0.624799907207489,0.7353599071502686
538e9d85-3ff1-483d-b8de-0c62348d225b,0.5349876284599304,0.41522473096847534
1295799e-8cd2-4da6-91cf-7515acbd14bf,0.5328309535980225,0.30730196833610535
04e42093-ebd7-4b56-990f-e34f397e13bb,0.6629592180252075,0.6681334972381592
78a60b56-2e3a-4fd6-a74f-b5b86f400540,0.3988763391971588,0.7062544822692871
4a030972-fd37-43e8-b44f-6920cf9355b7,0.19743290543556213,0.22500787675380707
3b754b95-8b0a-4d6c-87f5-158d1de303d9,0.5007443428039551,0.3216870427131653
2f14cad7-8f3a-4a54-b7d8-206c515b780f,0.44922950863838196,0.6972846984863281
f9079515-f56d-4090-8b26-0e9d93dcb731,0.03566697612404823,0.25459665060043335
98181079-1081-48ba-bb83-031bb0046b92,0.4623229503631592,0.38668447732925415
c21420d2-5652-4f20-9e1a-9f86a551e4f2,0.42675158381462097,0.22226469218730927
3c771b38-ee3a-444c-9fc1-36748ff391bc,0.5325225591659546,0.417636901140213
826d3ed1-77eb-401a-a8c3-2770c0523481,0.3491024672985077,0.3147764205932617
86b42126-6fee-4bb2-94f0-5c8cecd375aa,0.4608301520347595,0.6451540589332581
741833b1-bdf1-4be4-ba01-2a8ca81ae7be,0.1432945430278778,0.12989629805088043
1a61f7f6-0945-4905-aef9-adb2808c22a0,0.7783957123756409,0.5267643928527832
fe12762c-51e5-4bcc-8a08-667ce3304f69,0.5439674854278564,0.4989930987358093
bb63a874-2cf1-4ffc-8f75-b403c0b26be5,0.16928920149803162,0.08752863854169846
432c8932-ec99-42bc-82ba-87d4f10ef17f,0.21695208549499512,0.17555005848407745
befe024d-d480-42dd-9710-7eb1bdb7ff8a,0.3709607720375061,0.21510416269302368
2fcb96c1-3717-46ed-aa94-165151fee791,0.18635888397693634,0.1546335369348526
aa94f624-fe3c-45c4-96b8-6cf486bd4302,0.42048072814941406,0.5037925243377686
6f96532b-9bc0-44d0-84fd-6bb7b99d69be,0.5115818977355957,0.5598875284194946
da5ec41e-4fd5-4a1c-b2ad-67fd6c8b1165,0.17176467180252075,0.16472384333610535
200f7c71-d985-46ca-ae40-4f2d1e34802e,0.7146811485290527,0.7461479902267456
217a2486-e392-414e-ba52-3bb13ef79793,0.0934106707572937,0.422887921333313
b9efb3c3-2239-4d6e-8a6d-2092fafe7012,0.47264689207077026,0.4002768099308014
8f38419d-c80d-40b0-8770-3a8a86e4a5ad,0.4962708353996277,0.31942176818847656
f1076e8c-eb8f-4b71-84b4-3c433b7235a7,0.4836629629135132,0.2991512417793274
8deede16-2f24-4579-970b-047ad9d23141,0.5474798679351807,0.46327322721481323
b8b93e71-5a93-4092-931d-6271bbafa1f7,0.7023792266845703,0.2512851357460022
d16e2710-0a1c-4f4b-8be5-4bf9bd4dfa69,0.4604545831680298,0.48305821418762207
5cd09381-9d02-456a-bcd4-0d45f9ab0db3,0.5482258796691895,0.6128439903259277
21deb4c0-ef25-44fd-91f4-35b4bed8a75e,0.41122016310691833,0.17122948169708252
0c183cc3-d281-442c-ad31-01f93cd9e281,0.4870277941226959,0.5963823199272156
fe5a613d-b6ec-4f31-8d2d-007018b092ec,0.4257875680923462,0.600379467010498
49cfda84-e8ff-486d-bf67-cab8f972a748,-0.01432313397526741,0.10003971308469772
fb466251-500e-428c-a120-a0c6887eb37f,0.129641592502594,0.09823625534772873
28531a23-ff54-4d75-a108-c910d32c6147,0.131712406873703,0.2775285542011261
23ab455c-ef3c-479f-90a5-4acd8e1ac3c9,0.23762032389640808,0.49073970317840576
ea4c827b-b5f2-44df-8d39-7373cb35f1ae,0.21140535175800323,0.23513385653495789
a8869d8c-54a0-48db-b8ea-7fee53e32008,0.3419171869754791,0.3583381772041321
c2699d68-4f16-44d1-bff6-6a66ec266a46,0.5916508436203003,0.7703952789306641
b34dfd2a-4ae5-456c-85a9-7c4ee0b58248,0.31046369671821594,0.44627267122268677
87ed8e67-02f7-46dc-b0e3-82319328557a,0.675155758857727,0.6178033351898193
cdc35d15-ea89-4410-bdf0-fadde0243985,0.13327115774154663,0.5364376902580261
da033578-7efb-43b4-875f-adeefea0fac0,0.2885362505912781,0.4542173743247986
3b0fdd12-aa51-45ec-9808-79b308ffe722,0.44764551520347595,0.3829066753387451
fedc6a43-057c-4684-ad11-200180ade0d3,0.5451081991195679,0.4597904086112976
60e826cc-3f0a-479e-a79e-319935d39b58,0.08811114728450775,0.16016218066215515
471e2283-f8c4-4e45-9c87-40c815fa73ac,0.11091064661741257,0.2877500355243683
463dd0de-6558-4e40-b5a2-b3a202f6856b,0.5960167646408081,0.6919456124305725
f03ef931-1c90-4b73-8e6b-f3cb9aa702fb,0.20467954874038696,0.2758495509624481
0b9c5ee5-9ce1-4195-8ed6-01956f15d659,0.5176903605461121,0.610927939414978
f6292a35-f8e1-4b62-9592-a1f603bec68d,0.16093003749847412,0.27369070053100586
056235a2-84cd-4c99-9652-1e0773797143,0.5297593474388123,0.4354460537433624
a1ecda1c-7f69-4721-89ae-fb2e6ca9cb2f,0.1474076211452484,0.17434126138687134
31e16ce0-894b-40c1-a142-261ca16baddf,0.47290533781051636,0.23045694828033447
d87b0656-9f88-4247-ad95-644c64d38754,0.2982688546180725,0.6600506901741028
95ab463d-7d6d-4dff-9454-69d5abadfbf0,0.42643576860427856,0.6125779747962952
dd1cbc2d-75fc-4fe7-92b8-cd986d80140a,0.24912340939044952,0.3945833444595337
474c61d2-2b1f-4d12-9274-a85cea5bfa2b,0.32144972681999207,0.24858418107032776
430d9fb6-7fb0-4cde-9ae5-c81ca4347109,0.3697549104690552,0.3497212529182434
33675fd9-8bb1-4739-b677-9939a01c3b43,0.2469375729560852,0.4340190291404724
313197bd-b309-4eef-9f8c-b0ee6e14fce8,0.2652803063392639,0.3250074088573456
8d81ed6f-9c29-468f-85f9-3ffe7a4d58b3,0.5985991358757019,0.26534074544906616
d6638b4d-72ff-4d36-b37a-065aaf871591,0.20547284185886383,0.23695263266563416
e32919fb-7b84-424c-8825-a9a5ca420958,0.04116949439048767,0.14128828048706055
254a99c8-5a3c-4cf7-8bf9-e99f8b613cc9,0.22097909450531006,0.13955484330654144
25561b53-b8fc-44ef-9d22-384325cdcf66,0.6218522191047668,0.4525963068008423
823343e6-6721-4692-ab53-1f2e28cf9d4c,0.2121109962463379,0.19618545472621918
0f1277f9-f7eb-4133-a067-8012ec4ce4c4,0.2673024833202362,0.5783482193946838
3dcdf416-5329-4190-b492-4b83c3c17d5b,0.4471992254257202,0.2678269147872925
ff6a9be8-35fd-4371-9337-0a487aa6bcbd,0.22553889453411102,0.8513959646224976
93b3adbb-d8fd-4fec-90a1-2f4818cf878c,0.46801650524139404,0.5093419551849365
4b8f1d1f-9b00-4af4-bd25-ed71e9536b55,0.3702659606933594,0.4715466797351837
39ec0a97-fd2f-46cf-95e3-a2c6db74f022,0.4421543478965759,0.4568244516849518
35dd81de-9d73-431c-96a1-fb19b59eca7f,0.21133548021316528,0.23686492443084717
1b06e78a-3f2e-4445-a72f-780b27f3f40d,0.3121660351753235,0.1479499489068985
0da38645-9c97-407e-9ef3-5a2058ebcd9e,0.4235556721687317,0.6341387033462524
669aa4cd-bc3e-4c4e-acf7-f406844d697c,0.42543694376945496,0.3160470128059387
74c29734-503c-4412-8716-bdeac83ee64a,0.3335888385772705,0.31849437952041626
7c079852-8137-49e1-96f7-ff6ae8c1b904,0.37084826827049255,0.2778187096118927
f9b8a4d5-c5bb-44e6-95be-1bcc52af40db,0.4838255047798157,0.47968000173568726
0a7b177b-7671-40ba-9a36-72ef45b651a6,0.4439834654331207,0.48793599009513855
13fb2312-d2ad-4561-8a05-7513e63442bc,0.5339903235435486,0.4834219217300415
f6830a2a-5ab0-47fa-812d-703362717fb5,0.2487044334411621,0.30868014693260193
928d6e7d-0b05-4027-aadd-49f08b02ea60,0.3549870252609253,0.3208717107772827
16c3e3c9-c7fb-4c0a-9a22-65e9209fc338,0.3177049458026886,0.2571789622306824
8290bb38-7526-410d-b63b-84b2019d4657,0.1583016812801361,0.465620219707489
32075b85-b08a-4503-ac1a-f8d92d2fa29f,0.4912527799606323,0.36913245916366577
03ba1bda-c31e-4201-92bc-b5b35b3f0aad,0.7247451543807983,0.6918222308158875
6b9941a8-213c-4e54-98f5-81e437bd2926,0.23486433923244476,0.07780707627534866
aaa5c492-d3b2-40a7-bbd5-6b8e21e1003c,0.15908744931221008,0.2401791363954544
c73cbbee-b51a-42f0-a3d8-22b8fc732b4e,0.1962486356496811,0.16872012615203857
8a3f1af2-3913-4a4a-a234-136733984d4a,0.5050772428512573,0.4264734387397766
1642a31d-5568-4ec6-9004-7470b35360f7,0.23276890814304352,0.1894122213125229
4ca3ce4c-637e-45e8-9d94-d0da28effc6a,0.3691551089286804,0.36904680728912354
237a2426-779d-4d2f-8878-cc1d9895ed5d,0.36026427149772644,0.5711181163787842
4014fd4e-036c-4e93-973f-3eb49ce21fda,0.5966394543647766,0.7689516544342041
7acc2db4-2324-4bf5-ba56-194007e0bb65,0.5399045944213867,0.31263428926467896
b753ce86-ad90-4ca9-8816-215f0f968a30,0.401610791683197,0.4193299412727356
001df42a-7c6c-4bee-bbb8-21950fe87d2c,0.43643322587013245,0.38732266426086426
2e80030a-9ade-4fdb-b693-444100733c1b,0.31937897205352783,0.22388243675231934
c57088f8-7a4e-4826-9d91-2065f345a4ee,0.1714310497045517,0.652645468711853
fa89b431-41a6-4ab5-a1bf-f244f1c0ad85,0.2596624493598938,0.17313584685325623
2b38b3ba-ce90-414e-8114-88f601631444,0.3426036536693573,0.1833331137895584
2ab4f4dc-7b16-45f5-8b72-99d8d10be148,0.5427432656288147,0.5155044198036194
187b118c-c70b-4afb-9b41-5c1e09887858,0.37788572907447815,0.5245656371116638
765b576d-0989-450d-93df-1b2d6c329a0c,0.3261594772338867,0.5312786102294922
9923091f-49f3-4ce5-bd9c-fd01f284bfde,0.4521133005619049,0.5478252172470093
6b666c82-cfcd-4447-ba48-f91fcb27c170,0.488609254360199,0.5094747543334961
11abdce5-a150-4ea4-b76b-4ff36b7b0f6c,0.5647937059402466,0.544518768787384
b29a15ca-1fdf-42a3-b443-50c33f297318,0.2902611792087555,0.369087815284729
5ae5571c-31f7-4d79-86f2-3c7fa9ffb6c7,0.16547639667987823,0.31159278750419617
1734a9b5-938b-414f-8718-450d13658cb2,0.3375718295574188,0.33132803440093994
264662c6-4f40-4f03-93d1-335a268e52c5,0.4328881502151489,0.31955501437187195
609a7d44-9a1c-4585-b0f4-5ac7d9fc1f8f,0.3522655665874481,0.13005420565605164
e242bc6e-470b-4ed9-ac96-48a4d38b11ef,0.3081117272377014,0.18298031389713287
5d10d46d-83a9-4468-9b05-8bdabdc5ea92,0.33744633197784424,0.41356366872787476
b083a25d-a3c3-47be-8879-949b475d13f6,0.2018464207649231,0.17714805901050568
847fb1fc-aa6c-443c-98aa-fd4af3847c73,0.24913710355758667,0.21947532892227173
49500220-b926-41dd-9347-0edb6829edeb,0.29618334770202637,0.32636550068855286
dea3f3e4-98c4-4614-ab9f-e370785fc7fc,0.31072112917900085,0.3570263087749481
f560dccd-209b-43fd-8bb7-6629e8a30823,0.6997281908988953,0.6199706792831421
0d1aec48-f891-4611-80b2-b10476ea4776,0.23241347074508667,0.37061169743537903
dbd1c07c-3bbd-4753-bd93-6b7400eb2c64,0.6178978085517883,0.5683305859565735
ce784ff4-4411-43ae-8789-7dcd07692029,0.43762144446372986,0.41252461075782776
d35e7dfc-d3cf-40b2-8b67-b92572b74222,0.5117444396018982,0.39108532667160034
84c97f08-5998-4059-b2e6-26307c70a656,0.5052189230918884,0.4545525312423706
e948a9b0-1f8a-4166-b43a-757387ea6ca0,0.30950647592544556,0.1968989223241806
5a797fa1-07d2-47f6-b160-36e10ae5e63e,0.49060413241386414,0.5264687538146973
c9ed6b56-0a08-4b0b-bb46-4a05856c6b3f,0.6156138777732849,0.5048797130584717
b4e4e9db-8cc5-4b39-a4c7-894ed6af9c79,0.5478688478469849,0.5308802723884583
d59da61f-1141-4c74-8e7c-1e11ff2d21c8,0.11878827214241028,0.4852786660194397
7d177568-fd50-4c13-a5a5-929a12e765c5,0.51070636510849,0.16860930621623993
ed31c050-341d-4ae2-9ec5-55da770d5e5b,0.48908674716949463,0.4497530460357666
c6637931-907e-452e-aa57-299e8801d648,0.16769441962242126,0.288659006357193
05fa2554-9bb2-4abc-954f-6e21b2e52a5b,0.20254379510879517,0.22417163848876953
8d833f98-114a-420f-adb2-53884b813034,0.3304343819618225,0.22356705367565155
048f5a77-7c17-4071-8b0b-b8e43087132d,0.2146095335483551,0.0913974940776825
57046c72-5c39-47b4-88a1-6984ad1ac6b8,0.6690005660057068,0.7302879691123962
dac71653-f4b0-4445-806c-ae724a693373,0.20247918367385864,0.2508094012737274
5508c74e-4105-4b4b-805f-372aa58429ea,0.32539016008377075,0.6467861533164978
c9c7f614-e8c1-4b07-890d-2b0ffc19cd47,0.17681416869163513,0.20770612359046936
6126881f-3a6f-421a-b2ae-b74b7a52dd96,0.47924304008483887,0.2504740059375763
98bdd522-48f8-49ed-bcda-fde95a663ee2,0.5062772035598755,0.6202696561813354
35146100-1a33-4b70-ab26-4469198f909a,0.5905278921127319,0.46102818846702576
96e98dae-7c2e-4130-b6c2-4912c0e58938,0.08309460431337357,0.3662126660346985
39c953ff-bb04-4997-a6be-3f4b07e0db56,0.21945726871490479,0.3054005205631256
2b7745a1-9e3a-402d-a806-1eebfb18ad5a,0.4463791251182556,0.5589168667793274
56b24969-0004-4731-99d6-ac4931df1b50,0.4864266514778137,0.43477296829223633
eb653573-0e05-403a-b5a4-be7bd6ba3f99,0.24852997064590454,0.39628130197525024
efb927ed-be0b-41fb-b89d-1fe4f3f96f78,0.571016788482666,0.4848018288612366
dac6c4cb-422b-436e-ac83-7853ad91d9c6,0.1747436225414276,0.2720909118652344
9f53d98f-c1d9-4082-a9c7-1a95ed3de223,0.45832693576812744,0.5575336217880249
553ec373-0500-4c63-979f-a446a17f550d,0.31692102551460266,0.3590148389339447
d84fcc97-0638-4dc8-a881-596c66b75e83,0.5323550701141357,0.32141655683517456
6001c530-a64f-4128-82db-deb6bd81e8b8,0.21174010634422302,0.19975996017456055
2ff39c6a-6eb8-4890-8e25-6b6af653046d,0.22372613847255707,0.19831356406211853
5bf65083-150d-4e08-a822-fd215ecd23fe,0.4885837435722351,0.5902142524719238
a6e1d6d8-ddbb-4b54-a685-c642f4076e1b,0.4129461348056793,0.5348230600357056
adaa9d18-572e-40f0-af81-c415abf793a4,0.38710907101631165,0.7589255571365356
8cc9a757-075a-4e47-95b7-2fa63dc8870c,0.08739877492189407,0.4612337350845337
8ef45363-9070-477a-8f1f-8d7c947ea6dc,0.2272360920906067,0.6552873849868774
a2878606-f05e-492b-a581-8b00346d40ca,0.5180371403694153,0.5144723653793335
7fa2b3d7-8046-403f-9a66-8198715ef31e,0.4719039797782898,0.3611273467540741
3c516058-0aec-4a0c-906d-4b466715c38b,0.19202889502048492,0.2137775868177414
713e6e15-793f-4951-9d47-3d4688d748a3,0.3441639542579651,0.39734262228012085
fcb6c166-4da5-4efb-8779-4ba6bdf1da2f,0.02187318727374077,0.3617492914199829
f3b7819d-89cc-4dcf-a560-18d70f6f2cf9,0.5936601161956787,0.3291548788547516
041c9cd6-3351-4287-bf7d-56e1b8808341,0.232280433177948,0.25652697682380676
4fd560d4-8d90-40f8-a572-9522f966fd97,0.41390740871429443,0.5795159935951233
dc450ec8-ab03-47b8-af48-43623c8a369e,0.6799381375312805,0.41293954849243164
0f29def9-37c9-4eba-a87b-154ceec40700,0.49395257234573364,0.5588042736053467
a443d57f-b1c1-4d08-abff-3c968b8f9d92,0.6160033345222473,0.5338634252548218
1ad78f7c-f5b0-4f1a-a09c-1223e6ed015e,0.3441404402256012,0.1659916788339615
4a4ba70e-d51c-4574-b3f1-42675bef0059,0.4955829977989197,0.5190523862838745
23d95ddb-64bd-461e-b5e6-426a8b77c108,0.3380420207977295,0.4501436948776245
10770264-1216-4bf9-a955-423d82dc6a92,0.2936253547668457,0.26463067531585693
558ffced-fc9e-428c-8b62-4227a8ecf556,0.3685041069984436,0.5016515254974365
5f27fb6f-f523-4220-a393-1fee45f744e0,0.4693572223186493,0.5273633003234863
61b5d18b-450c-4fb7-9f50-47d9df3c22eb,0.3452783524990082,0.37626343965530396
81959648-7d1f-4f5e-a960-50465d1c6faf,0.4330524504184723,0.7320254445075989
0a87c92f-e24d-48fb-b064-71e8c66d5f4b,0.3025357723236084,0.21443474292755127
36c75e5c-8b93-4743-8104-122c769d1636,0.22077222168445587,0.15950794517993927
bbc7c651-dd54-46ea-b057-7b001c105912,0.24591021239757538,0.2764113247394562
f884bcde-c243-4cfd-a9ad-3adeba0ef86a,0.35305216908454895,0.15359489619731903
4c58f47d-b444-4a16-a66b-553fc767130e,0.24942754209041595,0.35513168573379517
49701721-7d91-47c7-bed2-ad411562391f,0.8467891216278076,0.7118927240371704
bd8d2a48-5146-413c-baf3-47d7b7c4e65c,0.459343820810318,0.6541022062301636
709db57b-125c-4434-b58d-f543070d8a27,0.2878674566745758,0.3500644862651825
4010d4ae-e1f4-4348-8b20-91a774bf34ee,0.697087824344635,0.5450267195701599
2e9fd58f-6036-4008-8c0b-c7d70cc43d2e,0.23716485500335693,0.2536449432373047
3329d95c-5a03-4d68-90b3-25ddba1e4c9e,0.49100545048713684,0.4730648994445801
6d0772be-9406-4257-af59-ab5f2e819e81,0.11485177278518677,0.3683995008468628
3e13600e-4a0f-42dd-876d-9741076fc465,0.3899478018283844,0.3285483717918396
16a5c03f-6538-4913-b51a-f20a560577eb,0.4564029574394226,0.6895538568496704
bf8b9f77-692d-4873-a7e5-30dec273eb4d,0.28340277075767517,0.5364799499511719
ae97dd54-084b-45d1-aa4e-eaad35b58cc8,0.5237343907356262,0.4214238226413727
4aa68faa-46af-4c29-a5af-76920608e42e,0.5979754328727722,0.6822636127471924
d6ead853-dd97-4d11-be64-7b93a24bffec,0.478197306394577,0.14524675905704498
dfadf8eb-0782-46f5-b8d6-f03b68044e5e,0.4559173583984375,0.34236177802085876
a8d36862-b0e3-4147-82a3-6ada95cc4939,0.31584054231643677,0.3805113434791565
a76f857c-34a6-4409-a2d5-1255ba6cf5e9,0.32547008991241455,0.25858432054519653
54ec0b0d-355e-484f-8554-315daf68fc44,0.4337155818939209,0.3530089557170868
f5a85657-b572-43dc-adb4-b62c8d4d023d,0.6128877997398376,0.3663678765296936
7c80498a-801e-4d4b-86f1-bfbea4247fb2,0.32262861728668213,0.47438758611679077
968bf70b-55b0-49c9-9eb3-0e9c89043c72,0.42633193731307983,0.427789568901062
c9e0ad92-16a3-4721-b221-bc7a7ea72195,0.2081298977136612,0.07801975309848785
4e5aa3fc-f0a5-4426-8fde-3229bbb1edb0,0.516867995262146,0.40907013416290283
2d825c0a-d7f1-40ea-bb9b-c8f68c10eba7,0.2902235984802246,0.3708842098712921
b287eeca-7682-4a3f-8b60-d7529988dc1c,0.30510103702545166,0.206696018576622
367d94ef-0033-45f5-b7bc-0e461e049220,0.4396030306816101,0.3296079635620117
6d40efe0-4f3a-4475-8cc3-55915a7c2d17,0.29918938875198364,0.24344950914382935
a2af46c3-ab6c-4b15-b3e4-205b55d5dd76,0.4606795012950897,0.39844900369644165
2d49847a-81d6-4d67-b36b-1bd695768cb5,0.29692721366882324,0.2644853889942169
dc60a861-f7c4-491a-9f98-ffaaf73d4b32,0.1892884522676468,0.24978944659233093
e7cda60f-1f70-44c6-b021-f485beb6c2bc,0.46035057306289673,0.47405001521110535
83279ad4-371a-4d70-a479-82fb5422cfbf,0.3242395520210266,0.19991278648376465
c77e19e5-ec84-4ac4-9a77-904b12a882e0,0.14913417398929596,0.34747278690338135
cb054419-731b-4350-96aa-aadfc00e35ae,0.32172891497612,0.3554234802722931
a9ca9655-b64d-48c8-96dc-b14a9bc94890,0.1943134367465973,0.31835660338401794
3e6404e3-86cc-436f-9cec-40f6f922cafe,0.4190710186958313,0.5394392609596252
873a9a34-e68a-4971-a397-0ce28140bcba,0.19041277468204498,0.06460859626531601
27e6ed53-de20-4969-ac97-d1c767e66e8b,0.4261549115180969,0.22514276206493378
d0b21d6b-1e82-47b2-94c6-3b37b559b58c,0.3669430911540985,0.7387462854385376
0505ab3d-b0a6-403b-83bd-1ff36755c0e5,0.24942970275878906,0.4668125510215759
c363f775-7fbc-4935-bf85-2608d84a0fba,0.20431110262870789,0.23854194581508636
06d18564-6dcd-4154-aa35-a9f326c2db72,0.32956647872924805,0.6525850296020508
2f47e25b-1df6-40e7-86e7-85cf008c7bd4,0.31478509306907654,0.2503499984741211
26e62478-4a62-4f71-8449-26edcf3905c0,0.46185916662216187,0.5055568218231201
a7ac822a-737c-4734-a6a0-05763dedc94b,0.30662718415260315,0.3161099851131439
ba6be46b-029c-49d7-a56b-f8ec2f6f774a,0.5596193075180054,0.33056819438934326
970cf7ed-b730-41a8-9675-85790da3004e,0.6488742828369141,0.3767041265964508
3c9de9fe-20e8-4b46-b795-f474a6cc1ccb,0.3347073197364807,0.3024997413158417
43d9d4f7-8542-4e45-ab22-5880462eb2a5,0.6832367777824402,0.3845902681350708
e83f7e0e-0ff6-4546-b154-1c317dfa8526,0.4350394308567047,0.5250247120857239
73f5afd2-f1e4-420c-b536-ac86aed95ca5,0.18237248063087463,0.42857807874679565
e30c01b0-c968-44bd-8f78-4d1a1ae83ff4,0.2861248850822449,0.2752765417098999
ccc59d4b-1e20-4c63-bbdb-a45cff6bc456,0.5348508358001709,0.7393234968185425
661e7f71-ccc5-4101-a026-32b0ab3c648e,0.2230929136276245,0.07107409089803696
efe9f092-1035-4d33-9527-8959d4f71fd4,0.5403668284416199,0.5521576404571533
ff9b9128-31a9-4a2d-8fe2-b53affce964d,0.277252197265625,0.18460145592689514
3f7f71e4-82a7-4ad4-8bb1-4a02e11cb1b9,0.427931010723114,0.5031923651695251
af7b1f70-856a-4394-92f1-ecc901678956,0.39243996143341064,0.2862224280834198
0a17cbf9-397b-4382-9ce0-0fd835626775,0.18374128639698029,0.3091880977153778
d88e0944-c71a-4c76-b100-44e42247fb1d,0.24268946051597595,0.3751283884048462
c5c0be96-86bb-43f7-8c71-f1c475cedf65,0.23591536283493042,0.19784381985664368
d32397e1-f5c8-4e0a-923b-b941a169a888,0.48338380455970764,0.49836769700050354
942054b7-4c71-441e-ab8a-83e413c79604,0.30434393882751465,0.3640313744544983
4bc45635-2e6f-4bd1-bbfc-c66db6521b7b,0.7466248273849487,0.5810980200767517
0c555fc3-d387-49b2-80a5-6c02ca258565,0.7147388458251953,0.6912506222724915
063223d1-69ca-4296-baa6-295672e57351,0.421034574508667,0.20730501413345337
1375cd8a-0967-465e-b190-b445d9f76bf5,0.025216594338417053,0.2075687050819397
beb8a610-250a-4f87-98ec-0bd59bbd472e,0.40049582719802856,0.27129697799682617
7be7a3f9-49c3-4a62-8f7d-13c95a530452,0.35245925188064575,0.4546596109867096
6bf5185c-501a-449b-bc7b-c096f66c18d7,0.22586849331855774,0.16999924182891846
3d4aa8d1-9c33-47db-91d8-91982635e8d3,0.4755910336971283,0.5072651505470276
5a4e4ff0-d972-4991-8f91-bcf4dae1288e,0.21209631860256195,0.6506876945495605
069fe406-47af-4c57-ae9c-2ffea2a0f7ee,0.6685056686401367,0.6159188151359558
efd324dd-68fd-4a7a-a860-8939f7f1e4c0,0.24131081998348236,0.3179057538509369
0f277b11-2ac7-4769-b857-6055461ec558,0.37207573652267456,0.36017268896102905
1d846682-2dd7-422a-b77f-975ca683ed88,0.5347049832344055,0.35938894748687744
dce8a563-9c78-4ace-8ca1-3e1b6fd2b1b6,0.5309547781944275,0.3876378536224365
5df54bbd-457e-4c76-be01-e6ece9d8a254,0.4267680048942566,0.5362628698348999
99d2fd49-f52a-4c24-89c7-3b346f4c5169,0.4495900869369507,0.31537961959838867
0c375b3e-3b7c-4bd0-acdc-7d4e71b8dbf8,0.1272868812084198,0.1536867320537567
c56e19f8-ebcb-4986-b474-ddd42dbbdfee,0.5907244086265564,0.7320162057876587
6e85099b-6686-4fca-a81a-bbf17f40c09e,0.46702954173088074,0.24618735909461975
103b8bac-e6b4-4682-a040-5090410685d1,0.23744498193264008,0.5975469350814819
930c9d40-894e-49ec-ab5e-e99632fc7136,0.35282984375953674,0.6392120718955994
bf5a0b2e-43fa-4e0d-957f-7beff5009909,0.8222501277923584,0.7733609676361084
5830252c-4cd8-4df2-a3d2-ffc46a1391cd,0.5651922225952148,0.5088659524917603
261f4708-683f-4aba-8fa5-5b267ebeef0c,0.25809916853904724,0.3091753423213959
1d503d1e-84cf-4461-86f0-948a27c9330c,0.3784966766834259,0.47108009457588196
148092ae-3c1b-449f-9901-8057f5dd76c3,0.6686391234397888,0.7128650546073914
aacd1de8-0707-4870-a2b8-2fb9fa0b484c,0.1113966852426529,0.5070730447769165
42736ec0-16cb-4e19-9404-d48ca24d08f2,0.6563636660575867,0.7896912097930908
5e7c3657-d66c-4d1a-aba3-8ce8fb109538,0.39555951952934265,0.3731648623943329
7abd6e73-645c-4ab4-a63d-2a232eea4d1d,0.6400681734085083,0.3523205816745758
e4724aa4-c974-43b9-902b-9e0a50e21465,0.2099848985671997,0.25246661901474
6e61a007-5fa7-4275-b45c-9a2d7a8ad2a8,0.17618711292743683,0.20848537981510162
1bbba135-3f42-4f1b-9bb4-6fcc69df64f0,0.4529546797275543,0.28399574756622314
50e7e0b7-5c28-462d-8bd6-3bdfecf1f40f,0.374431848526001,0.3109896183013916
0edacb01-c9c8-4f8e-bf3f-f43518f03213,0.39780858159065247,0.3983425199985504
106fb699-7469-4d23-a582-29d7ae7b2898,0.1745825707912445,0.0843515619635582
9fdef8c0-2910-4eb7-8f79-979dea4b7aa1,0.07362667471170425,0.35407644510269165
c761de18-82df-47ad-a7ba-1e97533a2406,0.408616840839386,0.11394517123699188
1ee61f07-0a66-4d41-86a8-26a30660d3f7,0.765187680721283,0.23806583881378174
b90a2af2-8141-466c-bce3-d0b8c599cfc1,0.33791929483413696,0.4275114834308624
1a4ca91d-6bae-4a04-b605-b9a645099621,0.48607611656188965,0.2174251228570938
419324ac-9daa-4b86-ac21-482b3bcef5ca,0.29947513341903687,0.10462015122175217
3ab12b02-0972-4e68-98a2-72bcab9257a8,0.2354002147912979,0.190266415476799
043877dc-d64a-4868-9600-72d27c0f8aca,0.23029372096061707,0.14757031202316284
091644b8-fd23-4acf-a3b4-e244669f7f45,0.16888003051280975,0.12779206037521362
c00cac38-57df-49de-95fa-bdf5e94f52ea,0.40478959679603577,0.35694098472595215
0d70ad27-5468-4aa8-b375-c0a273f73bab,0.6614029407501221,0.4034075140953064
add7d561-802c-4697-8280-484420ad3d80,0.6245770454406738,0.7335249781608582
4615d59f-be35-4bb8-8990-988e2f16ade7,0.3478649854660034,0.3885137438774109
f5e38006-7951-497d-812b-a272e2ba5780,0.3626043200492859,0.1608893871307373
5828f905-bd2a-4c27-9c05-7f6a6e16fe0d,0.2972888648509979,0.38130664825439453
6b1c8d84-ad44-4247-ab03-dcf4c6bbbc82,0.22958531975746155,0.1458851546049118
c82c141a-27e9-4a5f-9b3e-c1ae1f33ace5,0.4672987461090088,0.31364962458610535
603fff0a-05d0-48f5-84c1-550fc754256b,0.3309449255466461,0.33483225107192993
f934d116-c42c-4ec4-9b6c-d910999099c2,0.2473069131374359,0.3840143084526062
e29bc99e-a7be-45bc-a36a-bf68c6ff5797,0.3334709405899048,0.3447754681110382
64f920dc-a877-4397-9b07-f144432fa0ca,0.4392814040184021,0.5228621959686279
7fa74ecd-3feb-4205-b2a4-d173f8b0c2bf,0.32210609316825867,0.5062867403030396
88670c09-ace5-49cb-960d-3eb7ddaf950e,0.3670683205127716,0.45625829696655273
ca7ffb91-a043-4ab6-adcf-d43917f8e882,0.44530677795410156,0.4727054238319397
4eec9565-76b4-4dc4-91df-479c71dcef70,0.25706925988197327,0.7206203937530518
14791a39-5879-4cc8-91ef-ce366e93bdc6,0.27282753586769104,0.540848970413208
d6c07fc5-9379-427c-8db3-d1e216c61829,0.392816424369812,0.4803106188774109
1759a271-0642-4f98-9330-4b577776b818,0.45779818296432495,0.4248239994049072
a711473b-b049-4d72-b54a-0f545f3a790f,0.5848584175109863,0.7011078596115112
dcc66657-38b2-4f66-88de-8edfab3399d5,0.19503356516361237,0.5537884831428528
d18c71ac-cd73-44a3-8e2f-0bfa247ba70b,0.43554064631462097,0.18601784110069275
8b7ab48c-435b-49f3-926d-74cd9a50fa41,0.2536882758140564,0.48171544075012207
ffcd78ff-f1c4-416a-b3d7-d4f9fe32c83a,0.1587734967470169,0.3157905042171478
55384f51-96ba-4ce5-91b0-2a5f55e1b028,0.5410618782043457,0.5197809934616089
7de18c96-2e6d-4316-a853-c696e3d733f9,0.5853769183158875,0.5320281982421875
1f677d6f-802f-4b54-8e0e-2f4adc4259f9,0.1539066880941391,0.3633194863796234
ca30ecd2-9808-4e52-9c0e-4b9e0ffb3f8d,0.3281206488609314,0.28537851572036743
2f595ff8-e86c-4de5-aa27-211501bc5a4d,0.167108416557312,0.4388076364994049
a2676c5e-becf-477c-9de5-a1356bf7456e,0.6647719144821167,0.48428866267204285
b0d23a4d-9885-4428-87a5-aef0a58b8928,0.3548485040664673,0.3666876554489136
7ea28324-be74-49bf-9f4e-314c874819c7,0.21105113625526428,0.44394510984420776
2ae5e008-8777-465c-8cbc-7b42db210ea5,0.5123438835144043,0.4689040184020996
ff8e9ac7-0619-45d1-b827-7ff4275e399b,0.49000564217567444,0.25213831663131714
b155c21e-4c58-430c-9053-3e4f5d896145,0.4243619740009308,0.4228315055370331
c1984cf8-6fc1-43c0-929b-c6d713c41ffb,0.582246720790863,0.5322296619415283
978b1dfc-732f-4856-9a14-05011f2a4855,0.4614308476448059,0.5606693625450134
811ef3dd-2646-4008-967e-009049c2624a,0.24581076204776764,0.3561673164367676
0e1cae86-3c60-4150-b34a-f306fa9fa1e3,0.36342111229896545,0.3439803421497345
e5d75f5b-9c53-4698-a49a-4559715831e3,0.6475852131843567,0.6493806838989258
215b8a85-692e-4d23-a29f-c9077d9bae51,0.2551967203617096,0.22537913918495178
4828eea9-7ca1-47c6-9b58-3b52884ac626,0.4272420406341553,0.36010652780532837
976a11ff-1a3c-4f4f-9b21-3179f2d9cf20,0.4939616620540619,0.36146947741508484
ce73399f-5905-4bc1-9ab4-5d12c7039cf2,0.6643979549407959,0.5958530306816101
e71d07b3-5647-4fa3-9b90-27ea083b39a0,0.569512128829956,0.2978701591491699
952a11be-e6f9-4e0b-9b9d-2b2be66a3a54,0.4701406955718994,0.17408789694309235
d0ecfef1-dc1f-4c54-820a-04e4c623da1f,0.6089104413986206,0.4588886499404907
629ec1e3-0d93-45bb-a0d9-cb645c89ffe7,0.7547712326049805,0.4852456748485565
1335f94b-5780-4228-8c68-74e56ddd452e,0.4174264073371887,0.4032772481441498
19b67b77-cb21-48dc-bde9-87f8670a1538,0.3600858151912689,0.37333235144615173
705a69e2-7aeb-4c94-a1fb-2997d11e74ca,0.247813880443573,0.24367152154445648
552067ec-e238-4c17-8fd1-e627fa6c0af5,0.6262697577476501,0.4256608784198761
d84e663f-3654-4808-a3d2-cff4f40bc5b1,0.3367815613746643,0.2557021975517273
6318c4bc-e94f-46d1-b8cb-cbf9c8bb2d58,0.31250226497650146,0.5453588962554932
0db573d0-dc8e-428b-a483-6e71a11a0b94,0.5615348815917969,0.5044803619384766
120aac36-5d49-4b9e-ba55-7a45495cb786,0.38754868507385254,0.2791803479194641
28bf468c-50cf-432e-abae-216ba816a399,0.5282549858093262,0.6079841256141663
b9124010-865d-43e8-a341-75280447382f,0.1008734405040741,0.2243003100156784
c977fd68-7741-448f-be29-f049268652d9,0.613282322883606,0.40386590361595154
ea067ab3-67d0-4860-a5f4-7ee4492d3f3e,0.7111600637435913,0.6121644973754883
feb5f3a2-3e9b-466c-82b0-931fec45abc7,0.6857312917709351,0.6572988629341125
71da85fa-e6bb-44e7-82f4-3eae7fb0c2b8,0.48731809854507446,0.3961908221244812
0fd8d108-d8ea-4093-8a35-f51cf70fe5fc,0.5907108187675476,0.5463452339172363
e06719bc-6fdc-44b0-b40d-2892b339ba7b,0.13982857763767242,0.1536078006029129
2ce0a18d-0c2f-48bc-b634-73ee52b540f0,0.372410386800766,0.4958903193473816
0a6db8cc-a132-4588-b5d5-2ea500b33c05,0.31975850462913513,0.5240736603736877
99acf9ff-e624-4ab4-b904-ec640c20593c,0.5079214572906494,0.5887019038200378
f1911438-d757-4798-953e-eee6c5397dc6,0.4739765524864197,0.6078776121139526
da333c2d-fd57-4270-871d-8dee0045f51b,0.3940330743789673,0.1933896541595459
c63cf569-80b3-42a2-b42f-cf47598684d5,0.037369560450315475,0.4702015519142151
ff38333b-722a-4c39-94b7-5ba1dfc6e556,0.49193495512008667,0.6836591958999634
c32c85c1-62a3-461a-88f9-bf8d98c057fc,0.4306342601776123,0.39042145013809204
9bafd29b-aaf8-47e2-b0d1-b4600723e8f4,0.30100101232528687,0.17762112617492676
add4b967-73e6-428c-8b76-0d35e20d61a4,0.5241857767105103,0.19822295010089874
f89a91ee-9f17-41cb-925c-5cdf45990be3,0.5261345505714417,0.15620115399360657
b5a83206-0f36-4dce-84ae-083105802b6a,0.4834783673286438,0.7087552547454834
2ba6a29f-c6cb-4be4-8958-3f76ccf6f08e,0.42974451184272766,0.3678875267505646
14109871-2c9b-499e-8033-c5f2b0d14a1b,0.5748096108436584,0.39148643612861633
c8a83dec-8666-4241-8637-daf8c5e9c9fd,0.48750701546669006,0.8083377480506897
ac6e7c57-bc25-42a7-ac90-05098af8d1df,0.4437815845012665,0.31353959441185
1a6f72b0-88e5-47b8-92d9-141200921477,0.3336779475212097,0.45361822843551636
77d497cb-8ea6-4fa0-8b07-637f789425c2,0.26882922649383545,0.23618626594543457
60c41b64-a700-4370-8ed7-4061f074d9a1,0.6410433053970337,0.35958391427993774
999f3b11-5d26-41bc-a542-e0a6dafba00f,0.09242349117994308,0.11923078447580338
1e71748f-a74b-4117-a7cc-4cd49620228b,0.31881123781204224,0.46938759088516235
686d0a57-8b7e-460f-972a-65c314ef3999,0.6916380524635315,0.6104342937469482
a77d6cba-d46b-4801-bb5c-70fc0b97800d,0.2570245862007141,0.3173438012599945
6d8ef0c4-7b5f-443b-b9e1-c95bb507a55e,0.3399486839771271,0.0827205628156662
7114ba39-aebb-45b2-a2b8-4d53647c81ea,0.1086757481098175,0.09986991435289383
015efb0e-8d0f-4a81-8bb2-c1906451f09f,0.7292333245277405,0.3499969244003296
cd0399d2-96c1-4a2c-a0e4-2361312a0bf8,0.1804271787405014,0.3705497682094574
d08d37fd-9914-44c3-a11f-591565f46a10,0.4448878765106201,0.3029373288154602
3a90aa96-7867-4e9c-82fa-2904543f072c,0.15738900005817413,0.17436061799526215
69490a80-2168-459d-8081-c427fad01c74,0.42337119579315186,0.20406576991081238
35db21bf-01e3-4eb3-a3ec-98869fe34242,0.26370057463645935,0.3372154235839844
15946f27-9852-4e00-a6cf-f0f8d1e6c471,0.6034990549087524,0.5960906744003296
56fa9b11-6e0a-4f67-ac67-30e4ff40dcb1,0.5884330868721008,0.6359809637069702
965b65fb-69f9-44dc-9d7a-abf73c77c5ab,0.28051573038101196,0.25501999258995056
a6ef24b0-8d15-442c-905b-9952779c27a1,0.23883746564388275,0.17504116892814636
bfb3cf0c-3cce-4b1f-b953-ebccf25217f6,0.256870299577713,0.05644257366657257
701cea8d-4be7-4533-a5ae-2558ea63dd4d,0.4046114683151245,0.47378405928611755
2a5347ad-a91c-42c3-86a2-b8e3edcdb4b0,0.489009827375412,0.7677782773971558
31787fb8-6f36-40f6-88f3-f588c5cb28e2,0.6297522783279419,0.6819466948509216
fdbceae0-770a-4d16-8890-75362a17e25f,0.14434804022312164,0.4593307375907898
be83c2be-8761-4cce-8c56-dc027929393f,0.6598719954490662,0.2257838398218155
5ac09084-6bac-4761-b8d8-adf3b7912dab,0.3719017207622528,0.42412444949150085
51f11eec-b9eb-4bae-acd7-03886c91675e,0.4971107542514801,0.4078826308250427
81e69e5d-2cb1-4059-b497-b43577392a99,0.6208634376525879,0.6026196479797363
ca70b26c-2edb-474f-8b2e-6f3f00905fb0,0.25064951181411743,0.29292306303977966
bb49eaa7-a2ea-4ca8-9ca9-838bfe384b4e,0.332497239112854,0.5931559801101685
a643c405-45ac-4245-a3d3-66208ac077f9,0.23877744376659393,0.4217028319835663
aec3209e-fac7-406f-a129-7c2b41c20fe2,0.42809027433395386,0.5902097225189209
851b28b1-31d3-4f81-9414-1760f328f07a,0.22515690326690674,0.30660781264305115
c19ec643-99c6-4a27-bb9d-689ff5d5a036,0.4832342863082886,0.30671876668930054
e8c07445-8e02-45bd-8b31-a3696b3523c5,0.3052501082420349,0.4721999168395996
800c26cc-5a4c-46d5-a417-c52e53482df0,0.5950554609298706,0.5503561496734619
65dae43e-c570-4e77-88a6-0b64479e383e,0.3387574851512909,0.37917888164520264
09052ed8-4951-496a-bf96-1d665b942abc,-0.0003160610795021057,0.24609626829624176
773e400c-9ba6-4aa0-9299-10253cac009f,0.451058566570282,0.21613863110542297
fa6b61d5-9ea0-43b6-9d5e-05afaf2b5f63,0.4490414559841156,0.41348785161972046
27157c02-49b1-483a-9745-e6f654428dfe,0.3677825331687927,0.49021512269973755
696f32ce-3d68-41ec-96d9-7b958fc4cde0,0.29876166582107544,0.24164347350597382
67f83b61-a0fe-4599-8cc9-66ef0e1ba4fb,0.39660900831222534,0.04842473939061165
35742286-71eb-4bc9-ac2f-b41e6b8b1c2b,0.5094448328018188,0.1594577133655548
65c8e152-567a-4b94-968d-48b75fb9687f,0.17502298951148987,0.07207873463630676
6eea24a9-3542-4a46-949b-778c96e5712f,0.355615496635437,0.18514089286327362
40236de6-9cb6-4a42-be7b-efde6f86af05,0.23082122206687927,0.5829941034317017
35c32a1e-cf05-4d95-8523-733082a30cab,0.3848148584365845,0.21358206868171692
fe77bddd-892f-405e-acd9-f1cfb8522d74,0.5101284980773926,0.6646134853363037
eb534ad9-b837-42b2-9d9f-863d22de6183,0.3478473424911499,0.0995672196149826
5803a261-2dd1-4156-bceb-c81fca0ca1b9,0.13401168584823608,0.38121405243873596
5c029f1f-b635-4a8c-b469-1816892ad31d,0.378069132566452,0.3199778199195862
ca59756e-6ff6-4d36-8c69-70d8f21d6d6b,0.41026532649993896,0.40408778190612793
173df287-22f6-49b8-8d63-f422129e0dfe,0.7672533988952637,0.5175594091415405
e450d3ff-2902-4182-96d9-eadf4e570a1a,0.46043768525123596,0.36007410287857056
46d66ed9-9b87-4bcd-90e6-9266d21015da,0.6359668374061584,0.5963444709777832
ad2a375a-a800-48a6-881a-7c034f4b3f9d,0.45662471652030945,0.4585573077201843
fa10c3d0-1dad-4423-9054-b783c6f4d4bd,0.32173556089401245,0.13324026763439178
4527bb6a-c109-434b-bf49-dffe2874b903,0.47126442193984985,0.5586049556732178
7013497b-6bac-4e24-a1bf-9ce80a31bb21,0.3634076416492462,0.4385892152786255
d4395ad3-c9ec-4e4f-805b-2a9772b8bdd3,0.15277472138404846,0.12686653435230255
ad552657-42f5-4d61-9b9d-2992a13e6358,0.4575223922729492,0.30077028274536133
fd578a8b-fd54-45a5-916b-a60797100095,0.144264817237854,0.46996214985847473
f407ed78-e481-4579-8b32-5b4bca206a04,0.1480589210987091,0.3359236717224121
4baf0727-0769-4a16-b57c-0f65138e476d,0.2562102973461151,0.14214566349983215
3551862d-06d4-41b1-94a7-f547eb6d6063,0.25224992632865906,0.23629403114318848
5a26b3c4-3d2e-4ffa-89f3-e7e3c7994a85,0.27996397018432617,0.3818923234939575
518faf54-80a9-4ab0-8019-4f9b76ac419b,0.4738025665283203,0.36473485827445984
6266a3b8-2233-4bca-b648-7fcf5301040a,0.42606455087661743,0.37664440274238586
e4cb65fa-0052-496f-8407-91adb01a783f,0.5569766759872437,0.560787558555603
7ae98915-03b0-40ae-9cd0-e1051e88c454,0.674620509147644,0.6631664633750916
abb6f801-84a5-4f5c-8acd-41366562540b,0.18929386138916016,0.24808336794376373
7eb48737-de7e-4935-ad07-fb6bd6323923,0.5481137037277222,0.2654661238193512
ca091eda-e978-4722-b8c3-8fd607ab6ff7,0.46037328243255615,0.0912676528096199
fa858dfd-9b76-4b82-9c28-d6af70649a5c,0.6588771343231201,0.38229241967201233
1cb827d2-5dca-4618-8787-770e5b31e5fa,0.5649129152297974,0.6840306520462036
0d6425fa-bf7d-47e9-803c-4918ebbfe1de,0.3119540512561798,0.4959993362426758
5869b273-6f8c-471c-a269-a976c4a2a2ba,0.5447484254837036,0.5026116371154785
eb063789-2d4d-49ab-ab4b-bdccc21ad5c8,0.2482692003250122,0.19778278470039368
e45ad242-95e8-4d1f-98df-068e883d7224,0.4538711607456207,0.4947841465473175
51a5d37a-b747-4b2b-ae86-77417dfd37bf,0.5031569004058838,0.36899739503860474
0f00cda0-7624-4e4f-bbf6-b3b185448063,0.701530933380127,0.4367469847202301
f8dce44f-2d2d-435b-9c0b-613d2011882f,0.3311375677585602,0.3971785306930542
f4afa99a-a6b4-4023-bce9-3c5772ccbb3d,0.30287837982177734,0.44875964522361755
10580bae-a7cf-483f-aa01-49626781a87e,0.14418275654315948,0.20460145175457
72afc487-caed-42ff-b8cd-fc14176348fe,0.20294970273971558,0.3003317713737488
115cd979-a1f5-460d-90ff-4c1fc637f930,0.32865428924560547,0.20600049197673798
34f11687-2858-4acc-9f91-968cb6d4a1d2,0.30140718817710876,0.34871718287467957
90d91e34-19ae-4ab5-836a-ef991863d531,0.3026139736175537,0.3874897360801697
4b43c037-c52a-4076-af93-caf125331695,0.15403565764427185,0.3455665111541748
bee156cd-7812-4c67-ba93-1b2c497ee364,0.7622218132019043,0.3981408476829529
33ccaec6-8ae3-4569-8a79-05ccb6b27184,0.23229339718818665,0.16663233935832977
ae768ce1-26e7-4d76-8a2e-2a53bdd8d8fc,0.5373780727386475,0.4098908603191376
958ba547-7970-4a46-b969-c98dec34907a,0.7673993110656738,0.6770043969154358
2a1b4844-f9c5-4c5c-92e6-bd9b278739c2,0.5626797676086426,0.42153725028038025
240e4087-d102-42d2-a7e7-07c116811129,0.6452494859695435,0.6119974255561829
b358c39f-5c1a-4274-890e-e7ef1b44cc09,0.6096997857093811,0.1572219729423523
8af86cec-fa88-4a5f-932d-3113fb225eac,0.6312200427055359,0.5981937050819397
c71f92f5-d1e8-490e-8226-af55bd39ed69,0.3981185555458069,0.30816400051116943
248a69a6-117f-4512-92db-7bde99a2ab0b,0.43969714641571045,0.717280387878418
e33c53cd-ef8a-4db1-9c32-f959915e58af,0.435221791267395,0.20117110013961792
2ad820ab-e57f-4652-bd55-8d65676cc26a,0.30533409118652344,0.7253370881080627
17701a43-538d-43de-8115-113ff7211818,0.45406392216682434,0.35704734921455383
a4d8103f-fb5b-47b5-9bb0-619a13fff746,0.5687010288238525,0.39808326959609985
d55d516a-381b-448f-a955-de72d53f50db,0.5609513521194458,0.2373541295528412
aff4c215-48cf-46b6-9e7d-0f66bab8fe98,0.4165329933166504,0.39416009187698364
cd3eb218-2b2d-462e-b33e-2747b8dfaeb3,0.28456369042396545,0.3271111249923706
f15ddccd-7a21-45c3-ab3f-241ef3b2e4d3,0.3717138469219208,0.6229085922241211
ddb2a703-b9a5-4462-98c2-eb6705f1430f,0.4330045282840729,0.4734538793563843
577c1232-e3bd-4650-8f6f-17d941d9cb6b,0.24400095641613007,0.1683393120765686
7d5f167f-0f44-4bed-bf1d-7c6a1fbaa6db,0.36574360728263855,0.5445228815078735
8175fe68-8698-40ec-a14e-7fe61c43a17e,0.2083452343940735,0.12677574157714844
cd83513d-dbe7-4931-badb-7adf2c0a1b95,0.48251044750213623,0.4450955390930176
91143c2a-eb2c-4524-8ff5-98c06aa46da2,0.2664159834384918,0.28573161363601685
3ed55cbe-f198-4d64-b083-4c27788cf82d,0.2782185971736908,0.19069263339042664
2928e9de-f40c-4851-8d2f-a8b70e106751,0.17443132400512695,0.09381610155105591
047d8c8e-c97e-408f-a29d-2d1650e82a18,0.3565811216831207,0.767227292060852
202a3b75-1851-44dc-9162-4cd6123e5ef5,0.5569117665290833,0.6367624402046204
69742aaa-ec73-4354-9de2-2ee4f8e19ec1,0.17574651539325714,0.18050888180732727
e7594236-eaed-46c5-8389-f1e099bd5e11,0.4527498483657837,0.27586835622787476
81a217ff-717d-4416-a45b-25fe7be0d0fa,0.24674548208713531,0.3135690689086914
a94a118d-643c-434e-8a5b-626aff2969e1,0.2708929479122162,0.23692739009857178
e56d5c8d-221c-4388-9a15-c38af332120c,0.04793413728475571,0.6520299911499023
3bb6cd39-ddc2-4265-9119-3b7ec21417e9,0.33675989508628845,0.5150034427642822
dad91d83-5774-4465-9256-0168882ff253,0.19833360612392426,0.3423764407634735
1edab233-bd17-466b-b096-763a79b68f7f,0.20545268058776855,0.21586832404136658
d1fdbb06-3fda-49a6-8987-4aa10930bb53,0.1695270836353302,0.5746235251426697
e04b2175-4e43-4660-a9bc-fbb0f0a2db6d,0.23952431976795197,0.32532259821891785
dac28c5f-fbd7-48dc-810e-c5126ac2ac89,0.2588233947753906,0.4143637716770172
61eaf272-ed42-4f8f-be21-d1f5d08232dd,0.09869273006916046,0.26917481422424316
15f0716f-58ba-42c1-8551-969e4fed73b8,0.31790822744369507,0.3330911695957184
9b84f608-dfbd-4e83-8f09-82371de7b597,0.4974825978279114,0.46159645915031433
549ab2c4-c609-4c30-b0b9-ce126b9cb78c,0.43913471698760986,0.46062231063842773
8752af72-d046-4b0c-b8f2-70b7830775fa,0.26105692982673645,0.17342710494995117
c578bb8a-96b3-4f9c-8e57-086bb7a1b4ec,0.6670888066291809,0.6941238641738892
2f54110e-3ffe-45b0-84af-58c6e04c9056,0.3747689723968506,0.16320931911468506
aff182db-fdb7-40d4-b5e1-b7832062b4c8,0.7283555865287781,0.5440850853919983
b25259c8-032f-41ee-b65d-91e191d79bee,0.13397173583507538,0.2624085545539856
d3b8322e-701b-4fc9-9c22-19829846be51,0.40697458386421204,0.43368518352508545
0651e816-17ac-4226-9b7f-6391936ced7d,0.14490526914596558,0.39358407258987427
8eb0f3e2-f19f-46d6-8ad5-fef5aee976bf,0.32304009795188904,0.3592654764652252
b5225b40-7c56-4569-907e-8ac547e7ed7b,0.40298357605934143,0.6030446290969849
3a97e4bc-6cc7-4c33-bf8f-4f31ebca4e6e,0.6241660714149475,0.3753798007965088
8078b014-a08d-4e23-8c52-bc82316d7207,0.4162267744541168,0.3525497317314148
92eac3bf-1e5f-428e-bad3-52b72ff12be6,0.3940458297729492,0.4024950861930847
90396c59-53e9-41fd-b6c2-fe87d57e0064,0.7486820220947266,0.7416837811470032
642a4773-0c58-41c4-85ed-c9544b642ded,0.5928632020950317,0.6061413288116455
896f3a7a-76b3-4cf9-ac0b-286e62200f8e,0.4132906496524811,0.41251909732818604
792e9960-ab64-4b97-a921-5f2eae24af47,0.5494688749313354,0.46808120608329773
70a48e6f-a798-4f68-a865-4cecdac6c262,0.14599604904651642,0.4512205719947815
3afb1043-b5e5-4935-9d2a-819270164bec,0.3723251521587372,0.23608994483947754
8591a808-13de-487c-8468-0d49058b5ad3,0.20269201695919037,0.24859461188316345
7a3f8018-cb36-403d-b464-14f3a6872b70,0.14424696564674377,0.14373603463172913
cca245f8-ea9f-4110-87c5-9b23b17ce789,0.5533698797225952,0.4960388243198395
f5666b2f-ccbb-421c-ad5a-a0dd0e3cf52a,0.2686491906642914,0.2952774167060852
e46e91fe-65e7-42f0-93ed-bebd23ff903c,0.5894743204116821,0.6570208072662354
ca41e234-633f-4b0b-8f7f-7cca85b688ea,0.38168391585350037,0.3085533082485199
8683daa0-eb11-418c-b411-046283484c92,0.5296744108200073,0.5564486384391785
8f7be9c8-a310-4319-9ae1-5c20b9b0f292,0.394141286611557,0.323662132024765
2c2e3bc5-3cda-4c6b-9173-41e4eeaf36c7,0.1045265644788742,0.24739311635494232
cca36237-4d06-4282-b20a-47006348b0a2,0.8057527542114258,0.679923415184021
61d3fcb2-33e6-47c7-8ee2-80230d9a0717,0.31921955943107605,0.5593250393867493
3be5ad30-ff57-4914-99b8-b89ae807bf6c,0.21366634964942932,0.2536928951740265
b0646c99-45f2-4db5-bc83-e60e69b37387,0.12793883681297302,0.38836756348609924
a555794a-41f6-4893-9125-1a0a3a5445f1,0.3871745765209198,0.25789833068847656
418b31ba-eb1a-4986-b569-dafa82f58bc3,0.24051354825496674,0.5037009716033936
3213262c-8178-478f-9528-61fdc6f89dee,0.38092613220214844,0.48844674229621887
900e1a7a-c221-4b15-9998-750301bd6a31,0.6401234269142151,0.3008859157562256
89cbffbf-4258-47a7-944a-9241ec0c2f17,0.4022220969200134,0.38602182269096375
9b291170-7135-4249-9411-24c27a685414,0.3200169801712036,0.3215591013431549
f5625636-c343-4673-8695-dd8f5ed5058e,0.0883607268333435,0.2798556387424469
4491c70f-158c-4c4b-b5ed-87b3812711f3,0.6506834030151367,0.5789000988006592
b666186a-9b57-42d0-adb8-96ccab629c82,0.26270559430122375,0.3856140375137329
76e63073-9411-4974-b799-5d2d97b66955,0.18466581404209137,0.19469159841537476
9f211d53-a8ce-4dbb-9962-d0a7a431775c,0.5067936182022095,0.6403754353523254
7afb9047-0f6b-42cc-9787-34aacba9d03b,0.5592090487480164,0.48037272691726685
a7055395-54de-49ed-83dd-c185ea15d576,0.43945419788360596,0.28170567750930786
e45e2974-a14f-4f8b-b681-ca7cb37cd2ee,0.5498676896095276,0.33500027656555176
2f5c65fb-843e-4997-8140-13f5f38c9137,0.46598535776138306,0.6248651742935181
f3c5e059-72e7-412b-9248-80396c4e240a,0.2909965217113495,0.4831520617008209
2ad06102-faf3-4d63-8256-be03d543ce2c,0.18520556390285492,0.2970579266548157
2db35e99-36cf-4fbd-876d-d26fe8b649c9,0.48707154393196106,0.5937162637710571
7c8964d9-c397-485d-86dc-6b95fb3be64a,0.5762600898742676,0.300069123506546
2e2b0ba2-cc01-48ca-983d-50109116c862,0.5065603852272034,0.6171042919158936
2406943f-8a63-496d-8585-8ec3abac0f49,0.003064345568418503,0.047670628875494
0affefb8-3cfd-40fd-b5e5-cddfb5d30428,0.291667640209198,0.29162946343421936
b6c98944-3cb1-4d9d-877d-bb5d463526a5,0.4327903389930725,0.06839411705732346
80191f19-91bb-40f6-be0d-17f33e002c19,0.49655041098594666,0.4552382826805115
b088959d-79f1-44e7-9fd1-b69dd14acb87,0.5803179144859314,0.6277275085449219
6d412966-5675-41f1-bd11-65f3a2fa5797,0.26758259534835815,0.3884730935096741
1a83c1eb-7041-4040-8982-7cb0b63c9c20,0.5424163341522217,0.5245493054389954
79afda6c-31b6-4201-ad86-233ab808ef8d,0.47554486989974976,0.3044733703136444
953792ed-bd0a-4c95-bc6c-7965187afd82,0.2562819719314575,0.15762324631214142
8552c047-b700-4b7b-95b9-f149cf26cffb,0.3192281723022461,0.17286416888237
04a3004e-2468-463a-9481-8435917491cb,0.3852044939994812,0.26158571243286133
844bc94f-b9dd-4c80-874e-b56c300fcca7,0.5684167742729187,0.5955354571342468
96736ca6-46ef-4ed0-8a12-3364ae3b27da,0.49668440222740173,0.7032528519630432
fed543f8-a766-4304-a8ea-d84b18bfadb0,0.3464556932449341,0.5383286476135254
34e043b3-9511-4589-8d32-3c91f92e0365,0.3912599980831146,0.15298259258270264
9e9c90c8-f951-4f4d-a4a1-9c0885008086,0.4346964657306671,0.5896458029747009
5266d0a9-9676-4b0f-9947-5f0b9d2f5227,0.4538702666759491,0.4066222608089447
5a68e437-26e9-4c2c-8390-e09787adf317,0.5942750573158264,0.4797099232673645
7dd60447-f348-46d6-a9c8-a8c0e1929ebb,0.4997484087944031,0.3375020921230316
04e5efa9-1c6c-4316-9aa3-be095b55f14d,0.43350833654403687,0.5724709630012512
b92f303b-57b3-409d-a126-e8b2ed6dae8f,0.23140600323677063,0.547211229801178
0f16f911-002b-42e5-a03b-0f0d481a7abd,0.3709925413131714,0.5868043899536133
d198e207-13f8-45bf-a627-7f3418b98968,0.30789947509765625,0.1789795309305191
caae8e0c-2dd1-40f5-9444-5a41c6ec5093,0.49810436367988586,0.2883527874946594
471915a5-c895-42c2-9541-b2aa27f5a419,0.6919214725494385,0.34847158193588257
4e92b613-219a-4068-a04d-3789c266ab3d,0.649325966835022,0.4369569420814514
7077f2e6-ad0a-4c7e-b21e-cd28243d886a,0.5889408588409424,0.5785732269287109
d96069af-cdd7-42d9-a4f2-1837b3b42d88,0.4335929751396179,0.36261433362960815
39d062a5-c89c-462f-a0df-876cba16daf3,0.5281478762626648,0.290026992559433
3541e6f4-8e10-473e-b8d0-2854f882e5e8,0.2133612036705017,0.3751104176044464
cb6da984-9fc8-467a-b366-4d19e2889158,0.3898342251777649,0.3207350969314575
2f0b9829-8c65-4cdc-a6c7-e4c5d31b517e,0.4343286156654358,0.3534574806690216
f2d8aa08-96e5-4ac7-b8b6-d7198d74e738,0.5345085859298706,0.5238237380981445
a320d13e-5936-4b94-b152-81c7f2880d12,0.6997946500778198,0.5869151949882507
82491e68-a823-425d-9496-d26a1e8be976,0.3260435461997986,0.2562336325645447
1d7c1148-bf98-4578-ac1c-148f12c3595e,0.549769937992096,0.30686381459236145
cd2c799f-ffe8-4a32-aea4-09bb5cee816e,0.29209813475608826,0.4292275011539459
0b2e246e-9290-465e-ad33-77af5e681528,0.24171067774295807,0.5102608799934387
9daed93f-ad77-412a-b044-4a8dfe44043a,0.4310118556022644,0.716696560382843
54804420-28ad-4197-ba66-c1f301f8e4a5,0.25327926874160767,0.20233021676540375
d06963fb-440b-4c26-9a32-2bdaf1bfe246,0.3220394551753998,0.12236016243696213
36911b38-b7c2-44c1-81c9-6fd7e5baa8b0,0.1594519019126892,0.10919247567653656
5b361aeb-8082-4fc8-94ab-aa3e4af4e83e,0.32971444725990295,0.37232086062431335
88340408-893a-4b3b-8401-c4f4935d2d70,0.5227301716804504,0.6542819738388062
20769e19-7dc2-4cf7-a889-f2e869400ea1,0.18306788802146912,0.24042180180549622
f558675a-1600-4c49-b0f8-8bb238e57d17,0.4215807318687439,0.49591222405433655
39a60eeb-95a3-481b-9e32-a9838d212c4e,0.7312573194503784,0.6736670732498169
5ccfaaba-fd87-4439-a947-a31fb8d943dd,0.5856673121452332,0.43801987171173096
a447849b-07ec-40fc-a2d1-90a4ea497ffc,0.18823528289794922,0.36344075202941895
67a75c6a-e95f-4b50-879e-8fe0b3a6278f,0.4416790008544922,0.48860079050064087
267b00f2-70b5-47ae-9fb8-26f990752396,0.2922029495239258,0.2985788881778717
d06e3657-9028-4d55-adf2-ad63bdbcf407,0.266934871673584,0.21859274804592133
db50ca49-9ca7-4cdd-ab92-c9c627781747,0.3311278820037842,0.3560182750225067
ae34fa14-8288-44d9-a1e8-b56ce11408aa,0.1968841701745987,0.08023300766944885
27434ef9-0520-4aa2-836b-c0c800bdc981,0.6660946607589722,0.4947715401649475
78b13b6b-f8da-46f8-8eb7-a4c875bae08b,0.19980981945991516,0.19463156163692474
2d4cb4d7-46f3-4cdf-989b-4f2c27f674b5,0.14328156411647797,0.24808651208877563
fbd3cadc-ed50-4384-91f2-cd769e228235,0.11107530444860458,0.1673538237810135
d15127c8-80be-43a4-b6ae-bbb624f26be3,0.6584513187408447,0.5464315414428711
35c15ec3-cf7b-4626-9c88-94ba6787eea1,0.4502967298030853,0.4080272912979126
f0fdfa37-a5cd-4afc-b01e-59ec46e2e249,0.7406192421913147,0.48907598853111267
64b62db2-d6cd-4353-8834-1448d885e73b,0.331213116645813,0.4714990258216858
886c5f73-22f4-4f15-8954-95a544c2bd04,0.6424071192741394,0.05913073569536209
2685ba6d-8b1c-462c-af50-ae5381d64172,0.47970980405807495,0.16766288876533508
79ec2783-bf9c-4c84-985e-541ad687ef30,0.4105624556541443,0.4229688346385956
90c53b34-57a6-41e1-b5a1-29d50387212b,0.2427387535572052,0.31207647919654846
f26605e6-c3c2-4ea4-9a24-5c237bd92938,0.24074819684028625,0.29472267627716064
14126bab-64ca-4467-aa1b-0e80352cb136,0.16246359050273895,0.35923051834106445
624d9d5a-87f7-483e-8987-feca8924c212,0.7271144986152649,0.6008923649787903
764c6282-20a9-4f0f-9d1e-540409d0e102,0.3652174472808838,0.28713589906692505
29b08f00-d2bc-47b6-966e-6da1036f069a,0.21892014145851135,0.2809200584888458
3e4078a2-9651-4fbf-82eb-043136dcfadd,0.29342055320739746,0.2671203017234802
ed4c0e4e-ef66-49bb-b0e8-5f38bd3ba569,0.6464656591415405,0.48889321088790894
e40b2aad-3873-4b37-9d90-a264abfc7e74,0.5746988654136658,0.4723522365093231
e0a9d5b2-15cb-4f12-93b8-90953167efc0,0.2643185555934906,0.6323168277740479
a97be601-1dfc-4302-a72b-0978ffff81fd,0.4337114989757538,0.4227929711341858
d4452d09-c194-4796-aaf6-cd48d7e5120b,0.13474944233894348,0.20760317146778107
e0e7182d-d02d-4259-9fa5-9986f7d865ea,0.33024781942367554,0.2875179052352905
217c5791-7a72-45d0-b3e8-1b4f20734f3a,0.4993332624435425,0.3207988142967224
667536f9-e681-42ae-bba5-afe8b0af70fe,0.43054619431495667,0.4892418086528778
bcf843de-e50c-4380-b7d9-ff504a0f1d6e,0.44244787096977234,0.37438005208969116
10dff8fb-1f57-4261-8f75-4abf667e5f93,0.17613281309604645,0.4673095941543579
c55aad1c-4eb1-4c9c-a27a-5fbba9196f47,0.35655128955841064,0.35123711824417114
287a0ff3-5017-4f34-8e69-a14053bba585,0.4733509421348572,0.3983893096446991
2cb343e8-1946-44bc-9550-17bdf23d7edc,0.5846168398857117,0.5854880213737488
7dbd977b-94b8-41da-888b-aee254d4f327,0.5437410473823547,0.3728910982608795
c5c1c868-cae5-4826-aae4-a8fb7eeca5a4,0.671849250793457,0.7894598841667175
7afa9244-864b-4a02-9c71-bf1aaae50d1a,0.4601970613002777,0.5243563055992126
5e0bf502-0e65-4d3d-bf92-ad19f8f5b5dd,0.4266910254955292,0.3678327202796936
c977abad-2d05-430b-b3fd-abd29d227ced,0.6388581991195679,0.5876045227050781
af7e712f-35ce-4332-a6d8-d530a254b64a,0.38644489645957947,0.4770430624485016
5aaea84e-dc43-4fdb-826b-2d68ad19ea15,0.36091920733451843,0.48676973581314087
9b3c381e-f61d-41ad-a815-fa82966818db,0.16991360485553741,0.20545139908790588
ed5d6365-1862-4e67-8118-41630999a060,0.27760669589042664,0.279649555683136
19611623-a65a-4990-8803-559fdf276c3a,0.32823771238327026,0.32950305938720703
2f30738c-02be-4c4b-af03-6b6d6edd9a83,0.6354711651802063,0.44322580099105835
49063f7b-4e56-4c7e-9fcb-c21e4ad2e83d,0.5813335180282593,0.5182222127914429
2e16fc90-126b-4d42-853d-adabc9329a04,0.6977492570877075,0.29783710837364197
f847c329-4af7-4481-b10e-2333e55658e4,0.21573294699192047,0.25188425183296204
e3d73dc6-32ce-43f3-a831-0e1eb32319a8,0.599894642829895,0.5126704573631287
9a26ef1d-19a5-4f8b-bd04-7674f598df91,0.3193584978580475,0.2699407637119293
c8a2430c-9e6f-4ffe-a72e-553d546fc32c,0.09193909913301468,0.07598461210727692
3ec93abb-d64a-45a9-bdc8-a8d366e1a999,0.2596811354160309,0.3999634385108948
fa228d73-45a9-4322-afb3-a94af13fb2c9,0.43070968985557556,0.6452296376228333
8398d541-71aa-4f6b-a7d4-6a504e9d114a,0.32811132073402405,0.2752356231212616
18d4dbc1-ed3c-40ca-8155-18884bb42732,0.37939515709877014,0.5057449340820312
0029bfd3-b3f3-42ec-ba8f-2ea9b26e19f8,0.2192467302083969,0.1898992359638214
9f5c5186-d29d-4914-9be6-917ae7520f5e,0.40508219599723816,0.45313283801078796
23f75488-ac93-4c34-8914-a7727508f8ef,0.6075312495231628,0.7150933742523193
c6cdbb7f-ff5f-4b0b-9c41-6818d712dbcb,0.5081626772880554,0.5140342712402344
c8a46f88-aa83-4380-b466-a83715b1924d,0.09564697742462158,0.17970000207424164
26db57c4-7415-465e-b1c3-732d6dc8b8ae,0.484867125749588,0.23321785032749176
b7dcb1ce-bfe5-4e67-8ab7-e5b1df3c0b2c,0.4048171043395996,0.440071702003479
ce62c6d1-55b5-47f2-bcbd-736598321ad5,0.3844965398311615,0.3145253360271454
fb8557d0-f43a-4910-8e9e-6a42c3c6d0ff,0.21142670512199402,0.2930084764957428
5428c4c0-2339-4b9d-84ad-2115279a759a,0.5902552604675293,0.389117568731308
cd779b2b-1964-44a3-a00c-f1f51633dcac,0.18991339206695557,0.47737058997154236
da54dc4e-8a45-4804-8446-73c5222ab7e2,0.6159807443618774,0.6606420874595642
5c864b3f-9700-41bf-bb22-bb0dd4a3b792,0.33374372124671936,0.2647131681442261
4a7a6a06-fdf2-493b-b44c-55af33f92f74,0.33458712697029114,0.39945188164711
5e3bd2fb-97f8-4457-8ac7-37cda8af8205,0.5392943620681763,0.24790728092193604
125f2ec2-b9df-4014-a5ac-08fc0e30908a,0.6690158843994141,0.5103248357772827
4ea69358-703b-4256-8d35-b0db9a455ec2,0.3606346845626831,0.13238130509853363
93d64af4-f815-44d7-b4d7-2cb5aa2394b3,0.3368176519870758,0.28665193915367126
3d4e2972-d59b-4077-a16e-0d810743682a,0.32019397616386414,0.25841856002807617
221b2d03-83ca-494d-965c-e75e4d598b49,0.1845545917749405,0.5745524168014526
49bdca9c-4f31-4864-98bb-6db6e6e8d9ce,0.643622875213623,0.57407546043396
c437d896-83d7-45b0-935d-25b20ecb8a5f,0.26698434352874756,0.08145743608474731
27675b3b-ba98-4b7e-aca9-fa73a6822c8d,0.22453081607818604,0.20101921260356903
bb996fce-3cb3-4f2e-bf0e-f689ee6932f4,0.19724848866462708,0.42934030294418335
2e62070e-48c9-4aef-8a4c-f304065b9ad5,0.2718903124332428,0.47321999073028564
fa1e1318-d400-4dca-89da-cafd10680944,0.4119526445865631,0.5013911724090576
41f9c7bb-c8ff-4859-bfef-3552f065baa1,0.6658561825752258,0.2939327657222748
0ddb5cc9-a0a3-4d6e-8271-d6e9046164f8,0.6252560615539551,0.7134214043617249
8941700e-80b8-457d-8057-5191d6e822ea,0.10458104312419891,0.10098811984062195
41006d52-82fa-4f6f-9589-caa9f2c5f3b1,0.21174776554107666,0.30024152994155884
57f8da4f-6a05-4645-aa53-8adb7afb0679,0.2341441512107849,0.4988127648830414
2ef42f27-39bf-40d8-8636-108de3583103,0.008589783683419228,0.3808530569076538
88d01e29-7b59-4eec-9070-0607c375b168,0.3174498975276947,0.5488130450248718
2a20ef11-6bc5-4192-b59b-d6df5a78a2ba,0.4678732752799988,0.28719595074653625
732d31b0-0c2d-4ae0-a374-8592dc480df9,0.37650489807128906,0.18078970909118652
222074bf-dded-4566-92c0-8dddf5272e37,0.32315781712532043,0.3253973126411438
b4d4c62f-3043-4bd2-b51a-502a93477c41,0.20561738312244415,0.3512112498283386
bb17a4af-4b29-4cc9-9d3d-ffba54fbde43,0.5068204402923584,0.2788189649581909
62283acf-2724-47df-a5f7-27229dc5acfc,0.4870458245277405,0.48679298162460327
a5dbdbe4-d1b4-4cca-abc3-437cea2b8989,0.47161465883255005,0.560771107673645
ac3a7c0b-8ef1-4a7e-8f54-b24369873596,0.09819439798593521,0.11470304429531097
d2110ec7-67be-418b-9e71-5fa884c13740,0.5316968560218811,0.5638130307197571
656c23c4-7342-4073-a2b4-a6f5fe5e2087,0.19315475225448608,0.260274201631546
b22e9193-17b6-4868-be18-d7736063a26f,0.40452253818511963,0.4751858115196228
77034191-c785-4040-8824-3c6435ef0bec,0.3090030550956726,0.16802209615707397
3b074fb8-11c0-4bb5-b6eb-3a1870fd0cda,0.373080849647522,0.10518727451562881
800c65e1-0a7d-4058-a943-a2f22efa1251,0.27749061584472656,0.5149713754653931
e6aa4d18-ca05-41c2-a28b-067c52d59be1,0.3526895046234131,0.2990685701370239
4e219458-ab81-43ad-8c03-a5e04313bb3f,0.404093474149704,0.3986022472381592
39e4750c-7552-4768-8090-68e982acbae5,0.26881545782089233,0.41950422525405884
5166cfca-16ab-4e30-b944-115a9819ad1c,0.37617266178131104,0.31116342544555664
43d18abf-80a4-46c7-b81e-64389881989f,0.4846256971359253,0.2184315323829651
05f00a90-899f-4138-8452-352e2787ef9d,0.14471754431724548,0.46718525886535645
b760d9ca-110e-41da-bee3-7e21a59c10c3,0.20563620328903198,0.43795886635780334
84b1b98f-1e3b-460b-92a7-ef7b8f87e76a,0.2643541693687439,0.37732574343681335
48d93df4-f763-4964-b61c-c8a281b27257,0.14024248719215393,0.22067028284072876
e7f2f98f-c44e-448a-985c-cf849cc079d5,0.35191190242767334,0.4317379295825958
f403cad9-dd10-45b4-84c0-940adb678035,0.5395822525024414,0.2700101435184479
899bb94a-66ec-4a36-a26d-131571aff33a,0.6526066660881042,0.6566554307937622
c39a117f-2925-45d7-8bbb-41aeb4288587,0.34008193016052246,0.23762154579162598
43581cb2-1ab6-4999-bac4-ad9ad9afc9d4,0.3931971788406372,0.36953338980674744
ebe0057c-473b-4a3b-8361-746a9fbbf39c,0.26000747084617615,0.21657849848270416
4f062272-6c07-4f43-9e8b-ff12ba8dc264,0.4513983130455017,0.6529258489608765
401dd8df-ea68-43e6-b446-4320f891ee9d,0.5929403901100159,0.5598739981651306
6a8bdf10-7442-4f8e-8f3c-073efed3b7a0,0.30715706944465637,0.510743260383606
d26b71ef-6d65-4a35-a8b9-400cb8068d76,0.42989102005958557,0.4405007064342499
13cde7cf-2c08-435e-9bcb-5ec5caa5d71d,0.5989260077476501,0.3594030737876892
f95c252d-06a5-4b36-9d97-fd49781cb41b,0.055230699479579926,0.5088505148887634
431d1f9b-b5af-4bc7-84bb-5ba8cc43fe93,0.5102737545967102,0.5974697470664978
d5f57be5-3ca5-416e-b525-8cc2193b600a,0.4722673296928406,0.5615711212158203
3eb84632-b959-4a0a-aae3-f79c4a515cdb,0.408602237701416,0.12561960518360138
dc91bd65-f0ca-4cbe-9e1f-73da6aefd7e5,0.2417343109846115,0.32492998242378235
9bfb6178-81b2-4ea4-8571-3fc395b35de4,0.36627694964408875,0.2771414816379547
cd7faa5b-6895-4a34-a737-0b2efd11d8ae,0.39436253905296326,0.2267642617225647
03e1ec4c-f6e5-45bf-8ced-3d335a1d01fc,0.2915802597999573,0.5934267044067383
edd7b992-5e79-4359-8f60-99051b557b38,0.3833538293838501,0.4638785719871521
027408de-1e4b-43c6-805f-6e3ecce5aa65,0.6196909546852112,0.33054444193840027
ce715a40-f9c1-436f-87fd-8f582337b5a3,0.08427467197179794,0.21489955484867096
e173545d-f2fa-4f12-b117-58b2def77753,0.2759200930595398,0.33034437894821167
edd718b9-d7fd-4109-9645-501281ad3335,0.3180139660835266,0.32912591099739075
a7e0d548-30b7-4d6b-b94b-746718b06b10,0.39838388562202454,0.11306494474411011
9da06a52-ae28-4a98-b5c8-aa143b89dffd,0.44383522868156433,0.645056962966919
ac55ff95-89fb-452d-9a58-8894d2cd4954,0.4626796543598175,0.5054931044578552
ae6a3c38-eb49-4e7d-b185-8f9bf0618bbf,0.24233201146125793,0.4463346600532532
914f41cd-4518-492b-97c7-f13b82c29f76,0.33040791749954224,0.2968350052833557
746bea88-d387-436e-afef-f5e92a2f8929,0.11995398253202438,0.5992562174797058
bc18f305-4f3b-4296-a5ff-702dd706322c,0.14416977763175964,0.338893324136734
12807d27-8002-4330-91bf-1802fd3b5eff,0.14858967065811157,0.05602388456463814
558a065f-e37a-4e6b-8d2a-3a4d962ba1fe,0.1900022029876709,0.4990979731082916
f1e433e3-6cbe-4d7d-afee-3a39dc9d28ad,0.28486984968185425,0.14575286209583282
71ddd569-e638-4f14-8bf3-60bd188f9971,0.03913168981671333,0.09732797741889954
12cf3857-c4b8-4733-9d39-e0b31f75fa4b,0.6823848485946655,0.4201175570487976
fc53b072-2682-446b-b2f1-b3e2bc2ee73d,0.2018488347530365,0.5731765031814575
17ac6b6a-38c7-4d0c-92f0-cd1d0dc76827,0.45507755875587463,0.5962621569633484
4ff0bfb1-66ea-436d-858e-856e45b3f2e6,0.6273146271705627,0.46458083391189575
96d9d324-0868-40bc-9959-1aae94dd3b55,0.6626978516578674,0.36895376443862915
1c3e9a4a-661f-48de-8107-e12331ef4674,0.23578181862831116,0.4340392053127289
48bc580e-3694-4441-ac99-b175ecc1aa02,0.5455151200294495,0.6289252638816833
7efd5758-6c1f-4c3f-a78f-474683a8a688,0.6568060517311096,0.3803877532482147
51331d6f-f1df-4163-8747-ec4c7d5b1d8a,0.2811799943447113,0.16008570790290833
3200606c-05e1-4aca-93e9-047de5a933ec,0.40517672896385193,0.23338010907173157
0ead4e95-f11f-4fed-a8ef-47d46004934d,0.4694296717643738,0.3884159028530121
ea50a050-f5d7-4f1a-a12c-076e9ea82c99,0.6155022382736206,0.6203188300132751
cde7e7d6-2ddc-4f5a-88f1-1a9105fe3198,0.31568801403045654,0.50743567943573
d59bdca1-4056-415b-9a7e-11d60e545af8,0.39603790640830994,0.39618825912475586
2fdb6362-2b1b-47b1-9a38-cb3ffe6e9201,0.2663811147212982,0.5555915832519531
e245afa1-99b1-440c-91b6-f2e511c64380,0.4321746528148651,0.4842863082885742
a0c199b8-13ca-43df-86fe-caab16c2cf64,0.146609827876091,0.44537436962127686
bb8870d3-44c3-4223-9511-b3c0c9909353,0.29566940665245056,0.1641148030757904
085eb2c2-bd13-439d-8a61-0244f1c27b25,0.5001462697982788,0.4381446838378906
c2906cf8-eb46-420a-9012-1cae78ab3f55,0.1625952571630478,0.12324315309524536
23a9ba39-15bf-4243-a508-2dd550756ceb,0.4346979856491089,0.4535692036151886
20e398b2-135e-490f-bd48-df8864229f48,0.42874449491500854,0.6398795247077942
0990d818-d928-4d78-a5a5-41b6b4876019,0.5211831331253052,0.3037911355495453
7502cdcb-1e6f-47af-adc4-6e7c292f3e8b,0.2705146372318268,0.27126020193099976
fd6e207c-1c55-40c9-85fd-d6ac53ea0eb3,0.32092562317848206,0.26146790385246277
4d567833-0f68-4976-bf8c-d10ba68e0956,0.455354779958725,0.6928892135620117
03a810c5-6385-470a-bf0f-4beae08c5284,0.30876028537750244,0.42496293783187866
ed8f4dfe-600e-4e68-af3d-22d2883ed575,0.4982471466064453,0.26390233635902405
11c2d92c-ceaf-4796-8521-435c0d0e5831,0.3681797683238983,0.3852826654911041
3bef731d-076d-4d20-a722-a2f8c2668796,0.18152296543121338,0.3281266689300537
2fed71a3-7ba4-43b1-9ebf-b15ecbabbe62,0.4360082745552063,0.42763134837150574
896a1b17-2dd1-4f0e-9168-7146939f6dcd,0.40703728795051575,0.5622724890708923
d806a701-9310-4b74-909d-c4bc746710d5,0.5529536008834839,0.3898410201072693
4fdedd14-b582-4e75-b786-f565892e9cc9,0.3683914542198181,0.12202517688274384
24487427-d54e-4cf4-a7fd-acdcdafa87ba,0.3025892674922943,0.4649430811405182
d1817a6c-58d1-498b-aba9-34af04659142,0.266156941652298,0.13265463709831238
07e6627f-e1c5-4cee-9b4e-0b951d508d42,0.16997410356998444,0.38589727878570557
65b3382b-23e1-41d4-b2cf-169da4f7d578,0.4136482775211334,0.08024131506681442
bf02c548-9458-4b48-a482-5cfb4031d7a7,0.5511006116867065,0.5907086133956909
281c3608-602c-401f-861e-5288408315c7,0.2185395359992981,0.1691874861717224
2a25942d-3b24-4a82-917c-f8b1c278ad45,0.37193551659584045,0.44151559472084045
e378ee18-a45c-4ce9-9506-e852566a8b33,0.7599912285804749,0.511286735534668
112151f0-6986-4251-aed3-2c454670a09f,0.35606497526168823,0.2933250367641449
aa86fc61-5be9-4ef6-9c9b-24003fdaaa33,0.22337381541728973,0.27276235818862915
be1e8b99-b087-4e4f-b054-55ccfb85e480,0.25417599081993103,0.3385789692401886
81150546-2bec-413f-a2f1-df4b40f4bb0e,0.2262757271528244,0.2031612992286682
d313ed5f-56c3-40ee-918a-efeef6818d88,0.3676539361476898,0.2994800806045532
5af45d17-34dc-4059-89bf-6ac89e4b44b5,0.3866620659828186,0.2188756912946701
63467525-31e2-4563-88ec-be61c5ba9d7f,0.774378776550293,0.6356151700019836
c0b47103-e22e-4a61-bff1-031c33410523,0.5163952112197876,0.253774493932724
e098b268-e0bc-4caa-a96d-2dd57183be2c,0.1744006723165512,0.007370913401246071
dfd56967-1d66-472d-92ed-a59cea6c7f69,0.4124731421470642,0.5570890307426453
c467150a-5c67-4125-957f-557d05d3b953,0.7873631119728088,0.5071337223052979
1cf5a954-d883-4c42-b116-40635b3a53a4,0.5620550513267517,0.542102575302124
05a2aa5d-1e5b-4741-a053-87b342b04578,0.5973851084709167,0.5450102090835571
c080b61b-7467-4eb8-8c36-096451d16182,0.17282499372959137,0.3714848756790161
e3ac8542-f974-4a3f-b198-e7b999397e7f,0.478268563747406,0.5068085193634033
f72182d5-f378-4377-a1fa-560607b43c52,0.17511452734470367,0.2421766221523285
62925eb3-37ff-4f69-aa07-14ac0142ffcf,0.19131849706172943,0.26963937282562256
6e9efc4e-6b0a-412f-95af-8ace0483644d,0.3372543752193451,0.3634328544139862
eb3c880b-ca0e-41a4-aa8c-3e602ed593c0,0.6396381258964539,0.2551564574241638
5a70a9e6-2934-4fbc-8573-98d5e355cc66,0.47516360878944397,0.4688601791858673
40861849-64ad-48ef-be5e-7502a10cd665,0.19606009125709534,0.664570689201355
8cd5c023-1bd7-4821-bd29-26bb06a35ddf,0.6774666905403137,0.42874643206596375
5af670c5-f7db-4f79-9407-054bb817fe93,0.46343037486076355,0.21070465445518494
1ee70e30-2b21-45be-be71-379c84f910ea,0.22900688648223877,0.3594942092895508
9242cf97-46fc-4972-962e-cd11166ce518,0.11924806237220764,0.14090049266815186
d9785ee8-3367-42de-b7c6-5ce1704028c5,0.5966601371765137,0.556361198425293
4edea61b-cb7e-4650-a6ff-08b12a283e1f,0.3067198693752289,0.42662250995635986
6acf52a2-ef62-4d9c-b1ee-4b0973e98f26,0.4721963405609131,0.5160415768623352
f8dd27d5-40e9-437e-8b2b-6d975a46c3eb,0.2329963743686676,0.11457927525043488
1eb35b08-ec06-4ccd-9cbb-8ccf97624907,0.17913474142551422,0.40581056475639343
5080c261-9751-47c0-9cb9-7a9a326fb62f,0.11969253420829773,0.1567581444978714
45afcd92-2b65-44a8-9c9f-3f732e157167,0.3426729440689087,0.3298441469669342
72e5dcdb-ae9f-4b0d-9734-059ad36c33b2,0.38586458563804626,0.2885100543498993
674a896b-c852-4475-92cd-0ec302276b80,0.2949303984642029,0.279081255197525
7be7b198-e925-4349-8f62-68e6fd50994a,0.3420811593532562,0.7540045380592346
c8830537-e768-43a8-b250-81bcf74a7976,0.44843965768814087,0.4106944799423218
49ed13f1-0fd9-4cd8-b810-0c1971af59a5,0.2304217666387558,0.3749796152114868
127d62ef-d930-4258-8011-42f38662b067,0.7075261473655701,0.5628662109375
93e752a9-e351-4148-98f2-3a6f1b89b3c6,0.3259800374507904,0.450603187084198
7e38da11-bd11-4368-b640-bcda32262763,0.44753146171569824,0.3843480944633484
2490798c-c929-4518-be1b-60a7bf447f02,0.41809016466140747,0.3912307322025299
98e50567-1b6d-4763-ab4e-e9b8cb0de91d,0.22560042142868042,0.5177176594734192
0391b604-7929-45bf-bb70-3fc5cb9fab70,0.23238080739974976,0.34313127398490906
eaf2de23-127a-4772-977e-a30f147d38dc,0.6266450881958008,0.5235843658447266
581bd269-50db-4eef-8f73-ff34ac30f3ff,0.4252053201198578,0.7029324769973755
d9c4c9b2-9412-4a85-91eb-28fed5792764,0.19899150729179382,0.15113568305969238
9e84d7be-cf37-48c7-88a4-0b8fa8d60f5c,0.2380223423242569,0.29444438219070435
2e52f1ec-fada-4834-b9ec-49d24504e07d,0.3166133761405945,0.694798469543457
cd681552-f7d4-4df2-b6eb-19f116383b4a,0.33162689208984375,0.2592657208442688
8b3e5896-e1be-4ada-8e49-616acf0ec9b7,0.30329200625419617,0.2940361499786377
6de23ad3-39be-46ae-bc2f-eefa0a636059,0.6217144727706909,0.4002634286880493
1ab065d1-8ce6-419e-aed7-0937443df462,0.221100315451622,0.35572993755340576
acf1cc07-ead5-4a22-af08-36aef9bc1242,0.5054885149002075,0.6084705591201782
9eaf8117-275d-421c-a7b1-031caf44006f,0.06161639094352722,0.119440458714962
75ce5041-1988-4e25-8c53-32f7a0a7a435,-0.021283257752656937,0.3674698770046234
38b21dc3-18c1-4203-a8e5-2c1d9fa8a9f8,0.2744324505329132,0.2522575855255127
83c5b5ed-ca29-4c90-abea-9df9d8d43cdb,0.2707986831665039,0.35684990882873535
2dc6ed26-4720-42e9-a27c-dc71dd1af6f9,0.6241203546524048,0.5212079286575317
0318f3a8-92aa-4fa9-8d6e-01b4d87f17ec,0.23673811554908752,0.2813778519630432
6e39e409-bb18-482b-a8f2-54cec56943b4,0.34084072709083557,0.2237185537815094
00ad2c65-acc5-41da-9661-5a63eca26dd6,0.41876792907714844,0.45906123518943787
9c5a0b3e-2f04-4d67-80b1-93e290e9c475,0.42458847165107727,0.5155511498451233
eeba73c7-ebe6-46d0-9dfe-939e794a90b7,0.22297203540802002,0.31948745250701904
d7a88126-58e6-4b96-93a1-6ad17df59064,0.5489850044250488,0.5643593072891235
3e6e375f-2f96-4bd0-81b5-b7584e4734f7,0.4991534650325775,0.7656446099281311
79a52a70-4a06-4cda-9caa-77b3d819e610,0.35010257363319397,0.5055168867111206
54c85959-aa11-443a-a1d9-0d54c02b2a18,0.14430737495422363,0.25301826000213623
98254f4a-f06f-4f8e-9602-c92cb9298f33,0.3315093517303467,0.09661645442247391
720c5b5e-1190-4d53-88dd-b4b6a41c06e6,0.2242201417684555,0.4581305682659149
4bf5f0f2-24e3-4244-a80b-624024007a43,0.2879776358604431,0.21505382657051086
6015f416-2703-4d14-937f-5612841d0445,0.3787696361541748,0.38290029764175415
89eb34ec-56c2-4bf3-9e03-69b0c90a03d3,0.6504639387130737,0.4580845534801483
55baff05-b025-458b-9cfb-9e9c7baa891f,0.37224528193473816,0.668229877948761
c176e98c-4d7f-4f96-b838-a43acb72865c,0.3709428906440735,0.3249567747116089
f0829acc-86fe-44f9-ac9f-4ca6ac2a7718,0.7072254419326782,0.21927084028720856
1c422263-4631-4d89-8e9f-34963938d3c9,0.5612539052963257,0.2142421305179596
2a001e11-a576-4043-a060-7b2e28658be7,0.33175045251846313,0.34916263818740845
16a1ac09-7e39-401b-8a36-94fddf339b62,0.28933483362197876,0.5724645853042603
6516aa86-f856-4411-a128-2dbeba8102bd,0.2153054028749466,0.38947078585624695
19f0abfb-d2b3-444a-a099-60b022deb653,0.6724439859390259,0.5756881833076477
ad0ce734-b1cb-4dfb-aa2b-bd97c58da4c2,0.29021987318992615,0.3050941824913025
9ddff691-93e2-4af9-a29a-e391be79cef7,0.41140156984329224,0.6648946404457092
d3c29310-4502-47e9-9a6e-8b1178a0952f,0.25878196954727173,0.19575375318527222
d582d1e8-c11a-4658-ab45-0755c17dd83d,0.13026204705238342,0.447566419839859
419d6f93-426a-458b-8e69-0a67e2e06ced,0.4816730320453644,0.5533455610275269
ae050b5c-4abe-4cdc-a1e5-401c0146d220,0.26154470443725586,0.5934657454490662
143e9c51-729b-4891-888d-72b2a9e76438,0.19670021533966064,0.3329659700393677
52556e86-50fe-4617-9edc-91841103805a,0.4165039360523224,0.46099743247032166
19852081-0594-415f-924f-19b2e606a26e,0.7483139634132385,0.6816905736923218
58429e2f-3bc1-497a-ab9b-13f0b840d7ea,0.3174094259738922,0.2043095827102661
91a8783a-1db2-4047-afd5-0171b05c0ed6,0.5341116786003113,0.48161041736602783
d12c4ece-930d-40d6-85ea-9112993f3e33,0.20159702003002167,0.3929530084133148
56d8378d-0d44-4cb1-a0cd-26b793c4663b,0.09628996253013611,0.15636026859283447
8ff209b5-fb11-4a1c-9862-fec64612d00e,0.22890448570251465,0.4347628355026245
aa19d4d6-195a-41aa-a23c-ecef6cf5b783,0.3617018461227417,0.23344960808753967
fbd2679e-59e5-4f63-9d3b-a1b270f2adf2,0.46442458033561707,0.5468010306358337
6feb1097-ec20-4267-8428-5db886f7cdc4,0.327658474445343,0.2724429965019226
b121d09f-138e-4729-b40c-4f2929f3537c,0.21750013530254364,0.29440996050834656
60e60562-8f20-4218-b4fd-087e577c97ca,0.16342999041080475,0.2641831934452057
70a92fb5-86ef-40d1-8516-715428957cd6,0.4115481972694397,0.4110439419746399
bbb86163-0aa5-467a-bcfb-a37138d2e5ee,0.2952764630317688,0.39353540539741516
e18c3d41-93e3-46b5-9e8e-3d9900f6b492,0.6172285676002502,0.5250221490859985
e5699d71-5494-4769-9e41-35e726fb5f53,0.1329343020915985,0.45057183504104614
2d3473c4-76a8-48da-9c18-7ed1edae395a,0.25046801567077637,0.3241320848464966
29c6de25-7425-467d-92b8-39bdd5cc51b8,0.29987257719039917,0.30179348587989807
015ffed1-7ff9-49bc-88c6-30b758dc6edf,0.20734800398349762,0.16799718141555786
8c48b6e4-f783-404b-9e69-e2f590f20172,0.4308624565601349,0.4562123119831085
c6c6c783-9dd4-4506-a064-9997bc933cd2,0.3547360599040985,0.26845893263816833
f63fc817-d664-4b0c-8445-8089477c0624,0.4699535369873047,0.534083366394043
40677245-6688-4b07-b0d3-7df878ae7514,0.7297168970108032,0.6641369462013245
c284673c-f3fd-418d-8466-cdbef246fd3b,0.1852215975522995,0.5116450190544128
9e448d89-e86b-457f-90b2-9180181e0575,0.33176976442337036,0.5888888835906982
945706a8-1e91-4b26-ac22-e8e2af0dd0ca,0.3692150115966797,0.14730481803417206
82f0d2f5-90e9-4c93-a97e-d57022758f18,0.6114349961280823,0.5554621815681458
2b64dde2-62d0-47f4-9475-768f27b922fd,0.07576537132263184,0.48787862062454224
65081d5a-7192-4c94-b007-23bdb97b4f91,0.35430335998535156,0.6310688257217407
873653f4-f427-4d41-86cf-758c51dc4693,0.6414446830749512,0.7107968926429749
6ec320dd-f58c-464b-a5cc-9027513354ea,0.6445807814598083,0.4599917531013489
613220fc-79cb-4bf0-8050-a36532ab284d,0.43274715542793274,0.38486528396606445
5ff19283-3ccf-4ec5-a47c-552b3af9d275,0.3308929204940796,0.5162230134010315
4bcf69b5-f500-4f3d-b633-ec780499a567,0.42069000005722046,0.2610365152359009
649f0213-7242-4d19-b8c7-7cb0bb128e73,0.5739653706550598,0.542433500289917
7ddedcff-cdf4-49b1-9fda-8e0cb6f9fd45,0.18603657186031342,0.536739706993103
002af9dc-dadd-496e-8b5f-c89bebc1fdb1,0.4500287175178528,0.32895737886428833
1ee745bb-03f5-4db0-afc8-a3903e8bdab5,0.34548258781433105,0.6221559047698975
e9f3c27a-6810-4d42-b3e3-e0efe499c33a,0.2894362807273865,0.40301695466041565
20eba2e4-0a0a-4595-8e17-5d1c9adb3a40,0.23580755293369293,0.12443065643310547
df1cff6a-d4c8-4ba4-869c-6539e1684b9d,0.179330974817276,0.14074479043483734
47a3d628-c1a2-445a-84ef-ee38cf7f00ad,0.19753944873809814,0.547688901424408
b1efeb4c-1626-4ec9-ad7c-b605ece908ff,0.3354817032814026,0.2617407739162445
f543cf14-e286-4854-b57b-f7c9cbb5d495,0.4977192282676697,0.39361169934272766
bbb59089-f474-44a8-858b-570d494606c8,0.11807496845722198,0.2765326499938965
c8875704-74c7-48af-b6d9-2b9cb6b1ea8b,0.6200503706932068,0.4843018651008606
94904ce6-27b8-4c88-bb6b-bb1cee23f3f9,0.15541411936283112,0.39167290925979614
9eb4b140-2c8d-4f71-a01c-61081f97ac49,0.47794055938720703,0.4468843638896942
21b12d7c-ba68-4e72-8165-5f1792ac9b1a,0.25995203852653503,0.5305778384208679
df30abcd-2e74-4880-b166-29f84b2e6b2b,0.273113489151001,0.19534406065940857
4b4eaf85-7b39-489e-a83e-9da41dd23f22,0.22783192992210388,0.7204868197441101
d5fd7433-7ba3-499c-b52a-3b9d1f2d8cef,0.4290931820869446,0.5729207992553711
59bd5248-518a-4322-b6d8-eb8b09f2eb5b,0.012359345331788063,0.09386877715587616
3e5bcf32-ac88-425d-9d33-f9dea0a8a62a,0.2787705063819885,0.3974081873893738
b920e267-da57-4130-983c-9030b2159fad,0.42980608344078064,0.38404422998428345
f55571bc-4948-4e3a-9a30-1ed39c863c28,0.5077926516532898,0.5255689024925232
8f3b0562-7f4c-4121-ab79-34d8f8fe4fd4,0.5049343109130859,0.7295400500297546
37e0e343-dc66-4f6a-a5e9-9f01fad3d6e8,0.7628688812255859,0.6282023787498474
11871d4b-6b94-4184-b36d-c4e76d311f3d,0.423958420753479,0.3182028532028198
5a56884f-0cdf-4600-834e-66e4c70a687f,0.4191669821739197,0.6518515348434448
34a62099-27a3-4dec-b2f7-342e55426fca,0.3613991141319275,0.23624178767204285
b128ff7a-7a0e-4f2a-900a-e76e08313ca2,0.5366988778114319,0.2505723834037781
a5d1a221-307a-4f9a-8ee1-dc235aad4b7d,0.39072802662849426,0.12944702804088593
ed54f6ad-4172-4435-91bd-861e6b9a19ab,0.5046205520629883,0.3857266902923584
a29e4877-6e82-47c6-af69-511fc6add0f2,0.3847203254699707,0.3508666157722473
08694720-a137-4605-a125-211dce1bb369,0.5020737648010254,0.1688995659351349
de8e5184-38f7-4fc3-a913-fc1f1501cf09,0.46869972348213196,0.2389993965625763
dea87ee2-8a99-4ced-be0b-f900776a44f6,0.38606035709381104,0.3839927315711975
23513f02-46b4-492b-8062-3b2003e1ab83,0.5168935060501099,0.5422399640083313
fd232283-b8b2-4199-bb37-5ab1d4b9c18d,0.5550318956375122,0.2706967890262604
7bed01f9-5e3a-4dd2-b96a-cf6682849fd9,0.41401633620262146,0.29986292123794556
dd098674-ee50-4033-a8b9-8637b80b34b6,0.5354967713356018,0.5517619848251343
6243f443-719a-4425-a14f-c2e8cd65be1d,0.5489364266395569,0.3123617172241211
20b0814c-52f9-4a1b-825b-2d5b4e9e71d6,0.2961947023868561,0.2920820713043213
c5fb0b60-c8e5-482a-8995-dbda4c2f58ec,0.3661118149757385,0.3657790422439575
70c330f0-3eab-4a4a-98b8-6ff53b17a8f9,0.5158181190490723,0.30037498474121094
97e4abb2-565d-4064-81a3-4bc93dadeddd,0.3696747422218323,0.4991450905799866
cc8c4dca-3361-49af-808b-8568619de386,0.3280561566352844,0.2175113707780838
39cb365e-9e03-4e48-94a8-22535c9c2cbf,0.27392762899398804,0.37300971150398254
a9edad89-7ad4-4655-9aae-e1aec3a4a7df,0.3403749167919159,0.2636314034461975
2e1750fa-d0a0-4d1e-830b-2d4a7fc08780,0.47317561507225037,0.24456660449504852
cd3a45c7-446c-460a-aa06-e31e674ca219,0.3424924314022064,0.44478464126586914
158d808d-bc93-4cef-b3aa-fe212b256934,0.0845695286989212,0.1328197717666626
5399a7fc-1d66-429b-bb1f-a7d2fbfdde6b,0.5523384213447571,0.200621098279953
11d6d183-74b0-41cf-bfce-04c05a940b38,0.46624380350112915,0.25802913308143616
45ebac70-b33e-4aa6-940b-18134d372501,0.46479472517967224,0.39498379826545715
c1460cce-a43c-4402-9e00-60fcd40d19c2,0.1675339937210083,0.14447537064552307
80e87538-52cb-49b0-b0b6-b1caba694be4,0.6185166239738464,0.6987322568893433
138bde62-3359-487e-b6f5-59c848cd6835,0.2706553637981415,0.441324919462204
72610204-f986-4e0a-ace9-3aff6625dd45,0.3965577185153961,0.3327900767326355
442e3665-c620-415d-9896-e5437de30bbc,0.41269534826278687,0.3901374340057373
b06feba7-f225-41a3-a744-e732218a1d0a,0.6678880453109741,0.5696426630020142
87a375ac-fc48-4061-8eff-cacf8ad173e4,0.5773763060569763,0.21040578186511993
834b3646-3628-4476-8817-e2bd8f0229ce,0.7572336196899414,0.5510929822921753
a3fce6d6-6ec6-406b-bd9e-72657f83d9c0,0.510221540927887,0.7137465476989746
788b96a8-5edb-40db-924d-c4edc701d439,0.44662541151046753,0.22928336262702942
3a0baaf6-da36-44f0-b08f-1c48637d80b9,0.2292744219303131,0.5282427668571472
f0c94702-34a3-4fdd-834a-1cf1ede9891e,0.1888299584388733,0.5666026473045349
5c227db5-f5db-47b6-a45c-d851bd811da1,0.3551633656024933,0.25330519676208496
8a3d4657-67c5-4a8e-91cb-0990a231959c,0.15472440421581268,0.1969645768404007
58d60722-7371-439b-9803-b761a7d12017,0.26754236221313477,0.32540231943130493
cdd11ea6-27c8-4940-b657-76e14c756606,0.29737335443496704,0.20847013592720032
9c07127e-872a-4a81-9815-177f4d562cfd,0.2953033149242401,0.2269001007080078
2f3d8c05-6cab-48cd-93bd-58606d259a5a,0.24323511123657227,0.5203226804733276
67e74211-eb19-4b3f-8c02-a71922d2f96a,0.16874057054519653,0.2951986491680145
5b74d31b-f8f9-481c-8357-975bb275a584,0.6197200417518616,0.5015174746513367
b0d3a9eb-5b87-45ca-a12e-cac355c30cbc,0.5446674227714539,0.7756327986717224
f231d08c-e6b7-4513-afea-6f5ea21c5ea9,0.3334018290042877,0.4462725520133972
c181efbd-c6f3-4159-b969-73970763705c,0.5463640689849854,0.4701833724975586
e66d5835-6a7d-48f0-aa59-9c3bf336454c,0.5962201356887817,0.48136046528816223
4fd8c43e-97a7-44fd-a33b-14059a5b2980,0.4620838165283203,0.4818536937236786
8a28a1c6-07c0-48f1-b8ef-7c5f48496bb7,0.2553902864456177,0.27466875314712524
b5db02e8-2275-4bf2-a8dc-a71a3667ea12,0.5756885409355164,0.4335833787918091
740606e4-91dc-461d-ac86-58c4922b34db,0.21687330305576324,0.2105446606874466
5f4e3494-27ed-4f2e-95ca-765494b32fb5,0.21026813983917236,0.22685596346855164
84249fb9-80ac-477e-9016-89ce6cd7b14a,0.6609305739402771,0.6594864130020142
571ee98d-9c86-45b2-a9ca-0745f7080699,0.3598175346851349,0.30667299032211304
63ccab33-02f5-49f3-94b5-c8b1bc5ed3bf,0.40661290287971497,0.3541705906391144
63c73231-89b3-43ca-abf7-27bd229a92a2,0.2544676661491394,0.21412871778011322
f0660bda-8871-4efe-a7c1-f589a48f5def,0.4977509677410126,0.22388488054275513
4d87b489-5309-46bd-a431-49b799b5b896,0.5740739107131958,0.6009254455566406
f93b7a73-ffb7-4e8b-8e30-0687592c5767,0.5260130763053894,0.49202248454093933
c988874a-203b-4619-86de-e55d548a15d4,0.714859664440155,0.48992228507995605
a31fb268-dabd-46d9-b469-bab87b68e691,0.2606469988822937,0.31175732612609863
9c8aee80-5ae1-4ecc-9aea-1ba7e2db7959,0.4375789761543274,0.3687753677368164
6010b3d4-577e-411c-908f-4e2fce71717b,0.33758047223091125,0.1447792798280716
8d09a063-8599-4173-989b-af2313b1e6bb,0.459800124168396,0.48386865854263306
bd1f8248-6f2b-4d10-9fd7-db078ba12313,0.6844177842140198,0.6290842890739441
e2a4744e-ed5a-4506-84dc-a2a4ad9912e9,0.23685581982135773,0.22039160132408142
345f9565-a35f-4d3e-828d-72ea9b0cc6ba,0.6220442056655884,0.7632839679718018
7fd17ffb-154e-47b5-9a12-04b6722ade48,0.7456706166267395,0.33403515815734863
4863886b-ffb4-4e81-bdc8-d558165cd443,0.7355729341506958,0.5213364362716675
ce6f8088-50ca-4758-b820-ec35933b41e4,0.25020870566368103,0.3761451840400696
21c8bd50-e35d-4002-b487-fba08cfeb70b,0.46738314628601074,0.2174704670906067
d1218989-f5b7-49bd-9783-a650d73c5aed,0.5143956542015076,0.22868868708610535
53f5a527-04f1-472c-b8f0-45a92d85dbfc,0.39743608236312866,0.21102569997310638
e832c317-227a-426c-8243-6e8ecc233b21,0.5502452850341797,0.5692701935768127
f9498236-c0d7-443e-85ea-3ded1a7c270e,0.46110519766807556,0.4928644895553589
6c3e9a76-0976-4597-b600-dcf6766d16fa,0.25340378284454346,0.5340888500213623
55b7f15b-6703-4384-a575-2d364bf85030,0.5102823376655579,0.5612555742263794
565504d1-6088-4f15-a592-d7dded841257,0.600222647190094,0.5724489688873291
a506d2c9-1ff5-4094-bfbe-e4e80bc6215a,0.40308907628059387,0.199264258146286
0bce7a95-175d-41d0-bb5d-21e759baf220,0.2814188599586487,0.1588905155658722
8e39f61f-2d96-460d-b99e-daf36af614f0,0.6698625087738037,0.4950551390647888
2eddce77-d52b-4352-914d-ef4a7b787e56,0.1447087526321411,0.2713845670223236
7f0ff4e8-3c77-41a5-8107-916dd66cb22d,0.23504984378814697,0.6364221572875977
30714d1c-ab3d-4084-9084-5a44f39e0df4,0.6436896324157715,0.5593587160110474
6b0839e1-5e9f-4c62-919c-5c8f73e016aa,0.32001909613609314,0.18495579063892365
d1857e28-aa9a-4afe-9132-ab27a8477924,0.29757946729660034,0.22675853967666626
0d5e139a-4fe1-4652-85b5-7979d430391d,0.09576326608657837,0.23634403944015503
58735e26-2846-48fd-becf-e5f204ab1a95,0.5727630853652954,0.1922917366027832
40a7c1fb-7e4d-4c4a-9e70-aaddb1697b13,0.4794727861881256,0.6623991131782532
4149fd90-e58e-415d-ad22-f41dd5ae98a8,0.36328867077827454,0.3445996642112732
56122b9c-8efb-40de-a343-88f7533689e1,0.5197306871414185,0.13362637162208557
7af07696-728f-4f63-b975-69c0a251d8f9,0.2993556261062622,0.31925445795059204
3b172e2b-ab39-4278-8ca5-ad5f5d906743,0.11302442848682404,0.19657835364341736
2b6218cf-27eb-4dc3-addb-84cee6617e80,0.43960025906562805,0.5361266136169434
95ca9c40-0826-4efd-9f2f-0bc3828e1dff,0.3649503290653229,0.49845755100250244
238532df-07c1-4db7-9ac8-1b5aa86a92d5,0.30053046345710754,0.18560409545898438
a99209f1-2b57-4b5e-9216-0606cc005e90,0.17741908133029938,0.24158790707588196
131cc240-f6e0-4a76-81b8-aa6daf09e8f4,0.24491655826568604,0.6279513835906982
c19bebdd-ac5b-413e-9052-1a5e15e5b31c,0.4530055522918701,0.5616006851196289
d1eef4fb-c303-4226-9519-54211561b425,0.6767744421958923,0.5796155333518982
006aa20e-51a7-48ea-8e1d-572f24cf1551,0.28399333357810974,0.024781575426459312
afd57a88-0c82-4116-a43f-6fcb8fdc9c09,0.47001320123672485,0.6543580889701843
ecd647bb-a30b-405d-913e-3a19011b092d,0.25514742732048035,0.07449740171432495
d0bd7fc2-5e86-4ffa-9f98-a0a166ce3d47,0.40663081407546997,0.36616942286491394
a08e92e0-8aab-4f08-8bad-799b20d8b750,0.4727112054824829,0.24700212478637695
17277360-5208-4dc2-b98f-da9dea534211,0.5550559759140015,0.4875895380973816
cbdf5369-ed2d-4534-9e68-7e1641969043,0.2673722803592682,0.2112949937582016
816af3a0-0d30-4901-bb69-dc905f107636,0.44911015033721924,0.4018297791481018
df8c7222-a0e5-4723-ae50-e2e77e5d2410,0.2630113363265991,0.294059693813324
690bf721-0de0-440e-a9ed-69b056fc63b4,0.3499348759651184,0.33800429105758667
91f9d1d9-934c-44f9-9677-3614def2874b,0.407828688621521,0.13214179873466492
322bbb17-93b9-4a7d-9533-4b1689d2c8ac,0.25064659118652344,0.18820799887180328
d5ddd22e-a842-43f0-ac12-1968e25a6692,0.32767951488494873,0.25532156229019165
be1b3d0d-1d1c-431d-8d08-a0585bd1b57a,0.5280677080154419,0.4088855981826782
7aec4c2f-addd-433b-bf51-3fccc53b35bb,0.4308496415615082,0.3234268128871918
ac3d0720-2b2c-4700-be89-c59ede839c4c,0.21834015846252441,0.5461048483848572
a51306ff-2184-4744-88ca-83145944ed38,0.27418676018714905,0.24085530638694763
6fba848e-7b8c-4d7b-9eab-40f8d2add906,0.30667924880981445,0.1435033231973648
247bcc69-4e51-4a1b-ae20-839ab1df13c9,0.19923758506774902,0.1259346902370453
c428bf27-8192-4ad2-9b66-dd07314804bd,0.5456081032752991,0.3635849952697754
37d942c0-21f8-4cde-be56-abb85318a379,0.5276949405670166,0.7681046724319458
3cf436ec-b46d-47ff-823a-f67efee8a4cb,0.16607055068016052,0.10641509294509888
41585929-5484-4dd6-8e41-88f4ef6801aa,0.11427391320466995,0.20522618293762207
2dc626a9-20b0-4485-9a8d-cc8c320c5d55,0.338814914226532,0.3836878836154938
cc855cce-17ad-4ae7-84df-ba2888b56fa1,0.2713344395160675,0.48069414496421814
e1e9d4c3-0dcb-4ef0-b558-2563e36088ff,0.6544745564460754,0.6387320756912231
ce4b43b2-79e1-4874-9f39-0b9540ec71ad,0.3172014355659485,0.42271560430526733
459330e7-0e14-46e7-a482-b9df82b6622d,0.14464007318019867,0.3008825182914734
128450e2-4f28-4a20-a5b5-91805a6eef05,0.30932357907295227,0.3759390115737915
91afa299-8aac-4ee9-8013-276d15a7769c,0.7152958512306213,0.36131882667541504
668e7d13-1250-4c4c-b3a9-f3965644e4f9,0.41041848063468933,0.41397085785865784
7e5ecab4-a9c4-40e7-a61f-69d59c15b87b,0.263221800327301,0.507602870464325
edb9e202-4c9e-4bb7-a18c-daa472a22092,0.14898012578487396,0.3078405261039734
ea22e460-6e1d-4271-8153-78da7900c0a1,0.5003654360771179,0.5240356922149658
f7efb395-97a8-424e-b2c0-b400eaa5831e,0.46855950355529785,0.3860209286212921
51498810-6e27-42c5-ad73-04e2466792b0,0.6331660151481628,0.7084309458732605
14d386a1-4753-4bd0-a752-bbb21e13d8dc,0.37170225381851196,0.16496366262435913
cb0c7433-daed-487a-ab74-36d05f277fa9,0.3124885559082031,0.2715771198272705
d0e044bd-b49a-4078-8519-a04a9997b195,0.471917986869812,0.3902275264263153
4865f73d-e8f6-4063-8edb-fe3a8088dffa,0.2969040870666504,0.4620678424835205
c248eb07-6e5e-4c33-a08e-9cded809d238,0.6657536029815674,0.6694828271865845
1a9a1b68-b971-4eec-9706-4d109934e8be,0.2172417789697647,0.12738671898841858
c3ff170b-8e5d-45db-be5b-e3d53e1f5104,0.14875097572803497,0.2421608418226242
81f93432-7994-426d-a6ce-02685ef26b48,0.19322462379932404,0.42364612221717834
4945b9f6-77ec-4bd0-b7c1-bbc093d07302,0.3321070671081543,0.5689797401428223
dd38b8f9-8005-4bbd-8274-031b6cb67861,0.21968096494674683,0.31472131609916687
19242426-8575-4299-9ab5-ea59e7b28062,0.1893782615661621,0.41175317764282227
21a8fb15-2612-4fd0-9b10-675eb9473360,0.14295051991939545,0.2051139920949936
e6738c40-9d0c-4fea-a1be-44e90ce630c1,0.09321782737970352,0.7264983057975769
ee914e56-5e79-4560-a712-12b961e9baff,0.29601529240608215,0.36349743604660034
06eef9c5-1b05-4d08-961c-fdefdb74d6ea,0.5350414514541626,0.4572475552558899
d6e10b5b-63bc-4c96-81c9-28f82a80c11f,0.1311413049697876,0.34644925594329834
b701052f-4728-4ea5-b215-f8c566d33d7c,0.41311830282211304,0.2763921320438385
4239c107-0a2c-4ab7-8763-c521cd06b180,0.2501640319824219,0.381647527217865
7fb56f8e-afb9-4510-9abf-4be01e8a66f5,0.11959875375032425,0.07577195018529892
0fadf7fd-62f1-4d61-901d-cda9174b2f7a,0.37839871644973755,0.4354291260242462
648cf01c-fcf2-4ce1-8f9d-235cf788ba25,0.22171632945537567,0.1927691400051117
1bed450a-2a30-4431-84d3-1361cd1423da,0.3569628596305847,0.2738272547721863
a31f32a1-af69-4a84-b713-f8917cc1565a,0.38924649357795715,0.23152856528759003
355efc45-5233-40b3-ab77-d6281fb11710,0.5759752988815308,0.46767324209213257
67f56ec7-d96c-4f97-a837-0532ce002125,0.4146524667739868,0.577917754650116
c816e74e-8cc8-4f01-960c-78724f118a87,0.5460327863693237,0.21727526187896729
180c876f-d5d2-4397-a9bc-bdae30d5954c,0.3424740135669708,0.31279146671295166
db608f6f-3c58-4aba-bd8e-c5ceb0aaf835,0.24230356514453888,0.3112994134426117
dcca12a5-2470-4041-a22a-032ccc5ac018,0.408458411693573,0.30384817719459534
2e6e714e-8b83-4eae-9370-d1d4afbc4e5a,0.23328864574432373,0.3725799024105072
9e54392e-74ed-404e-8fb3-f11fc885762d,0.42383304238319397,0.3424132764339447
702267f4-b51a-4366-bbe4-fe3d5f94077d,0.23162759840488434,0.21854200959205627
9af012e3-d6c8-4a60-9f51-6379ba446742,0.21582278609275818,0.49698299169540405
5dc94086-80d4-4196-9914-7b4d3f487c3e,0.23036441206932068,0.5800250172615051
f389d1ce-da4e-4843-94a7-62656df6fb10,0.5192562937736511,0.6955012083053589
ac39ee93-4288-4302-aa7b-757fca64f2fb,0.47714024782180786,0.5902763605117798
7b95d4d5-1ee9-4f1f-9d7e-2c6ff459054b,0.2333494871854782,0.4337659180164337
e2d48e18-276a-4de1-81af-594cf54c2a90,0.6267626881599426,0.641006588935852
186cfc69-54cf-46d5-8033-8bf2493e9b23,0.2757125496864319,0.6275306344032288
a0ecc896-63d6-4f4f-8960-24c4fb3db4fe,0.7859728932380676,0.5474483370780945
d485e612-1b3c-4b67-a9f0-ef432ff4fcee,0.45127198100090027,0.4482894539833069
c08b9f9a-5d56-4701-92d4-3edef2ccec62,0.4279974102973938,0.49412447214126587
86ab603e-0455-4347-a1ce-4a375f4495a8,0.2172502726316452,0.39757075905799866
2290ba2a-137b-4047-aeec-cb133268a238,0.48621752858161926,0.15837953984737396
2b635efb-e1b0-44de-beb8-4f9b9ef62876,0.5124754905700684,0.4413992762565613
22f5e67b-4e12-4ba3-8649-a8b322e36811,0.22679919004440308,0.31392890214920044
73cf4b3f-604a-431d-8b5d-8e03b0cfb67a,0.163077712059021,0.5974883437156677
967f6a24-cefa-4641-a9d6-e9a71b62e0c1,0.4701380133628845,0.6221529841423035
10462d65-75a6-4430-974a-e8af56526fce,0.3769121766090393,0.6266125440597534
5f02992e-3fc2-4e05-bb1f-a8e81400ff4d,0.7073364853858948,0.47083526849746704
d5f61641-8062-410d-9590-699f11ccd85a,0.3564923107624054,0.46292656660079956
c94847d6-71da-43c6-981b-5442f6c1efff,0.6327286958694458,0.6291602849960327
30e8e610-0fbb-4c86-b190-f4934736ab7d,0.478606641292572,0.3541267514228821
ede8db0c-1396-4503-b378-55edc720915a,0.29851147532463074,0.3618365228176117
eb6bdd24-5e10-445d-92ce-4744959c1d91,0.5814620852470398,0.26729264855384827
779fbdd3-3e20-43d0-a214-1eea7ad0e3d3,0.37734895944595337,0.21409033238887787
f9e6bf5f-ba88-4108-994e-529750445ff1,0.3119663596153259,0.30280014872550964
3ad5e2e4-fb20-459c-98b3-b9711e753f16,0.5644145011901855,0.5209385752677917
a46cdbbd-6cd3-4da5-bc7b-ab131c1bdeae,0.2069057822227478,0.4771442115306854
16d64b08-061c-4449-8320-d0a763aa63a4,0.8310540318489075,0.7388056516647339
a61e75c6-7885-434b-bbac-4787ece30449,0.4760928750038147,0.28841936588287354
a13f5ef2-8f1d-4be0-a037-ed2c30656414,0.40477001667022705,0.4067002832889557
06ccc957-8b69-4d71-8f6f-4fb686041e5a,0.35897016525268555,0.20968733727931976
d25df4e7-c94b-4a2d-a2d4-25e34655d0c9,0.5196738243103027,0.33090606331825256
09e93773-cb09-4bdb-b1ee-bcf339416c53,0.3180403709411621,0.29946476221084595
57d1f6e1-cdbc-4df6-9841-5dba89d3e63e,0.34863027930259705,0.2734571397304535
9c0cccf4-7008-4997-b0a6-2fadfee4fb55,0.19719652831554413,0.28998687863349915
462de42f-37e4-4ad3-9830-ea44e8ff72d5,0.36070460081100464,0.5239459872245789
7956447f-c376-4355-9297-a9c8399f1aa5,0.21407517790794373,0.6888954639434814
51de9244-e843-4b94-9722-e43dee4a76ea,0.2745843529701233,0.36274611949920654
9d58bb7c-7f32-4642-82cc-925d8dca62f0,0.5285595059394836,0.5374124646186829
343c091e-8c1c-45db-9b05-27eab342d092,0.24423415958881378,0.19705544412136078
7685e3dd-ba3b-4861-9486-ca3f13483afb,0.4663202166557312,0.31739121675491333
b090fb07-e7fd-4c01-ad85-38016522a727,0.26226499676704407,0.29960453510284424
2d58e924-e539-40ba-968c-f56efaff1b1a,0.3351808190345764,0.20839324593544006
5fb0bd4d-a4df-4adb-9e99-d4fec9a6b10d,0.10819412767887115,0.2129419893026352
327df8b3-9758-405f-a0af-1e38ffce0cb2,0.4796171188354492,0.6050252914428711
1471ffe2-1330-48a6-963b-e6798252bac8,0.21375124156475067,0.278278648853302
16c0b5f5-3c48-42c3-a5c6-ad5e4e6e4575,0.26564890146255493,0.35573339462280273
f7b8017c-fafc-455d-8545-799f4813d10c,0.057014964520931244,0.23691192269325256
a8ca1926-5d63-4de0-a1e5-d0826fbe0bf0,0.3066227436065674,0.24255017936229706
25df4833-3565-45f6-a354-33c56e8dd8e7,0.4318696856498718,0.6540107727050781
29a8d6a9-d05a-4be3-9bd3-a138f804eb13,0.2533670663833618,0.22445881366729736
86991c22-02d9-4144-80e7-8531a7a5ccf4,0.3609880805015564,0.5314815640449524
9f177a52-fadb-49d9-a25e-6d7d6540fed6,0.2596336305141449,0.5832167863845825
3c15c1f6-ec72-48c3-abc6-830b9bff0ede,0.4564978778362274,0.392579585313797
54656ac3-787a-440a-9c0c-94fa7f19912c,0.21281588077545166,0.24968937039375305
46a10ff0-42c4-4136-9cfe-a12661232e2d,0.6802899837493896,0.457830011844635
cf720bea-32e6-41f3-be77-d4674b580890,0.1645411103963852,0.28600266575813293
50947e83-b0fe-44e9-b5a6-f8039c4f09f2,0.4402691125869751,0.6465699076652527
841f539a-b6d9-4722-ab19-32f28ab7abfb,0.3607361614704132,0.1274103820323944
37120c4b-0f9d-4467-ac5c-ef999e72ee70,0.28013506531715393,0.3640231490135193
9d05fb69-73c0-4ac5-8b23-2553b48da81c,0.3229624330997467,0.1824829876422882
040ed97b-c8df-41ea-ba95-43cdf36462ce,0.482734352350235,0.5299402475357056
d466a6af-a2fb-4ebd-948f-c35c85e62e12,0.2060071974992752,0.1238768920302391
7f106d09-88a1-4307-8fea-06f32a31157c,0.3087707757949829,0.5519789457321167
d0703dac-4538-4a8d-87e3-67246d6ee924,0.4956356883049011,0.4827714264392853
dacbdd76-ec3a-45dd-8180-bb45899cf5bb,0.4305293560028076,0.44761013984680176
9bec6c96-04a4-4987-a65f-da0fead90691,0.17915187776088715,0.25637808442115784
3eeca3cb-2263-4617-8d42-89786fb986f9,0.6084584593772888,0.46894070506095886
8489a2b3-cee7-4651-828d-704b1ab51575,0.5265707969665527,0.6120434403419495
34505e75-67d3-47df-b140-429c87accabb,0.2942364513874054,0.4505625367164612
a87edb02-47b3-42df-b3ed-5333cb749436,0.2125352919101715,0.3695068955421448
2c99419a-7247-45cc-8f63-4d423e852f5d,0.21432645618915558,0.7060633897781372
f4477125-76c2-4c75-903f-5fa9b31bebe1,0.08651674538850784,0.12579664587974548
1a7e5dac-96a0-4fc8-8c2f-e5edbaee45ca,0.6630606651306152,0.22471490502357483
cf5a5e9f-3af0-465d-9faf-3833a586e42e,0.19378413259983063,0.12345552444458008
1cb2a8b6-8873-48a4-a778-02291cb7ca56,0.333474338054657,0.6101649403572083
7e7704ee-3070-47e8-bde3-8ab6ba8ac305,0.20423173904418945,0.19571174681186676
fa0cba9c-0e7b-412e-a5ef-08065139b2dc,0.26166650652885437,0.20064355432987213
737d2e8c-d15c-4ac5-8288-01532a5f794f,0.507091760635376,0.5574414730072021
5af5c599-4191-4c4a-b4a4-88c750c488f3,0.6173561215400696,0.5472368001937866
e92781bd-beee-4be6-ba37-0e2f7c258864,0.8082531690597534,0.6511140465736389
f9412344-ca37-4c8f-849f-62f2859905e7,0.14696848392486572,0.3894912600517273
836221b0-fba9-4482-ab9c-5b6ff86fda2c,0.26914647221565247,0.21042872965335846
c545f1d9-8c13-4f15-907a-09d2115b1152,0.3775980770587921,0.30414021015167236
dd2f07ba-4c92-41f6-873f-480173087b36,0.27632835507392883,0.2711670398712158
55323564-a201-4a6e-8c07-bd518babb542,0.37274378538131714,0.5280444622039795
17868cb6-c9eb-42f4-98a8-c6a855d8e11d,0.2036643624305725,0.3159599304199219
f94fc6da-0162-4301-98b3-f25cfbfd2357,0.4690343141555786,0.663874089717865
b2070b39-9b95-44c4-a698-f8f6993a5454,0.5646200776100159,0.1914241760969162
1730c379-eff8-4d18-b195-4d59e7cce600,0.6313726305961609,0.6392696499824524
a2628347-52a4-44f5-a750-fefddf04a375,0.5472333431243896,0.7126433253288269
de0da0fd-5dbc-4521-adb6-cb2fb029fd03,0.29096660017967224,0.3908253312110901
1e993bb1-28e9-46ca-9de0-e2984207fe98,0.8135150074958801,0.35403573513031006
09e1c076-d69a-441e-bb6a-d3d4c8268d81,0.18748699128627777,0.49960699677467346
ce171961-1139-4925-a52d-aaa45882193b,0.3602290153503418,0.23165592551231384
11aaa45b-8850-4eaa-8830-2885770f28d9,0.2907607853412628,0.3431265354156494
e74a6f7f-b7a8-40b8-a5a5-08a86aff538a,0.46518373489379883,0.6240952610969543
488b69f4-c685-4882-b5d3-73a328cfd087,0.562667727470398,0.5374994277954102
8402aec8-1b97-4799-838e-53a24c126104,0.593269944190979,0.2550939917564392
06fb6922-d4c4-440c-9830-4ceccd1eacfc,0.705821692943573,0.6555586457252502
21f7ff4d-129a-499d-b881-6da07a4c3e2b,0.6346226930618286,0.16770033538341522
49582a49-fbcf-43e2-b1f2-843ab55d2491,0.26606711745262146,0.5341221690177917
6b79193e-0b29-4594-be27-f0a478c41fcc,0.6301092505455017,0.4939553141593933
293b2d9c-6aa5-4237-9d3a-e375bd92ae58,0.6184642910957336,0.34046468138694763
7b243674-c555-4b75-a0da-489e89909703,0.5031300187110901,0.21299441158771515
5829ddaa-59cc-4bf4-96fc-ae78f74bc477,0.4716718792915344,0.37597960233688354
c0b88368-7866-4e13-8781-28b92322eab1,0.20844757556915283,0.2800018787384033
9bedc73a-bd04-4a08-9d93-d6da9dd33991,0.19448204338550568,0.3484697937965393
c4700d83-ffe3-4332-92b7-6bb103becc03,0.4034195840358734,0.484040766954422
3309982d-6c74-429e-b45c-68412831b4a1,0.46246570348739624,0.5115852355957031
796cebdd-7d6f-4c1e-95c3-be941d0e4a55,0.5156466364860535,0.6400494575500488
1cfe77d3-b1b2-4e00-bcda-2afb98c8968b,0.36734041571617126,0.44626691937446594
c70faa93-43d8-4343-8b31-5b28aba6eedc,0.7383005023002625,0.4351556897163391
53756438-d5bd-45a6-83b0-5dc4ca78a5cc,0.5390682816505432,0.502061128616333
6ead3cd4-e1a7-4ca8-a93a-f0fd32390bf7,0.6937851905822754,0.09712649881839752
5cf80e19-8050-4d98-9a1d-b863be3e9f60,0.36357176303863525,0.33620619773864746
d0cc2b2d-106a-4255-a946-cddb42b76b47,0.5207712054252625,0.29828187823295593
e9223a00-dd48-400b-9b73-c24b5968285b,0.5744040012359619,0.4337013065814972
ed8978f8-7863-4f85-b0d9-b29739250d9a,0.2965920567512512,0.1701446771621704
bbdd62f2-63f7-48da-a4a9-cdb28f385037,0.22240635752677917,0.22555246949195862
39ba66cb-3cde-4cee-8a25-fbf47ac92678,0.6936182975769043,0.5454791784286499
f6e2f4f5-0cfc-458f-95ce-aab93e029ee7,0.32128816843032837,0.28265735507011414
850f4d4d-0fb3-404a-9113-1197a4a3fe4a,0.20838353037834167,0.35526251792907715
26e0a6ee-7898-4d22-9380-0a22e6e5e2f3,0.18280434608459473,0.20433861017227173
56b2b948-79eb-4a8f-89bd-bd7198c50546,0.34316784143447876,0.481830358505249
982d24ef-9aad-48f1-8c8d-c84b60739868,0.2406974732875824,0.172110453248024
bf839b9e-20fe-4906-bb7d-f34e50e066f5,0.5053513050079346,0.2137402892112732
f658b035-346a-4d33-be6c-87106223ff88,0.5975412726402283,0.4655460715293884
ac74847e-5380-4cd9-a055-938a7f157e82,0.3173481523990631,0.3244255483150482
bf150607-566f-47f3-b180-49d4d5f87cb8,0.3812740445137024,0.3405854403972626
bfd0edee-8c7b-4b44-afb2-f9620e89a07b,0.3871285617351532,0.6235328912734985
b4c29adb-5bc8-41de-96cb-be694a0a7714,0.09202007204294205,0.1327042430639267
3823e668-4a55-4c3d-a37a-544245f21eb5,0.23361994326114655,0.28251850605010986
364ff78a-b959-4051-b50b-29d480ba0661,0.5959547162055969,0.6347909569740295
0e92d1ba-0e2e-4052-99b7-d26a811da4b8,0.2709410786628723,0.5127968192100525
9e103dc9-b08b-4249-be00-28525dbd972b,0.6775762438774109,0.3776327073574066
b67726eb-80bd-47d0-a32a-9296cd263744,0.12118598073720932,0.5437701940536499
f4aeb79d-acf1-475a-9c31-b9cfd8bc54f6,0.19214028120040894,0.19536973536014557
c2f3ba17-ee83-4837-b341-68055e9bbca5,0.32915568351745605,0.13941676914691925
2ad983c5-5074-4d10-acca-e98b9fceb09b,0.36776864528656006,0.26955994963645935
f0404412-c6a4-4467-bf56-59629753a81a,0.6386962532997131,0.2880009710788727
23866dc5-7c69-4471-aad5-e85d636afafe,0.462093710899353,0.4753771126270294
171c010d-c961-466d-880b-5bf0550832c9,0.4495096504688263,0.2347959578037262
2caa6eda-0fb4-4ea1-81b4-d271dd8b6b29,0.31132662296295166,0.18706415593624115
a31092f3-5948-4de6-be36-f07a76895f7f,0.2536991238594055,0.3303419351577759
6aa8850f-16b3-4eeb-b1d7-b976f53eb17b,0.15758700668811798,0.36447423696517944
4538de5c-e6fe-4cb2-a4c8-6c987edfd123,0.2648368775844574,0.4579083323478699
e4df84be-6c8d-4271-93d8-73999aab7fef,0.3023741543292999,0.250412255525589
8a0c7f34-82b6-4230-a08d-afcada1dc5f3,0.38097694516181946,0.3712703585624695
1c3f631c-ef1a-4dc3-bd26-715eea2c5703,0.7954367399215698,0.547447681427002
9f097485-ac0b-40b0-bf42-3fde6476ce14,0.25713273882865906,0.37489384412765503
359c1833-b8bc-4f0e-b083-a1120047a73f,0.10765665769577026,0.529494047164917
e4514b3b-2ac2-4e1f-8b23-6308185b3e25,0.3305819034576416,0.3966897428035736
7887fe5f-be9c-48cb-9f83-cdf4e054852d,0.4848732352256775,0.5771185755729675
d2c6f02d-624f-48d7-8bd1-e0cd4b456016,0.1243363618850708,0.17895902693271637
be6167f9-7024-446d-8e38-ba627eb7a79c,0.21016916632652283,0.2507762312889099
36d8301c-5702-4b42-bee3-73415a992133,0.22350634634494781,0.26744917035102844
42c98f2d-f3c3-4a29-af0f-59a82bc01cf9,0.32264333963394165,0.5965015888214111
f8a623b4-a19c-4176-a576-2fda8da9d616,0.4153924584388733,0.6171846985816956
2562c10f-4f6a-4b80-bf78-93ce317ee1ed,0.1697632223367691,0.40842288732528687
0aedef28-e132-48d3-952d-60d6023e6354,0.5364177227020264,0.49579188227653503
560de71d-f0e4-4430-b5b0-e6ceda4b9c20,0.2641662061214447,0.3193986415863037
fae520f1-4a08-41a2-a993-43a9f33ed3cd,0.4859645664691925,0.3621652126312256
ad0ecbef-894d-44b0-ada0-dd4c02f1ea03,0.33845558762550354,0.38347142934799194
2a333529-c28c-4eac-a8f9-50ac2898ffa0,0.6355016231536865,0.8131660223007202
0932cb74-8265-44a3-ad1e-53975f3ee80c,0.46016260981559753,0.09451907873153687
2a1e75df-7330-4db5-b870-a4520de57288,0.4031669497489929,0.6180146336555481
e9b85e53-9355-4b2c-9596-fe595ffdb083,0.3359319567680359,0.24659843742847443
fe46f94d-a6bf-403b-9c46-d600c747c6b1,0.14739887416362762,0.29089927673339844
529ac218-8924-43dc-92c1-18b83bcbd10a,0.2135860025882721,0.2488357126712799
af50c61e-685f-4e0c-8766-bfe5865dd9a9,0.5620503425598145,0.28693345189094543
57b7b390-ced2-4b9e-8e84-71a5d98d8037,0.8290433287620544,0.5776024460792542
45be99fa-41ef-459f-b791-257a852933cd,0.3602302372455597,0.5037123560905457
c41221e1-a84d-43ff-a7de-d623d7480d43,0.3528999090194702,0.5421045422554016
76962d77-c956-49ba-a135-427a6e78d0e0,0.15045060217380524,0.2228805273771286
488a1e6c-e8e5-4ad6-b912-73ba8d84a2c3,0.42023688554763794,0.4708866477012634
e51aeb78-f81d-4fcd-8016-5d0cd450ccd4,0.6548901200294495,0.3639466166496277
36c78816-7606-4fe4-beb2-4b4cfde8115c,0.23999303579330444,0.2276449203491211
2dc083b6-dcb0-4227-854d-32d8e98db2af,0.5497514605522156,0.5207656621932983
c7d01c21-6d8e-417d-9dc0-ca4492194254,0.5956026911735535,0.6023807525634766
be51f295-a71c-40b3-b540-d72d0005ea9b,0.593502402305603,0.5158440470695496
8844fc1d-432b-46e8-8eb1-c78bb87e6c35,0.18482638895511627,0.2387351095676422
683fa7a6-70a2-41cb-b206-51c330e7fc58,0.1479557305574417,0.31970274448394775
a7d985bc-8564-4262-8c45-6d211bd59f31,0.6239298582077026,0.5196387767791748
731c4da7-a88a-49c8-8212-ec512bad27e9,0.0824563205242157,0.315093457698822
0ff4a668-ca06-41f9-8d94-89f9eb3cd42f,0.3402232825756073,0.19167543947696686
16119f0d-b0e0-43f6-ac36-5a13bab13604,0.13712166249752045,0.13681936264038086
26176dbc-df7d-43ea-a3e4-93cb24cf04ad,0.359643816947937,0.4107213020324707
3dfddb07-7fcc-4383-b01f-820d55f933cd,0.2337166965007782,0.03910214826464653
f2a888b2-7571-4493-a723-eb2afaa56061,0.21402239799499512,0.2727944850921631
0444951c-aece-494e-bacc-ef5d9f70ad90,0.535961925983429,0.34706076979637146
bb054807-6986-45c6-a70e-3fe1d03d4c1b,0.42502734065055847,0.35654890537261963
5cab8b6a-2396-41ba-b570-2953ff135740,0.5222309231758118,0.6249552965164185
eaefa570-0098-4b6d-9da1-d1df2d785824,0.1933908313512802,0.609995424747467
6d430931-b572-4cc7-b18e-e7bdec5be9ca,0.41671282052993774,0.355413556098938
e4086d5f-fa5a-41ee-a268-0c984a2cf816,0.6434802412986755,0.4927866756916046
4516ccd1-cf8c-4ec9-a791-ef79680b6e14,0.5493413805961609,0.43501484394073486
a0463fed-950f-4202-a658-c95358cf13a0,0.6585943102836609,0.6160791516304016
64129ef8-a826-4a16-a76a-b3267b73a614,0.3190579116344452,0.4555451571941376
d1a29203-adef-44c7-9f1e-2973a475933c,0.11888265609741211,0.2609138786792755
c86b0427-df64-416c-a4eb-753d5d3b666f,0.35267478227615356,0.5443808436393738
4351716e-f1ea-4e28-ad5f-45e5d07480a1,0.4347047805786133,0.552265465259552
ad40be2d-21b7-47d1-9b9d-5ae9a5bd0428,0.5637657642364502,0.422073632478714
406638bc-0ff9-4a9f-8034-8c43acf0b3ba,0.1683989316225052,0.05503492429852486
e3651067-1160-43b9-bb24-93137b4a8298,0.5973489880561829,0.6681130528450012
2193129d-8583-44fe-8f38-279c317a458e,0.32960250973701477,0.17266348004341125
973e3d54-e7f2-4845-8460-d29f2baf3229,0.5554112195968628,0.47652751207351685
6b75107a-46e6-4c21-90fe-59869d692c97,0.19555461406707764,0.20131848752498627
787d6725-553a-4fe6-9878-d7e2f3c79f33,0.17625069618225098,0.21577726304531097
e19f9cff-0587-4ab8-b099-122a903ce6c8,0.33723369240760803,0.5420766472816467
6f21cce2-3086-4096-9243-7799ad831690,0.6116288304328918,0.6334180235862732
391f5b4e-ffac-4184-be40-438c4304d922,0.28218984603881836,0.3526293933391571
449c1058-fb27-4c6d-9cac-fbd5b32b80da,0.45117825269699097,0.4650209844112396
743a3dca-d9a4-4297-a47d-34183a672f6d,0.2613665461540222,0.20913150906562805
e17eb2cb-2fa8-4a33-8838-4f9b033fdaa4,0.5597740411758423,0.5690613985061646
19c29a0d-7b1f-4066-8fd0-090fc6c640f5,0.5548163652420044,0.6411001086235046
9ba79327-d72c-4882-a828-e8bd80fbab56,0.48770931363105774,0.5921406149864197
4dfe85e4-7e34-4906-8eaf-5f519820b2a4,0.30966633558273315,0.34153521060943604
2029aa56-ef8f-4c6f-a599-6dae60566f01,0.6674210429191589,0.7712470889091492
32cccca4-9475-4755-8fd4-b540b70d64a0,0.38499289751052856,0.5590392351150513
ad4fbdb4-6d17-4417-b560-b6a3c6a74825,0.4502679109573364,0.5367258191108704
e0487099-4c2b-4cfc-af24-489a5675a52f,0.5450271964073181,0.6065700650215149
e0f9cc9f-2cff-49af-9cb6-cafd44f3faf1,0.4422184228897095,0.34577858448028564
9ec710ea-0c91-4616-91ab-f28588628b5c,0.22365078330039978,0.28924933075904846
61f5c395-725b-4249-bf21-838525b78a4a,0.38077202439308167,0.33550727367401123
d86787ce-aeb7-4bfe-ab75-a98c253e67f1,0.07105536013841629,0.14743386209011078
4cf8dc65-71e8-4664-9d71-c15cbd3d61ee,0.21396711468696594,0.1269158571958542
ea04f6ea-5b4f-4a24-a276-fe6c1e55667f,0.33479923009872437,0.4583381712436676
3e43926e-578c-4da6-9026-fa7908d46003,0.542461633682251,0.6090016961097717
fd2ea23c-2ae0-43eb-a175-a45251c82d43,0.3764505982398987,0.26470646262168884
56102300-2ba9-4b64-a603-9d42dc107d36,0.37422943115234375,0.3874555826187134
43bacad9-413e-4974-8789-a979823e634d,0.6547868251800537,0.5328006744384766
44da8813-2d56-4606-8e83-3059090bcff8,0.4252361059188843,0.4904435873031616
308e263d-0f58-481a-a095-756250039824,0.31204378604888916,0.26248496770858765
58838a00-4307-489a-896e-a89258ece510,0.3299022614955902,0.3316931128501892
a5951fe2-62f3-43fc-9572-f038ba48b0f5,0.416359007358551,0.593314528465271
895a668d-e3be-4063-a273-777bf585f834,0.4516260623931885,0.38953903317451477
7e0ad258-5eb5-4674-b801-2200838c8ae3,0.3746379017829895,0.2603553533554077
8d17d2cb-285d-4e12-a119-935b0a9d938e,0.06874573230743408,0.14546044170856476
6c1b3dc1-780b-43f0-a97b-0f043be0e6ed,0.3889012932777405,0.43782639503479004
2748ec86-2ca4-40f7-8c19-483f150d35d9,0.5231994390487671,0.6565238833427429
a9013402-27fe-4ff3-9d6b-e01ef3ff8e66,0.36242324113845825,0.24962545931339264
617849f0-8057-4609-a93d-1ed7c82c777b,0.12168601900339127,0.336439311504364
ded2be3f-7cf2-4bd7-ab16-f946e25427ca,0.49418073892593384,0.3042166829109192
285843c5-b7d9-4ae0-aa25-924a1b3b0dc9,0.18886984884738922,0.18560878932476044
0247c6c9-cc36-4094-81ce-534e9bc17d21,0.36615189909935,0.29674404859542847
d99e7b4e-eab3-40c5-9924-4aa34ec7ac9f,0.8041946291923523,0.591010570526123
0d608a91-67df-45e3-b141-12fa84ce1f00,0.2971285581588745,0.4730120301246643
795a57ba-fb40-4006-aca5-967cbef08ed1,0.5823063850402832,0.1303846687078476
7ac83d60-7b79-4ed7-929f-520f3ab4ea7b,0.3548567593097687,0.09151606261730194
43aa020b-9bca-4af1-9ade-e281f41d04f0,0.6152931451797485,0.3963410556316376
defdaf3f-b580-4c4f-a320-a798a52ac508,0.5046795606613159,0.35586702823638916
8d184896-38b8-4cde-91f5-b17cb2390d3d,0.19504566490650177,0.10759775340557098
dbac66cf-c1ca-4281-80e7-e32d0821d891,0.28780844807624817,0.36419183015823364
1a037660-3761-449a-8170-59e2705a9c54,0.47727689146995544,0.4827708601951599
f11a5673-e26f-4e9c-9c5d-e0770601e357,0.36840978264808655,0.2426188886165619
6feddef3-ac35-4cab-a0e2-76f52e312d00,0.32286807894706726,0.043122097849845886
cefe66d6-a8ed-497b-bcdd-41090836dd43,0.20497126877307892,0.17228758335113525
bef317ec-84c4-476b-a83f-31666dc3af74,0.6407731175422668,0.761979877948761
2799312a-1800-4ad4-a44b-f0d7242334f7,0.4878358840942383,0.2284325659275055
f44a23aa-b910-4c97-8ec0-54487fdd3bb7,0.5314651727676392,0.5731774568557739
d366b88f-b59e-492a-a4a7-0848c45237b0,0.42012351751327515,0.28881973028182983
2ab10c41-2ca3-412a-b669-7d2f8c7b09bf,0.24907030165195465,0.17187297344207764
4a98efef-ca5a-4146-95ae-8f0c6ee398d1,0.3318678140640259,0.4706341624259949
8ce7eaf0-bb21-4adf-9585-95484de98967,0.6994584798812866,0.5497750043869019
9f5d238b-92d2-46f4-80d4-d30e65087c47,0.2966223955154419,0.4038535952568054
47ddbe43-99e4-4cc7-b343-ccb5bd9f61b2,0.37716659903526306,0.2556760311126709
30692936-299b-4ca9-b2fb-74509d0d3e25,0.608543336391449,0.49606120586395264
d67a5d8f-d0cc-4f0c-9539-9a6a71e64072,0.5559449791908264,0.14905621111392975
30dfce5c-d550-484d-8dfb-fa60c06821b1,0.3345985412597656,0.404589980840683
a8281cdb-5cfa-4afe-99aa-915110c0162f,0.6258425712585449,0.4141932427883148
1aa8a574-afbd-4f8b-a57d-05c05e242ca5,0.3898848593235016,0.6355140209197998
2882bd18-3f36-4f25-88b4-0174f2d655de,0.3403303027153015,0.452505886554718
1ea4b932-94b9-4a2b-9b99-927ec97b5fbc,0.5541871786117554,0.3022998571395874
64e7243b-0ce1-4b4f-8485-5b9435504540,0.4733332693576813,0.19431249797344208
933a7de5-8897-4f34-92b5-90d522a474ee,0.6179907321929932,0.5859864354133606
7828385c-a209-4c05-81be-1916ca8d51c2,0.14039286971092224,0.505018949508667
fb46930d-fee0-4e63-a858-2afc280aa5f0,0.4211454689502716,0.16316911578178406
a2fa4dda-1865-419f-b3ef-3f3e44f5a72d,0.3012557923793793,0.3506123721599579
e3515dbd-3b75-4a54-8a3a-1bba84443404,0.550382673740387,0.16999231278896332
fd5da531-ff8c-4eab-99d6-6c1e94b1035c,0.688632071018219,0.22150644659996033
fa0260b1-cfae-4a39-bf66-1d33f6fe508a,0.3009127974510193,0.2779896855354309
4e564bce-7c14-4707-9757-1e1cc4f4634e,0.3046698272228241,0.48845815658569336
7cfd005c-ca20-4fc2-802b-83a63998b9bb,0.24587292969226837,0.29148370027542114
6758c9b7-0bde-4334-93b1-7e394f9bb612,0.2731519937515259,0.5996572971343994
785be451-af37-4097-aec4-46dd966e69db,0.4281826913356781,0.3927050828933716
a6faba67-1aac-48e5-95aa-4b156c96c1d8,0.14324018359184265,0.1838497668504715
b929f263-1dcd-4a0b-b267-5d5ff2fe65bb,0.4049811065196991,0.1981017291545868
4745d627-be9b-45f2-ad92-99c82cc83f85,0.33668583631515503,0.45894527435302734
2f74e81d-957b-4541-9e66-59e5eaa6aef1,0.3405628204345703,0.2498893141746521
ece6f206-49ab-4c70-8a65-d6d2b0c97610,0.1819663792848587,0.17817266285419464
482130ae-9698-477e-a20e-76b48d99a2e3,0.34714144468307495,0.5476043224334717
3f076ec0-6985-418d-bb75-45b437aceca0,0.5491717457771301,0.6587045788764954
b5bc0ca6-03b0-43c0-8114-20186b5f783b,0.5352623462677002,0.15548014640808105
d9dde843-ee66-4dca-820a-c3d489ba586f,0.27578654885292053,0.47873860597610474
705d7e4d-3b56-48dc-9dad-9b14eff97d95,0.25834545493125916,0.23851245641708374
a37be14a-7724-464c-8344-87624fafaa34,0.25540071725845337,0.4881477653980255
9cba37ea-cc3e-4775-b044-c3d3d4983d22,0.48535335063934326,0.6353263854980469
a0769cd4-45a0-492c-a566-b14b9b17cba6,0.3571985363960266,0.7240738272666931
40f3b904-81c7-4e92-b245-ff20840733a2,0.1851520836353302,0.1258363276720047
1d3e5ddd-76a9-401d-8c5c-a6f5f0bd7160,0.4842150807380676,0.19587695598602295
34ddd737-0709-4fc7-b64b-6c43eaf9f48c,0.22930997610092163,0.4248911440372467
