storyID,S4E1 Similarities,S4E2 Similarities,Correct Ending
138d5bfb-05cc-41e3-bf2c-fa85ebad14e2,0.29694482684135437,0.3367763161659241,1
bff9f820-9605-4875-b9af-fe6f14d04256,0.8428140878677368,0.4446345567703247,1
e8f628d5-9f97-40ed-8611-fc0e774673c4,0.2722036838531494,0.36868447065353394,2
f5226bfe-9f26-4377-b05f-3d9568dbdec1,0.8332380056381226,0.7091191411018372,1
69ac9b05-b956-402f-9fff-1f926ef9176b,0.5736582279205322,0.48642295598983765,1
d80cabdd-7a85-47e3-86be-5ce6591ca51e,0.5397481918334961,0.4433807134628296,1
58090d3f-8a91-4c89-83ef-2b4994de9d24,0.6045718193054199,0.20000100135803223,2
e17053ac-2046-48c8-a7a2-7b9509c10e64,0.3407001495361328,0.17880642414093018,1
69b26ae4-b778-4cd1-9f13-27d28fd4430e,0.28348517417907715,0.41360217332839966,2
1f7d9fa2-2191-49de-bdd1-7d307293b9e0,0.31065958738327026,0.4513705372810364,1
a7905e16-15be-433f-bdef-b488a83e4582,0.3748992085456848,0.2996092736721039,1
52dbbfda-5b42-4ace-8d59-55cee3eb30c0,0.6735671758651733,0.6306923627853394,2
1edf348d-6fce-4ea3-937c-28ade02f28b8,0.44198355078697205,0.19644498825073242,2
0fe46de6-6ee3-4932-a578-268917372566,0.2706288695335388,0.3823564052581787,2
625d1e13-8bd3-40b3-ac45-0b16a549fc69,0.122475266456604,0.12183617055416107,1
aa615e4f-83c1-4b65-96a4-6a989d253a52,0.313592791557312,0.3317784070968628,2
fa0d318c-d286-4c8e-adda-c2590f100f02,0.44324952363967896,0.6703851222991943,2
501c6884-8885-4df3-ae8c-f3f9328fde54,0.37590551376342773,0.5403531789779663,2
8d9f72c4-7f31-4e86-8511-e921fd8f78bb,0.36322805285453796,0.16365328431129456,1
ba87797c-dc31-402b-8740-d30c093d4df7,0.6464802026748657,0.4296908676624298,1
384621a9-d9b6-436d-8914-61a93d916015,0.34383103251457214,0.34273260831832886,1
f531b039-67a6-4797-989d-24f716ed4073,0.33219200372695923,0.41093945503234863,2
60facd71-c194-427a-9127-471d5844785e,0.32295316457748413,0.22189098596572876,1
d4aff04b-ba93-4cff-8b35-7eb10dd9e23f,0.1274011731147766,0.25858551263809204,2
8db8ec1c-1d94-4f9d-b71d-3b533e30a1c5,0.21050110459327698,0.12277759611606598,1
696b1a71-b684-45ec-8435-7b48274ee411,0.48084646463394165,0.26438647508621216,2
1d14ed7d-5a05-476b-bfab-3e3568a0dd6b,0.3730645477771759,0.35044047236442566,1
9f32f9ef-0b7b-461b-953f-3d7da39bac87,0.22140999138355255,0.1562284678220749,2
3972aeda-e5f8-4776-abbb-8566bf38930a,0.49591201543807983,0.3055519461631775,1
411b9523-5254-41ff-b740-e039d0423201,0.6240777969360352,0.5434397459030151,1
36b638c3-f2d1-44dc-bab1-5bf2a9d7fdff,0.4052271842956543,0.4558612108230591,1
80b6447f-4c37-4194-9862-3785e5075463,0.3800390362739563,0.33377930521965027,2
dd3506fe-31ce-4bbb-9000-02c222da3466,0.153653085231781,0.5842940807342529,1
ad42188e-383b-4c7d-9cd9-906725b7ce12,0.14973625540733337,0.28505557775497437,1
f8ff777f-de4d-4e3a-91bd-b197ed13f78e,0.2831461727619171,0.23619936406612396,2
dfdf2b81-86fa-48f0-8a47-488ccf3e086b,0.5162249803543091,0.5126452445983887,2
de06c035-4c96-4ed0-89c2-3ce71e99e9d1,0.20719176530838013,0.2935574948787689,1
f547c9a1-be95-439d-922d-1417d7f6b818,0.4742943048477173,0.3549095094203949,1
195a43c7-d43e-48e4-845b-fd6c75609df2,0.3235732913017273,0.22535105049610138,2
a11cf506-7d19-4ab9-b0ac-a0fd85a9bd38,0.2665388584136963,0.336500883102417,1
b8c30925-f572-4ac3-b865-1cba592b6f0c,0.3545317053794861,0.5104028582572937,1
0a5489f1-beea-4ad6-a6d5-380ba2abd184,0.25400328636169434,0.20342181622982025,2
fe3caede-4b19-410a-b08f-84d71b18e9f4,0.725793182849884,0.35500189661979675,1
e689960d-0515-424b-aac3-5d7160ac2577,0.38374608755111694,0.22485575079917908,1
57d5152a-77db-4156-8330-166edb36b0a2,0.14659170806407928,0.22257712483406067,2
726a0fc9-8c6f-451e-838b-c48140817dfc,0.4160158634185791,0.5775331854820251,1
696b9d6a-40a4-434d-8a01-aec20c4400a3,0.07420872896909714,0.32774707674980164,2
16eeb330-b579-4a0f-a1e6-0b7aad454c54,0.34791237115859985,0.21544459462165833,1
ed614284-2364-4b9c-bc02-5e0aad3d8968,0.4568493962287903,0.6750550270080566,2
87678fdf-ad4e-4ff0-93d0-039fa451b49b,0.5432270169258118,0.495241641998291,1
33882739-51ca-446f-8bd0-2bbf7cfcba37,0.16576823592185974,0.4357580840587616,2
3ef66340-b2fd-4c12-bc1c-b28730b571a1,0.13292035460472107,0.5671247243881226,2
26b26a0d-d7c5-4c50-bb94-bd236cd6b46f,0.6031441688537598,0.3820672035217285,1
0c0d57aa-92eb-4bb3-8c65-6ce4d89e10a3,0.23234066367149353,0.2842332124710083,2
1ad020f7-a18a-45f9-a112-b9ca83afcad2,0.41412338614463806,0.5769081115722656,2
31dd2600-d4c3-4f15-a336-cd0c32237d06,0.31415390968322754,0.28259673714637756,1
a9982ad1-a78e-4ab3-b9d5-4f3679d3e043,0.30240580439567566,0.5028302669525146,2
a62e9212-e75b-4078-ae68-f56a1164dc70,0.2371295988559723,0.5259730815887451,2
67cf2fb0-431a-404d-9c9f-826dd2d3472b,0.294055700302124,0.4136386513710022,2
dba303f0-ede3-4834-aad4-767eadafa744,0.5208999514579773,0.3284127116203308,2
7c183d9b-d1fd-414f-8c95-c17132422732,0.6320452094078064,0.4484277665615082,1
5b6f539e-eb73-4ca4-b359-a1f85e96effd,0.5828980803489685,0.6416947245597839,2
cb1dd642-75fd-43ae-bb80-d019a2a9cb8e,0.6531491875648499,0.6543443202972412,1
0f797de2-3d82-46d1-a370-c278a36ad785,0.6248108148574829,0.5420910716056824,1
6623b60e-9200-4019-9a95-521adc03524d,0.1435054987668991,0.2620680332183838,2
57f0ad88-0dad-4cce-95da-30175ff0ba40,0.6648483872413635,0.6428042650222778,1
a5ac20db-ed05-49d7-8960-2035a9dce14d,0.11277583241462708,0.23551194369792938,1
3f191c72-305c-487d-8da0-7335fedc270f,0.6661170125007629,0.7178327441215515,2
dacd5655-337c-4c89-a87f-edd54067cfb9,0.7200007438659668,0.5914556980133057,2
85cc4bad-5cd3-494f-be90-e3c16e512cab,0.4454551339149475,0.5073996782302856,2
7e12768d-0e37-4940-9dcf-186ba3916660,0.22562071681022644,0.26984602212905884,2
d10f40c6-f5f0-4273-82e0-90aa22520588,0.21583105623722076,0.27049726247787476,2
322525fb-6970-4c56-89ae-375664d8e320,0.7030627727508545,0.5916580557823181,1
9bc05c17-a739-462c-970c-f5279779f3a5,0.6791802644729614,0.29122984409332275,2
9843660b-4a86-4cae-b6d7-03d73b88426e,0.38014549016952515,0.2500366270542145,1
e721d415-d8b9-479f-a476-bc3f3a239140,0.36904415488243103,0.46683788299560547,2
9409bd0a-fbdd-4450-8b41-5aac05fd5c36,0.2308390885591507,0.33338499069213867,1
00d73c9e-6441-4b23-ad78-f33490a6a1ec,0.41603073477745056,0.2873263955116272,2
a2685475-307b-49a3-85f8-07b32c63e062,0.3733617663383484,0.498486191034317,2
1bfde41c-01ea-4af8-a5c3-706b8af6cec6,0.6418638825416565,0.6050113439559937,2
749b0981-388d-4deb-83d4-b4bc35b4a168,0.4334772825241089,0.29308170080184937,2
7d9b0578-4621-460a-9d67-9705079b0a1c,0.7227253317832947,0.7451258897781372,2
71db6e1d-bcb4-4849-bded-f252a32c927c,0.33477509021759033,0.32110536098480225,2
41548819-7537-4bbe-8c20-ba78feb5fe0d,0.29015931487083435,0.21252013742923737,1
e4443872-3ac9-465e-9d99-88ab9720da81,0.26013246178627014,0.2652774155139923,1
aa03cc32-e85b-4710-8120-aeaba4af65b0,0.18083766102790833,0.24655623733997345,2
bcde1c24-5e48-4ba9-a8b5-362db0db0129,0.28089454770088196,0.12622672319412231,1
107793ec-8721-4897-b0de-17db3578fc10,0.41203004121780396,0.3565564453601837,1
0f36f4a6-da40-4c61-a4cc-db237df8f1b6,0.1510460376739502,0.21395984292030334,1
ae91c584-b9d3-4a0e-b166-6928531d1bed,0.39902549982070923,0.5227710008621216,1
bee259be-fcd9-4043-9047-0e199aaa8214,0.8262012004852295,0.628043532371521,2
45896107-bb21-48b8-845d-619d8c19bc34,0.04086392745375633,0.1873919665813446,2
f36a34dc-1b78-4af1-9e48-5ec9d369feb5,0.5036324262619019,0.5267596244812012,2
49c51e74-be6e-45b9-a223-4c0835ad76c1,0.5255550146102905,0.7864064574241638,2
f8594fc8-df33-49d7-a5a9-045765ca8eda,0.5242318511009216,0.0909927561879158,1
ab1265ac-d06e-4bad-ba0e-0219d63d3357,0.16350312530994415,0.13970153033733368,1
c71454d3-16c6-4852-bb0e-1149fd2b0e52,0.3263033926486969,0.09740562736988068,2
d3615153-cfb9-4583-bd93-e1814c250a1c,0.5659366846084595,0.734471321105957,1
1be803ad-225f-4b93-a5ce-3d96deedc495,0.24523897469043732,0.5049976110458374,2
b64b9a40-4e69-4381-ae49-035edf71a232,0.5042427778244019,0.48201626539230347,2
e5ce589a-86a4-4f4e-9a51-87220abdf821,0.3171497583389282,0.25910353660583496,2
e2f74079-bcd6-485a-80c6-24be4fca4ae9,0.30874067544937134,0.4114084243774414,1
c473c07a-630f-48e2-b6dd-ebb34d815fc2,0.599149227142334,0.4868345856666565,1
8ae17467-e396-4f89-9d2a-eeade4539358,0.029333509504795074,0.4761977791786194,1
8e61c1c5-582f-4379-b332-dcb96faf3bf9,0.39290326833724976,0.6458603143692017,1
a28a894f-ea54-438a-93c5-cae7e4564ec4,0.2394338995218277,0.28979986906051636,2
932e37d4-1305-4e54-8fee-ba649e7c7206,0.19220829010009766,0.40566760301589966,2
f935f831-38bc-4b00-83c6-3891a4dacefc,0.1276441365480423,0.26875633001327515,2
345e1032-0c47-48e6-9968-e04baa479d06,0.34901803731918335,0.5278348922729492,2
bb5695c6-6c1c-4de6-b56c-6b23077d3df5,0.43174421787261963,0.5374999642372131,1
6ab897f0-4f61-40f1-afa6-e9485e44316d,0.3112609386444092,0.2832425832748413,2
1a2bead1-a985-44e6-966c-44c4a77afe37,0.2203686684370041,0.24661916494369507,2
ed448375-accb-4425-b7ed-e5af03f0d477,0.4131458103656769,0.5815032720565796,1
5488ad4e-968e-4113-b3f1-23a27e40e52a,0.5974267721176147,0.7171533107757568,2
0aa4d795-2af4-489d-84d2-a3476cfc9019,0.5099559426307678,0.42549729347229004,2
666d1b41-7e20-41cc-b6a7-5bc3eb9ed7b7,0.23050335049629211,0.27408406138420105,1
08f3861d-5511-4f65-9611-0c67ec71561c,0.36330050230026245,0.44348496198654175,1
05f5c44c-6d88-4c50-8c88-d9ad55fbaa8c,0.4255009591579437,0.2249060869216919,1
e7be4ea9-4bb9-4141-90d5-351d6377c9fc,0.24604274332523346,0.2752046287059784,2
8e5c1dce-bed9-4754-9565-89b1d10b1aec,0.46432292461395264,0.367527037858963,2
9a37e0a5-a537-4af1-ab7d-c39c440ee8d6,0.23448215425014496,0.2863669693470001,2
0e499832-cc4e-459d-a066-de6e73aa77f9,0.17516888678073883,0.2638651132583618,2
1b99f1e5-e8e4-4ae9-b05b-e5c8324e8768,0.38410353660583496,0.3416712284088135,1
66c79a45-25be-4066-9d36-016637bd57c5,0.12329498678445816,0.2699543833732605,2
598c2da4-91cb-4adb-8d09-0de672cdebe8,0.736952006816864,0.7296080589294434,2
d46e5bd9-8a43-4670-b8c7-fe56f59cceae,0.5533715486526489,0.3637925684452057,2
5183072a-7b29-4a2e-80bb-120f3fcd8bda,0.36319097876548767,0.4753657281398773,2
70e3a2c2-6e8a-46cd-9948-2005e1e6bfac,0.6011936664581299,0.6278536915779114,1
f2d60888-a0aa-4da4-b744-57ac10ae6dc2,0.6565579175949097,0.5072087049484253,1
52255569-a048-4098-b40a-a9a96bbc754f,0.3950961232185364,0.41440004110336304,2
8585d876-38ad-4846-a5b1-3b8fbd3d8f72,0.13223034143447876,0.27820441126823425,2
a7dcd6a0-c9a3-4aa0-b2ed-3e80a03b2dc7,0.08389851450920105,0.21340885758399963,2
1658b490-24a4-4f83-a42b-e6c679d0c2c2,0.7210740447044373,0.5672927498817444,2
796ab4ea-12d3-489a-b7e8-fce2b430107c,0.5263181328773499,0.6604924201965332,2
09609ed5-1852-4e76-af8d-f08de3742d15,0.41703730821609497,0.515471339225769,1
fa694d55-2291-467e-837e-cee613230e8c,0.4279429316520691,0.550467312335968,2
37c168f2-e2cc-4117-879a-abcce85af37f,0.5049919486045837,0.5354693531990051,2
fb9f8eff-5f05-4cd8-bb99-3ca886845607,0.5160080790519714,0.4242933988571167,2
b0c7b950-cea5-460f-b573-a55e692120bc,0.21641823649406433,0.42441821098327637,1
5df5e38b-ea80-4122-b43e-1cf116a83e6a,0.2534475326538086,0.232340469956398,2
ba6d9c84-d0d1-4806-964d-2573c08e67c5,0.28070858120918274,0.23681305348873138,2
98826835-a7e8-4441-b37c-36f2179d7651,0.43250107765197754,0.43225356936454773,2
cc2f14bc-8e8d-4c36-9a14-a7e9e89ac52e,0.02297958917915821,0.20630261301994324,2
bb4840dc-d637-4183-809a-567bb67e9935,0.315814346075058,0.5235583782196045,2
08e30459-3e8f-43f0-ac30-a4f367168e45,0.14782017469406128,0.23025085031986237,2
c4d8548b-b1a0-4d5c-8004-bbe77d21b4a4,0.1953100860118866,0.16516783833503723,2
f3b25856-827a-42ba-8ca1-0426c1b01219,0.5001099109649658,0.6148142218589783,1
31e7354c-de3a-433b-afcf-fa8885569007,0.2760147154331207,0.18602091073989868,2
64abf5b2-354d-405a-a0c1-ba141fba015a,0.23359015583992004,0.5075154304504395,2
8cc7c8cf-053b-48e2-8d4d-6f520490e9ac,0.4807417392730713,0.5630743503570557,2
393f121a-4cd6-4781-95a3-76f88137c1aa,0.17892256379127502,0.2396842986345291,2
0fcbf8d2-a63f-4d37-b304-003c10570638,0.17328311502933502,0.13676878809928894,1
9669f392-85d9-45e8-8dc5-2b3d93b897ac,0.6803634762763977,0.7577049732208252,2
538e9d85-3ff1-483d-b8de-0c62348d225b,0.5243126749992371,0.28908899426460266,2
1295799e-8cd2-4da6-91cf-7515acbd14bf,0.4692680239677429,0.3334880769252777,1
04e42093-ebd7-4b56-990f-e34f397e13bb,0.7224725484848022,0.7173984050750732,1
78a60b56-2e3a-4fd6-a74f-b5b86f400540,0.41095030307769775,0.7152197360992432,2
4a030972-fd37-43e8-b44f-6920cf9355b7,0.21213436126708984,0.20530644059181213,1
3b754b95-8b0a-4d6c-87f5-158d1de303d9,0.5212610363960266,0.3300630748271942,1
2f14cad7-8f3a-4a54-b7d8-206c515b780f,0.41901060938835144,0.7109822630882263,1
f9079515-f56d-4090-8b26-0e9d93dcb731,0.05577912926673889,0.20497539639472961,2
98181079-1081-48ba-bb83-031bb0046b92,0.31049394607543945,0.31289219856262207,1
c21420d2-5652-4f20-9e1a-9f86a551e4f2,0.4320693612098694,0.24253930151462555,2
3c771b38-ee3a-444c-9fc1-36748ff391bc,0.5839946866035461,0.448304146528244,1
826d3ed1-77eb-401a-a8c3-2770c0523481,0.33857670426368713,0.2480219304561615,2
86b42126-6fee-4bb2-94f0-5c8cecd375aa,0.4667951464653015,0.6576359272003174,2
741833b1-bdf1-4be4-ba01-2a8ca81ae7be,0.196029931306839,0.14811168611049652,2
1a61f7f6-0945-4905-aef9-adb2808c22a0,0.7959423065185547,0.5471516847610474,1
fe12762c-51e5-4bcc-8a08-667ce3304f69,0.6179596781730652,0.6003009080886841,2
bb63a874-2cf1-4ffc-8f75-b403c0b26be5,0.12242794781923294,0.07504715770483017,1
432c8932-ec99-42bc-82ba-87d4f10ef17f,0.24747908115386963,0.2268945276737213,1
befe024d-d480-42dd-9710-7eb1bdb7ff8a,0.33222079277038574,0.16702434420585632,1
2fcb96c1-3717-46ed-aa94-165151fee791,0.12747269868850708,0.06267829984426498,1
aa94f624-fe3c-45c4-96b8-6cf486bd4302,0.40781426429748535,0.5171811580657959,1
6f96532b-9bc0-44d0-84fd-6bb7b99d69be,0.42919397354125977,0.5790493488311768,1
da5ec41e-4fd5-4a1c-b2ad-67fd6c8b1165,0.11073249578475952,0.21263888478279114,1
200f7c71-d985-46ca-ae40-4f2d1e34802e,0.7540743350982666,0.7819328904151917,2
217a2486-e392-414e-ba52-3bb13ef79793,0.17391860485076904,0.4371179938316345,2
b9efb3c3-2239-4d6e-8a6d-2092fafe7012,0.375178724527359,0.3453340530395508,2
8f38419d-c80d-40b0-8770-3a8a86e4a5ad,0.5527333617210388,0.3880717158317566,2
f1076e8c-eb8f-4b71-84b4-3c433b7235a7,0.4912082850933075,0.3042287826538086,1
8deede16-2f24-4579-970b-047ad9d23141,0.5232522487640381,0.42323073744773865,2
b8b93e71-5a93-4092-931d-6271bbafa1f7,0.6391627788543701,0.18115997314453125,1
d16e2710-0a1c-4f4b-8be5-4bf9bd4dfa69,0.3680045008659363,0.44070276618003845,2
5cd09381-9d02-456a-bcd4-0d45f9ab0db3,0.6469968557357788,0.5939273834228516,1
21deb4c0-ef25-44fd-91f4-35b4bed8a75e,0.5415021181106567,0.23417207598686218,1
0c183cc3-d281-442c-ad31-01f93cd9e281,0.4899483919143677,0.6211624145507812,2
fe5a613d-b6ec-4f31-8d2d-007018b092ec,0.39303329586982727,0.5869811773300171,1
49cfda84-e8ff-486d-bf67-cab8f972a748,-0.008347844704985619,0.0779181569814682,2
fb466251-500e-428c-a120-a0c6887eb37f,0.20917461812496185,0.12026307731866837,2
28531a23-ff54-4d75-a108-c910d32c6147,-0.009568560868501663,0.1662224680185318,2
23ab455c-ef3c-479f-90a5-4acd8e1ac3c9,0.25713515281677246,0.5607590675354004,2
ea4c827b-b5f2-44df-8d39-7373cb35f1ae,0.21267327666282654,0.2759709358215332,1
a8869d8c-54a0-48db-b8ea-7fee53e32008,0.37537500262260437,0.3344283699989319,2
c2699d68-4f16-44d1-bff6-6a66ec266a46,0.6490049958229065,0.8118953704833984,2
b34dfd2a-4ae5-456c-85a9-7c4ee0b58248,0.29480183124542236,0.3802436292171478,2
87ed8e67-02f7-46dc-b0e3-82319328557a,0.6700329184532166,0.6290438771247864,2
cdc35d15-ea89-4410-bdf0-fadde0243985,0.19328242540359497,0.6243128180503845,2
da033578-7efb-43b4-875f-adeefea0fac0,0.2731528580188751,0.41013526916503906,2
3b0fdd12-aa51-45ec-9808-79b308ffe722,0.41118326783180237,0.3788886070251465,1
fedc6a43-057c-4684-ad11-200180ade0d3,0.5246697664260864,0.3919912874698639,1
60e826cc-3f0a-479e-a79e-319935d39b58,0.0657643973827362,0.07550515234470367,2
471e2283-f8c4-4e45-9c87-40c815fa73ac,0.2030414640903473,0.3858915865421295,2
463dd0de-6558-4e40-b5a2-b3a202f6856b,0.707359790802002,0.7845560312271118,2
f03ef931-1c90-4b73-8e6b-f3cb9aa702fb,0.2741602063179016,0.3399641811847687,1
0b9c5ee5-9ce1-4195-8ed6-01956f15d659,0.4805377125740051,0.6280246376991272,1
f6292a35-f8e1-4b62-9592-a1f603bec68d,0.2722514271736145,0.32634836435317993,2
056235a2-84cd-4c99-9652-1e0773797143,0.5262264609336853,0.447970449924469,1
a1ecda1c-7f69-4721-89ae-fb2e6ca9cb2f,0.13315653800964355,0.11321257054805756,2
31e16ce0-894b-40c1-a142-261ca16baddf,0.4389508366584778,0.27167069911956787,1
d87b0656-9f88-4247-ad95-644c64d38754,0.26944786310195923,0.6847841739654541,2
95ab463d-7d6d-4dff-9454-69d5abadfbf0,0.45133382081985474,0.5519409775733948,2
dd1cbc2d-75fc-4fe7-92b8-cd986d80140a,0.3173138201236725,0.4134586453437805,2
474c61d2-2b1f-4d12-9274-a85cea5bfa2b,0.2596937417984009,0.21105417609214783,1
430d9fb6-7fb0-4cde-9ae5-c81ca4347109,0.41266560554504395,0.4075086712837219,1
33675fd9-8bb1-4739-b677-9939a01c3b43,0.25512322783470154,0.41345998644828796,2
313197bd-b309-4eef-9f8c-b0ee6e14fce8,0.38624805212020874,0.40529653429985046,2
8d81ed6f-9c29-468f-85f9-3ffe7a4d58b3,0.6160101890563965,0.27560609579086304,2
d6638b4d-72ff-4d36-b37a-065aaf871591,0.1949082762002945,0.18320128321647644,2
e32919fb-7b84-424c-8825-a9a5ca420958,0.1401384472846985,0.20154111087322235,1
254a99c8-5a3c-4cf7-8bf9-e99f8b613cc9,0.08905914425849915,0.06746620684862137,1
25561b53-b8fc-44ef-9d22-384325cdcf66,0.6507313251495361,0.47913336753845215,2
823343e6-6721-4692-ab53-1f2e28cf9d4c,0.2322877049446106,0.23451828956604004,2
0f1277f9-f7eb-4133-a067-8012ec4ce4c4,0.21634534001350403,0.4726021885871887,1
3dcdf416-5329-4190-b492-4b83c3c17d5b,0.45181766152381897,0.31414511799812317,1
ff6a9be8-35fd-4371-9337-0a487aa6bcbd,0.15298010408878326,0.8410845994949341,1
93b3adbb-d8fd-4fec-90a1-2f4818cf878c,0.4328070282936096,0.5188620090484619,1
4b8f1d1f-9b00-4af4-bd25-ed71e9536b55,0.45247983932495117,0.5605170130729675,1
39ec0a97-fd2f-46cf-95e3-a2c6db74f022,0.48769164085388184,0.5791599750518799,2
35dd81de-9d73-431c-96a1-fb19b59eca7f,0.18177933990955353,0.2562093138694763,1
1b06e78a-3f2e-4445-a72f-780b27f3f40d,0.31649595499038696,0.1976793110370636,1
0da38645-9c97-407e-9ef3-5a2058ebcd9e,0.45059341192245483,0.5279929637908936,2
669aa4cd-bc3e-4c4e-acf7-f406844d697c,0.37645477056503296,0.2404792308807373,1
74c29734-503c-4412-8716-bdeac83ee64a,0.28977325558662415,0.34384891390800476,2
7c079852-8137-49e1-96f7-ff6ae8c1b904,0.46666979789733887,0.34117916226387024,2
f9b8a4d5-c5bb-44e6-95be-1bcc52af40db,0.46502095460891724,0.5210939049720764,2
0a7b177b-7671-40ba-9a36-72ef45b651a6,0.4371168613433838,0.4716647267341614,1
13fb2312-d2ad-4561-8a05-7513e63442bc,0.5728539228439331,0.3234062194824219,2
f6830a2a-5ab0-47fa-812d-703362717fb5,0.16998368501663208,0.2912375330924988,2
928d6e7d-0b05-4027-aadd-49f08b02ea60,0.31667250394821167,0.2926660180091858,1
16c3e3c9-c7fb-4c0a-9a22-65e9209fc338,0.21942174434661865,0.15189379453659058,1
8290bb38-7526-410d-b63b-84b2019d4657,0.11648011207580566,0.33326882123947144,2
32075b85-b08a-4503-ac1a-f8d92d2fa29f,0.5046082735061646,0.40150243043899536,2
03ba1bda-c31e-4201-92bc-b5b35b3f0aad,0.7811645269393921,0.7791448831558228,1
6b9941a8-213c-4e54-98f5-81e437bd2926,0.24486026167869568,0.14714254438877106,2
aaa5c492-d3b2-40a7-bbd5-6b8e21e1003c,0.20437198877334595,0.21094170212745667,1
c73cbbee-b51a-42f0-a3d8-22b8fc732b4e,0.30785930156707764,0.2854650020599365,1
8a3f1af2-3913-4a4a-a234-136733984d4a,0.4843326210975647,0.39917075634002686,2
1642a31d-5568-4ec6-9004-7470b35360f7,0.2704983949661255,0.17255830764770508,2
4ca3ce4c-637e-45e8-9d94-d0da28effc6a,0.567740797996521,0.47651052474975586,1
237a2426-779d-4d2f-8878-cc1d9895ed5d,0.38526394963264465,0.48778271675109863,2
4014fd4e-036c-4e93-973f-3eb49ce21fda,0.5923238396644592,0.7741376757621765,2
7acc2db4-2324-4bf5-ba56-194007e0bb65,0.6612270474433899,0.20477360486984253,1
b753ce86-ad90-4ca9-8816-215f0f968a30,0.3718279004096985,0.47315913438796997,2
001df42a-7c6c-4bee-bbb8-21950fe87d2c,0.36608779430389404,0.3531210720539093,1
2e80030a-9ade-4fdb-b693-444100733c1b,0.38670194149017334,0.293038547039032,1
c57088f8-7a4e-4826-9d91-2065f345a4ee,0.16064772009849548,0.5348870158195496,2
fa89b431-41a6-4ab5-a1bf-f244f1c0ad85,0.21275272965431213,0.11458756029605865,1
2b38b3ba-ce90-414e-8114-88f601631444,0.28348982334136963,0.17495787143707275,2
2ab4f4dc-7b16-45f5-8b72-99d8d10be148,0.5450791120529175,0.5200192332267761,2
187b118c-c70b-4afb-9b41-5c1e09887858,0.3816096782684326,0.4824957251548767,2
765b576d-0989-450d-93df-1b2d6c329a0c,0.4103442430496216,0.5812641382217407,2
9923091f-49f3-4ce5-bd9c-fd01f284bfde,0.45181095600128174,0.5179579854011536,2
6b666c82-cfcd-4447-ba48-f91fcb27c170,0.5607562065124512,0.4245671033859253,1
11abdce5-a150-4ea4-b76b-4ff36b7b0f6c,0.4981178343296051,0.4548458158969879,1
b29a15ca-1fdf-42a3-b443-50c33f297318,0.23398694396018982,0.3231074810028076,2
5ae5571c-31f7-4d79-86f2-3c7fa9ffb6c7,0.20642510056495667,0.24912923574447632,2
1734a9b5-938b-414f-8718-450d13658cb2,0.2194576859474182,0.14041633903980255,1
264662c6-4f40-4f03-93d1-335a268e52c5,0.38927218317985535,0.33343571424484253,1
609a7d44-9a1c-4585-b0f4-5ac7d9fc1f8f,0.329900324344635,0.11087966710329056,1
e242bc6e-470b-4ed9-ac96-48a4d38b11ef,0.28169721364974976,0.16737467050552368,1
5d10d46d-83a9-4468-9b05-8bdabdc5ea92,0.4510846734046936,0.47886455059051514,2
b083a25d-a3c3-47be-8879-949b475d13f6,0.23177409172058105,0.16866494715213776,1
847fb1fc-aa6c-443c-98aa-fd4af3847c73,0.29997217655181885,0.1323060393333435,2
49500220-b926-41dd-9347-0edb6829edeb,0.37415769696235657,0.38083308935165405,2
dea3f3e4-98c4-4614-ab9f-e370785fc7fc,0.27640801668167114,0.2125604748725891,2
f560dccd-209b-43fd-8bb7-6629e8a30823,0.7070869207382202,0.6197553873062134,2
0d1aec48-f891-4611-80b2-b10476ea4776,0.28686702251434326,0.32481932640075684,2
dbd1c07c-3bbd-4753-bd93-6b7400eb2c64,0.569629967212677,0.6702211499214172,2
ce784ff4-4411-43ae-8789-7dcd07692029,0.4070618748664856,0.3813273310661316,2
d35e7dfc-d3cf-40b2-8b67-b92572b74222,0.38900572061538696,0.34891343116760254,2
84c97f08-5998-4059-b2e6-26307c70a656,0.4937743544578552,0.48767054080963135,1
e948a9b0-1f8a-4166-b43a-757387ea6ca0,0.3550134301185608,0.25257033109664917,1
5a797fa1-07d2-47f6-b160-36e10ae5e63e,0.5009739398956299,0.5742173194885254,1
c9ed6b56-0a08-4b0b-bb46-4a05856c6b3f,0.6261495351791382,0.4956594705581665,2
b4e4e9db-8cc5-4b39-a4c7-894ed6af9c79,0.5668442249298096,0.4945489466190338,2
d59da61f-1141-4c74-8e7c-1e11ff2d21c8,0.08117076009511948,0.5888068675994873,1
7d177568-fd50-4c13-a5a5-929a12e765c5,0.5603262186050415,0.23015692830085754,2
ed31c050-341d-4ae2-9ec5-55da770d5e5b,0.2571089267730713,0.4086335301399231,1
c6637931-907e-452e-aa57-299e8801d648,0.17858028411865234,0.26108288764953613,2
05fa2554-9bb2-4abc-954f-6e21b2e52a5b,0.21707618236541748,0.34696120023727417,2
8d833f98-114a-420f-adb2-53884b813034,0.3706932067871094,0.28863611817359924,1
048f5a77-7c17-4071-8b0b-b8e43087132d,0.15286192297935486,0.1513800024986267,1
57046c72-5c39-47b4-88a1-6984ad1ac6b8,0.619583010673523,0.7643392086029053,2
dac71653-f4b0-4445-806c-ae724a693373,0.35248416662216187,0.37637975811958313,1
5508c74e-4105-4b4b-805f-372aa58429ea,0.391770601272583,0.592765212059021,2
c9c7f614-e8c1-4b07-890d-2b0ffc19cd47,0.30690327286720276,0.22642701864242554,1
6126881f-3a6f-421a-b2ae-b74b7a52dd96,0.6384028196334839,0.20117685198783875,1
98bdd522-48f8-49ed-bcda-fde95a663ee2,0.5715839862823486,0.7024918794631958,2
35146100-1a33-4b70-ab26-4469198f909a,0.5569444298744202,0.38128235936164856,1
96e98dae-7c2e-4130-b6c2-4912c0e58938,0.17677395045757294,0.5143131017684937,2
39c953ff-bb04-4997-a6be-3f4b07e0db56,0.29299354553222656,0.238404780626297,2
2b7745a1-9e3a-402d-a806-1eebfb18ad5a,0.4807719588279724,0.5833991765975952,1
56b24969-0004-4731-99d6-ac4931df1b50,0.5590468645095825,0.5275382995605469,1
eb653573-0e05-403a-b5a4-be7bd6ba3f99,0.20622171461582184,0.3654630184173584,2
efb927ed-be0b-41fb-b89d-1fe4f3f96f78,0.4893738031387329,0.5627702474594116,2
dac6c4cb-422b-436e-ac83-7853ad91d9c6,0.277968168258667,0.2973778247833252,2
9f53d98f-c1d9-4082-a9c7-1a95ed3de223,0.48168063163757324,0.5591064691543579,2
553ec373-0500-4c63-979f-a446a17f550d,0.36389684677124023,0.3803137540817261,2
d84fcc97-0638-4dc8-a881-596c66b75e83,0.461120069026947,0.2852264642715454,1
6001c530-a64f-4128-82db-deb6bd81e8b8,0.2326006442308426,0.40597954392433167,1
2ff39c6a-6eb8-4890-8e25-6b6af653046d,0.17107728123664856,0.20332594215869904,1
5bf65083-150d-4e08-a822-fd215ecd23fe,0.5818582773208618,0.6816954612731934,2
a6e1d6d8-ddbb-4b54-a685-c642f4076e1b,0.38955235481262207,0.5474987030029297,2
adaa9d18-572e-40f0-af81-c415abf793a4,0.40412837266921997,0.6565879583358765,1
8cc9a757-075a-4e47-95b7-2fa63dc8870c,0.16099093854427338,0.6366332173347473,2
8ef45363-9070-477a-8f1f-8d7c947ea6dc,0.24656100571155548,0.5807470083236694,2
a2878606-f05e-492b-a581-8b00346d40ca,0.6197551488876343,0.622386634349823,1
7fa2b3d7-8046-403f-9a66-8198715ef31e,0.3448481559753418,0.22320416569709778,1
3c516058-0aec-4a0c-906d-4b466715c38b,0.16232550144195557,0.19243155419826508,1
713e6e15-793f-4951-9d47-3d4688d748a3,0.33767423033714294,0.32536983489990234,1
fcb6c166-4da5-4efb-8779-4ba6bdf1da2f,0.02805432863533497,0.25385552644729614,2
f3b7819d-89cc-4dcf-a560-18d70f6f2cf9,0.6143569350242615,0.38726598024368286,1
041c9cd6-3351-4287-bf7d-56e1b8808341,0.21937882900238037,0.24770036339759827,1
4fd560d4-8d90-40f8-a572-9522f966fd97,0.4854043126106262,0.535201370716095,2
dc450ec8-ab03-47b8-af48-43623c8a369e,0.6341618299484253,0.4581068456172943,2
0f29def9-37c9-4eba-a87b-154ceec40700,0.5326897501945496,0.6542468070983887,2
a443d57f-b1c1-4d08-abff-3c968b8f9d92,0.6521196365356445,0.5985410809516907,1
1ad78f7c-f5b0-4f1a-a09c-1223e6ed015e,0.36047255992889404,0.1927744746208191,1
4a4ba70e-d51c-4574-b3f1-42675bef0059,0.5765727162361145,0.5431923270225525,2
23d95ddb-64bd-461e-b5e6-426a8b77c108,0.2895648777484894,0.47191983461380005,1
10770264-1216-4bf9-a955-423d82dc6a92,0.4061296582221985,0.1950528770685196,2
558ffced-fc9e-428c-8b62-4227a8ecf556,0.3437064290046692,0.5295504927635193,2
5f27fb6f-f523-4220-a393-1fee45f744e0,0.4951838552951813,0.5406367778778076,1
61b5d18b-450c-4fb7-9f50-47d9df3c22eb,0.44257852435112,0.48246678709983826,1
81959648-7d1f-4f5e-a960-50465d1c6faf,0.3901808559894562,0.779932975769043,1
0a87c92f-e24d-48fb-b064-71e8c66d5f4b,0.2929397225379944,0.1383325606584549,1
36c75e5c-8b93-4743-8104-122c769d1636,0.2985217273235321,0.22718936204910278,1
bbc7c651-dd54-46ea-b057-7b001c105912,0.2530975937843323,0.23266395926475525,2
f884bcde-c243-4cfd-a9ad-3adeba0ef86a,0.39947161078453064,0.10583393275737762,1
4c58f47d-b444-4a16-a66b-553fc767130e,0.2129061073064804,0.2557547390460968,2
49701721-7d91-47c7-bed2-ad411562391f,0.8848904371261597,0.7665629982948303,1
bd8d2a48-5146-413c-baf3-47d7b7c4e65c,0.4370601773262024,0.5826362371444702,1
709db57b-125c-4434-b58d-f543070d8a27,0.2942771315574646,0.35672396421432495,2
4010d4ae-e1f4-4348-8b20-91a774bf34ee,0.6753897666931152,0.556197464466095,2
2e9fd58f-6036-4008-8c0b-c7d70cc43d2e,0.2608623206615448,0.22695735096931458,1
3329d95c-5a03-4d68-90b3-25ddba1e4c9e,0.40938282012939453,0.43726590275764465,1
6d0772be-9406-4257-af59-ab5f2e819e81,0.2517908215522766,0.4353591203689575,1
3e13600e-4a0f-42dd-876d-9741076fc465,0.22836226224899292,0.32913264632225037,1
16a5c03f-6538-4913-b51a-f20a560577eb,0.5778456926345825,0.6851954460144043,2
bf8b9f77-692d-4873-a7e5-30dec273eb4d,0.3098878860473633,0.4547572731971741,2
ae97dd54-084b-45d1-aa4e-eaad35b58cc8,0.531490683555603,0.43796104192733765,1
4aa68faa-46af-4c29-a5af-76920608e42e,0.5843272805213928,0.5571696758270264,2
d6ead853-dd97-4d11-be64-7b93a24bffec,0.3693472743034363,0.15994054079055786,1
dfadf8eb-0782-46f5-b8d6-f03b68044e5e,0.4045732319355011,0.35437971353530884,2
a8d36862-b0e3-4147-82a3-6ada95cc4939,0.3745114803314209,0.4406130909919739,2
a76f857c-34a6-4409-a2d5-1255ba6cf5e9,0.41222405433654785,0.28467267751693726,1
54ec0b0d-355e-484f-8554-315daf68fc44,0.3024487793445587,0.25889143347740173,1
f5a85657-b572-43dc-adb4-b62c8d4d023d,0.6297873258590698,0.44040507078170776,1
7c80498a-801e-4d4b-86f1-bfbea4247fb2,0.42004257440567017,0.5805598497390747,2
968bf70b-55b0-49c9-9eb3-0e9c89043c72,0.5057561993598938,0.4326825737953186,1
c9e0ad92-16a3-4721-b221-bc7a7ea72195,0.12471920996904373,0.06244273483753204,2
4e5aa3fc-f0a5-4426-8fde-3229bbb1edb0,0.43664342164993286,0.4466060400009155,1
2d825c0a-d7f1-40ea-bb9b-c8f68c10eba7,0.3085120916366577,0.3880805969238281,2
b287eeca-7682-4a3f-8b60-d7529988dc1c,0.4151706099510193,0.32530903816223145,1
367d94ef-0033-45f5-b7bc-0e461e049220,0.40475332736968994,0.3396719992160797,1
6d40efe0-4f3a-4475-8cc3-55915a7c2d17,0.2133570909500122,0.11974548548460007,1
a2af46c3-ab6c-4b15-b3e4-205b55d5dd76,0.5101622343063354,0.3736199736595154,1
2d49847a-81d6-4d67-b36b-1bd695768cb5,0.307803213596344,0.29024845361709595,2
dc60a861-f7c4-491a-9f98-ffaaf73d4b32,0.23848050832748413,0.32341617345809937,2
e7cda60f-1f70-44c6-b021-f485beb6c2bc,0.48279720544815063,0.49011626839637756,1
83279ad4-371a-4d70-a479-82fb5422cfbf,0.3067551255226135,0.20920929312705994,2
c77e19e5-ec84-4ac4-9a77-904b12a882e0,0.18119271099567413,0.31688961386680603,2
cb054419-731b-4350-96aa-aadfc00e35ae,0.29464566707611084,0.3425444960594177,1
a9ca9655-b64d-48c8-96dc-b14a9bc94890,0.19215209782123566,0.273438423871994,1
3e6404e3-86cc-436f-9cec-40f6f922cafe,0.495326429605484,0.5417236685752869,2
873a9a34-e68a-4971-a397-0ce28140bcba,0.17982998490333557,0.16088563203811646,1
27e6ed53-de20-4969-ac97-d1c767e66e8b,0.5150933265686035,0.18705105781555176,2
d0b21d6b-1e82-47b2-94c6-3b37b559b58c,0.31279343366622925,0.6783121824264526,2
0505ab3d-b0a6-403b-83bd-1ff36755c0e5,0.24205610156059265,0.44219619035720825,1
c363f775-7fbc-4935-bf85-2608d84a0fba,0.26664745807647705,0.18811750411987305,1
06d18564-6dcd-4154-aa35-a9f326c2db72,0.3384385406970978,0.6288759708404541,1
2f47e25b-1df6-40e7-86e7-85cf008c7bd4,0.39811283349990845,0.31175267696380615,1
26e62478-4a62-4f71-8449-26edcf3905c0,0.46415871381759644,0.45719581842422485,2
a7ac822a-737c-4734-a6a0-05763dedc94b,0.2086418867111206,0.23804202675819397,1
ba6be46b-029c-49d7-a56b-f8ec2f6f774a,0.4940303564071655,0.35777151584625244,1
970cf7ed-b730-41a8-9675-85790da3004e,0.5534634590148926,0.3524569869041443,1
3c9de9fe-20e8-4b46-b795-f474a6cc1ccb,0.2973906993865967,0.3111144006252289,2
43d9d4f7-8542-4e45-ab22-5880462eb2a5,0.5902523994445801,0.3562525510787964,1
e83f7e0e-0ff6-4546-b154-1c317dfa8526,0.5076249241828918,0.5635538697242737,2
73f5afd2-f1e4-420c-b536-ac86aed95ca5,0.09862103313207626,0.3653370141983032,1
e30c01b0-c968-44bd-8f78-4d1a1ae83ff4,0.26308655738830566,0.25093698501586914,1
ccc59d4b-1e20-4c63-bbdb-a45cff6bc456,0.519158124923706,0.7187861800193787,1
661e7f71-ccc5-4101-a026-32b0ab3c648e,0.15824206173419952,0.06773243099451065,1
efe9f092-1035-4d33-9527-8959d4f71fd4,0.6067488789558411,0.6137765645980835,1
ff9b9128-31a9-4a2d-8fe2-b53affce964d,0.2720460295677185,0.19855444133281708,1
3f7f71e4-82a7-4ad4-8bb1-4a02e11cb1b9,0.3177417516708374,0.4144965708255768,2
af7b1f70-856a-4394-92f1-ecc901678956,0.29449453949928284,0.26139339804649353,1
0a17cbf9-397b-4382-9ce0-0fd835626775,0.16684117913246155,0.31101882457733154,1
d88e0944-c71a-4c76-b100-44e42247fb1d,0.18219086527824402,0.3277565836906433,2
c5c0be96-86bb-43f7-8c71-f1c475cedf65,0.28980958461761475,0.20940029621124268,1
d32397e1-f5c8-4e0a-923b-b941a169a888,0.46234792470932007,0.46514761447906494,2
942054b7-4c71-441e-ab8a-83e413c79604,0.31211450695991516,0.32060784101486206,2
4bc45635-2e6f-4bd1-bbfc-c66db6521b7b,0.7500929236412048,0.6489055156707764,1
0c555fc3-d387-49b2-80a5-6c02ca258565,0.7657729387283325,0.7747228145599365,2
063223d1-69ca-4296-baa6-295672e57351,0.3674231767654419,0.20796388387680054,1
1375cd8a-0967-465e-b190-b445d9f76bf5,0.12527675926685333,0.2138180434703827,2
beb8a610-250a-4f87-98ec-0bd59bbd472e,0.40141022205352783,0.2852199375629425,2
7be7a3f9-49c3-4a62-8f7d-13c95a530452,0.2890830636024475,0.4052763879299164,1
6bf5185c-501a-449b-bc7b-c096f66c18d7,0.2499929517507553,0.24375692009925842,2
3d4aa8d1-9c33-47db-91d8-91982635e8d3,0.4647420048713684,0.41518986225128174,2
5a4e4ff0-d972-4991-8f91-bcf4dae1288e,0.1703886091709137,0.6406053304672241,2
069fe406-47af-4c57-ae9c-2ffea2a0f7ee,0.6638914346694946,0.6083221435546875,1
efd324dd-68fd-4a7a-a860-8939f7f1e4c0,0.2576407194137573,0.3656650185585022,2
0f277b11-2ac7-4769-b857-6055461ec558,0.4187501072883606,0.4207248389720917,2
1d846682-2dd7-422a-b77f-975ca683ed88,0.5859053134918213,0.3869560956954956,1
dce8a563-9c78-4ace-8ca1-3e1b6fd2b1b6,0.47430893778800964,0.349634051322937,2
5df54bbd-457e-4c76-be01-e6ece9d8a254,0.37237152457237244,0.3827597200870514,2
99d2fd49-f52a-4c24-89c7-3b346f4c5169,0.3871239423751831,0.3086533546447754,1
0c375b3e-3b7c-4bd0-acdc-7d4e71b8dbf8,0.06337758153676987,0.15373224020004272,2
c56e19f8-ebcb-4986-b474-ddd42dbbdfee,0.5560871362686157,0.7547383308410645,2
6e85099b-6686-4fca-a81a-bbf17f40c09e,0.4461248815059662,0.24730706214904785,1
103b8bac-e6b4-4682-a040-5090410685d1,0.3250119388103485,0.5742937922477722,2
930c9d40-894e-49ec-ab5e-e99632fc7136,0.3715697228908539,0.7418118119239807,2
bf5a0b2e-43fa-4e0d-957f-7beff5009909,0.8446100354194641,0.773723840713501,1
5830252c-4cd8-4df2-a3d2-ffc46a1391cd,0.5851684212684631,0.5884823799133301,1
261f4708-683f-4aba-8fa5-5b267ebeef0c,0.2353537380695343,0.24576546251773834,2
1d503d1e-84cf-4461-86f0-948a27c9330c,0.4419989585876465,0.5532414317131042,1
148092ae-3c1b-449f-9901-8057f5dd76c3,0.6213782429695129,0.6507351398468018,2
aacd1de8-0707-4870-a2b8-2fb9fa0b484c,0.09967879951000214,0.5087347030639648,2
42736ec0-16cb-4e19-9404-d48ca24d08f2,0.7860468626022339,0.8050426840782166,2
5e7c3657-d66c-4d1a-aba3-8ce8fb109538,0.35776466131210327,0.35918065905570984,1
7abd6e73-645c-4ab4-a63d-2a232eea4d1d,0.7138535976409912,0.3857101798057556,2
e4724aa4-c974-43b9-902b-9e0a50e21465,0.20628967881202698,0.19792702794075012,1
6e61a007-5fa7-4275-b45c-9a2d7a8ad2a8,0.1638842523097992,0.1573912799358368,1
1bbba135-3f42-4f1b-9bb4-6fcc69df64f0,0.3917534053325653,0.3509964346885681,1
50e7e0b7-5c28-462d-8bd6-3bdfecf1f40f,0.39049893617630005,0.3801344335079193,1
0edacb01-c9c8-4f8e-bf3f-f43518f03213,0.28973984718322754,0.3954713046550751,1
106fb699-7469-4d23-a582-29d7ae7b2898,0.25990036129951477,0.234232559800148,2
9fdef8c0-2910-4eb7-8f79-979dea4b7aa1,0.1138412207365036,0.33078959584236145,2
c761de18-82df-47ad-a7ba-1e97533a2406,0.3104478120803833,0.09061671793460846,1
1ee61f07-0a66-4d41-86a8-26a30660d3f7,0.7558177709579468,0.2927859425544739,1
b90a2af2-8141-466c-bce3-d0b8c599cfc1,0.4001011252403259,0.5395734906196594,2
1a4ca91d-6bae-4a04-b605-b9a645099621,0.5490033030509949,0.31146687269210815,1
419324ac-9daa-4b86-ac21-482b3bcef5ca,0.36317965388298035,0.17016100883483887,1
3ab12b02-0972-4e68-98a2-72bcab9257a8,0.1370977759361267,0.17294679582118988,1
043877dc-d64a-4868-9600-72d27c0f8aca,0.27436086535453796,0.17288361489772797,1
091644b8-fd23-4acf-a3b4-e244669f7f45,0.10662348568439484,0.1518930196762085,1
c00cac38-57df-49de-95fa-bdf5e94f52ea,0.29959848523139954,0.32017403841018677,2
0d70ad27-5468-4aa8-b375-c0a273f73bab,0.5706035494804382,0.3990541994571686,2
add7d561-802c-4697-8280-484420ad3d80,0.6373888254165649,0.7486609220504761,2
4615d59f-be35-4bb8-8990-988e2f16ade7,0.2683105766773224,0.4017166495323181,2
f5e38006-7951-497d-812b-a272e2ba5780,0.26500755548477173,0.13677798211574554,1
5828f905-bd2a-4c27-9c05-7f6a6e16fe0d,0.3198411166667938,0.3379362225532532,2
6b1c8d84-ad44-4247-ab03-dcf4c6bbbc82,0.21055257320404053,0.1235019788146019,1
c82c141a-27e9-4a5f-9b3e-c1ae1f33ace5,0.43748730421066284,0.3671256899833679,1
603fff0a-05d0-48f5-84c1-550fc754256b,0.2188209444284439,0.25165465474128723,1
f934d116-c42c-4ec4-9b6c-d910999099c2,0.27732914686203003,0.4108726382255554,2
e29bc99e-a7be-45bc-a36a-bf68c6ff5797,0.2604108154773712,0.1530904769897461,1
64f920dc-a877-4397-9b07-f144432fa0ca,0.333252876996994,0.5198878049850464,2
7fa74ecd-3feb-4205-b2a4-d173f8b0c2bf,0.37209686636924744,0.5282604098320007,1
88670c09-ace5-49cb-960d-3eb7ddaf950e,0.3173222839832306,0.4818437397480011,1
ca7ffb91-a043-4ab6-adcf-d43917f8e882,0.5942732691764832,0.6011561155319214,1
4eec9565-76b4-4dc4-91df-479c71dcef70,0.29863661527633667,0.7329725027084351,1
14791a39-5879-4cc8-91ef-ce366e93bdc6,0.23805087804794312,0.5100358724594116,1
d6c07fc5-9379-427c-8db3-d1e216c61829,0.5296122431755066,0.5100067257881165,2
1759a271-0642-4f98-9330-4b577776b818,0.42810139060020447,0.41322439908981323,1
a711473b-b049-4d72-b54a-0f545f3a790f,0.6534348130226135,0.7495633363723755,2
dcc66657-38b2-4f66-88de-8edfab3399d5,0.1496661901473999,0.548424243927002,2
d18c71ac-cd73-44a3-8e2f-0bfa247ba70b,0.4919363856315613,0.24586310982704163,1
8b7ab48c-435b-49f3-926d-74cd9a50fa41,0.29965338110923767,0.41079989075660706,2
ffcd78ff-f1c4-416a-b3d7-d4f9fe32c83a,0.14834319055080414,0.31239521503448486,1
55384f51-96ba-4ce5-91b0-2a5f55e1b028,0.701572060585022,0.47264477610588074,2
7de18c96-2e6d-4316-a853-c696e3d733f9,0.592803418636322,0.5834779739379883,1
1f677d6f-802f-4b54-8e0e-2f4adc4259f9,0.2053622007369995,0.45498159527778625,1
ca30ecd2-9808-4e52-9c0e-4b9e0ffb3f8d,0.3499348759651184,0.2867177724838257,1
2f595ff8-e86c-4de5-aa27-211501bc5a4d,0.05978824943304062,0.45128291845321655,1
a2676c5e-becf-477c-9de5-a1356bf7456e,0.6709779500961304,0.5573625564575195,2
b0d23a4d-9885-4428-87a5-aef0a58b8928,0.2919694781303406,0.393146276473999,1
7ea28324-be74-49bf-9f4e-314c874819c7,0.25415894389152527,0.45709165930747986,2
2ae5e008-8777-465c-8cbc-7b42db210ea5,0.5164185166358948,0.43937522172927856,1
ff8e9ac7-0619-45d1-b827-7ff4275e399b,0.37240251898765564,0.18477028608322144,1
b155c21e-4c58-430c-9053-3e4f5d896145,0.3647244870662689,0.4475788176059723,1
c1984cf8-6fc1-43c0-929b-c6d713c41ffb,0.5878254771232605,0.5421202778816223,1
978b1dfc-732f-4856-9a14-05011f2a4855,0.5467680096626282,0.5845869779586792,2
811ef3dd-2646-4008-967e-009049c2624a,0.295601487159729,0.4728437066078186,1
0e1cae86-3c60-4150-b34a-f306fa9fa1e3,0.4593125581741333,0.431937038898468,1
e5d75f5b-9c53-4698-a49a-4559715831e3,0.5914744138717651,0.624596118927002,2
215b8a85-692e-4d23-a29f-c9077d9bae51,0.22867050766944885,0.2565818428993225,2
4828eea9-7ca1-47c6-9b58-3b52884ac626,0.31961745023727417,0.311224102973938,1
976a11ff-1a3c-4f4f-9b21-3179f2d9cf20,0.5279619693756104,0.4016726315021515,1
ce73399f-5905-4bc1-9ab4-5d12c7039cf2,0.5858144164085388,0.5954769849777222,1
e71d07b3-5647-4fa3-9b90-27ea083b39a0,0.6977728605270386,0.3045927882194519,2
952a11be-e6f9-4e0b-9b9d-2b2be66a3a54,0.43445393443107605,0.1364050805568695,1
d0ecfef1-dc1f-4c54-820a-04e4c623da1f,0.659576416015625,0.5691937208175659,1
629ec1e3-0d93-45bb-a0d9-cb645c89ffe7,0.662930965423584,0.4258066713809967,1
1335f94b-5780-4228-8c68-74e56ddd452e,0.49234843254089355,0.3833085298538208,1
19b67b77-cb21-48dc-bde9-87f8670a1538,0.32557982206344604,0.36480259895324707,2
705a69e2-7aeb-4c94-a1fb-2997d11e74ca,0.2409881353378296,0.26545220613479614,1
552067ec-e238-4c17-8fd1-e627fa6c0af5,0.6350119113922119,0.4047980308532715,1
d84e663f-3654-4808-a3d2-cff4f40bc5b1,0.2865476608276367,0.22422434389591217,2
6318c4bc-e94f-46d1-b8cb-cbf9c8bb2d58,0.32144099473953247,0.5108580589294434,2
0db573d0-dc8e-428b-a483-6e71a11a0b94,0.5463794469833374,0.5080245733261108,1
120aac36-5d49-4b9e-ba55-7a45495cb786,0.46145308017730713,0.319507896900177,2
28bf468c-50cf-432e-abae-216ba816a399,0.5596636533737183,0.5026053190231323,2
b9124010-865d-43e8-a341-75280447382f,0.11055921018123627,0.18971852958202362,2
c977fd68-7741-448f-be29-f049268652d9,0.6364747881889343,0.4318156838417053,2
ea067ab3-67d0-4860-a5f4-7ee4492d3f3e,0.6544727087020874,0.5761221647262573,1
feb5f3a2-3e9b-466c-82b0-931fec45abc7,0.6793239712715149,0.5632444620132446,2
71da85fa-e6bb-44e7-82f4-3eae7fb0c2b8,0.507355809211731,0.3432598114013672,1
0fd8d108-d8ea-4093-8a35-f51cf70fe5fc,0.6305590867996216,0.49866732954978943,2
e06719bc-6fdc-44b0-b40d-2892b339ba7b,0.11473915725946426,0.19738557934761047,1
2ce0a18d-0c2f-48bc-b634-73ee52b540f0,0.34447455406188965,0.49664944410324097,2
0a6db8cc-a132-4588-b5d5-2ea500b33c05,0.3031957149505615,0.4083520174026489,2
99acf9ff-e624-4ab4-b904-ec640c20593c,0.55788254737854,0.6080828905105591,2
f1911438-d757-4798-953e-eee6c5397dc6,0.49712619185447693,0.5122298002243042,2
da333c2d-fd57-4270-871d-8dee0045f51b,0.30318620800971985,0.11127719283103943,2
c63cf569-80b3-42a2-b42f-cf47598684d5,0.17302118241786957,0.375637412071228,2
ff38333b-722a-4c39-94b7-5ba1dfc6e556,0.5269522666931152,0.7185242176055908,1
c32c85c1-62a3-461a-88f9-bf8d98c057fc,0.5035148859024048,0.4910222887992859,1
9bafd29b-aaf8-47e2-b0d1-b4600723e8f4,0.27253276109695435,0.14888659119606018,2
add4b967-73e6-428c-8b76-0d35e20d61a4,0.4813847541809082,0.23119547963142395,1
f89a91ee-9f17-41cb-925c-5cdf45990be3,0.46332162618637085,0.14731465280056,1
b5a83206-0f36-4dce-84ae-083105802b6a,0.5108529329299927,0.7256042957305908,2
2ba6a29f-c6cb-4be4-8958-3f76ccf6f08e,0.44843244552612305,0.4100809395313263,1
14109871-2c9b-499e-8033-c5f2b0d14a1b,0.5678528547286987,0.4348317086696625,1
c8a83dec-8666-4241-8637-daf8c5e9c9fd,0.4518323540687561,0.7779540419578552,1
ac6e7c57-bc25-42a7-ac90-05098af8d1df,0.36891984939575195,0.2821863293647766,2
1a6f72b0-88e5-47b8-92d9-141200921477,0.3174685537815094,0.43098336458206177,1
77d497cb-8ea6-4fa0-8b07-637f789425c2,0.28539711236953735,0.2876864969730377,1
60c41b64-a700-4370-8ed7-4061f074d9a1,0.5395643711090088,0.3398096263408661,1
999f3b11-5d26-41bc-a542-e0a6dafba00f,0.1251910924911499,0.13075046241283417,1
1e71748f-a74b-4117-a7cc-4cd49620228b,0.21163827180862427,0.4187348186969757,2
686d0a57-8b7e-460f-972a-65c314ef3999,0.7849419713020325,0.6747368574142456,1
a77d6cba-d46b-4801-bb5c-70fc0b97800d,0.2191828489303589,0.2731744647026062,2
6d8ef0c4-7b5f-443b-b9e1-c95bb507a55e,0.5112215280532837,0.12743788957595825,1
7114ba39-aebb-45b2-a2b8-4d53647c81ea,0.12305445969104767,0.20257049798965454,1
015efb0e-8d0f-4a81-8bb2-c1906451f09f,0.6143335103988647,0.17890718579292297,1
cd0399d2-96c1-4a2c-a0e4-2361312a0bf8,0.2231600284576416,0.31072497367858887,1
d08d37fd-9914-44c3-a11f-591565f46a10,0.5335333347320557,0.2443823218345642,1
3a90aa96-7867-4e9c-82fa-2904543f072c,0.16102945804595947,0.19286805391311646,2
69490a80-2168-459d-8081-c427fad01c74,0.39493298530578613,0.24157749116420746,1
35db21bf-01e3-4eb3-a3ec-98869fe34242,0.2656369209289551,0.3611443042755127,2
15946f27-9852-4e00-a6cf-f0f8d1e6c471,0.5986139178276062,0.5888145565986633,2
56fa9b11-6e0a-4f67-ac67-30e4ff40dcb1,0.45638877153396606,0.5457842350006104,2
965b65fb-69f9-44dc-9d7a-abf73c77c5ab,0.3209652900695801,0.2412877380847931,1
a6ef24b0-8d15-442c-905b-9952779c27a1,0.3370721638202667,0.21058714389801025,2
bfb3cf0c-3cce-4b1f-b953-ebccf25217f6,0.23060712218284607,0.08107732236385345,1
701cea8d-4be7-4533-a5ae-2558ea63dd4d,0.34532272815704346,0.3782104253768921,1
2a5347ad-a91c-42c3-86a2-b8e3edcdb4b0,0.5909712314605713,0.7967253923416138,2
31787fb8-6f36-40f6-88f3-f588c5cb28e2,0.6272892355918884,0.6618738174438477,2
fdbceae0-770a-4d16-8890-75362a17e25f,0.2190944105386734,0.3970946669578552,2
be83c2be-8761-4cce-8c56-dc027929393f,0.5331935882568359,0.16820549964904785,1
5ac09084-6bac-4761-b8d8-adf3b7912dab,0.39002135396003723,0.4482765793800354,2
51f11eec-b9eb-4bae-acd7-03886c91675e,0.48736119270324707,0.42888379096984863,2
81e69e5d-2cb1-4059-b497-b43577392a99,0.6268672943115234,0.5658221244812012,1
ca70b26c-2edb-474f-8b2e-6f3f00905fb0,0.21058005094528198,0.29503485560417175,2
bb49eaa7-a2ea-4ca8-9ca9-838bfe384b4e,0.354070246219635,0.6002968549728394,2
a643c405-45ac-4245-a3d3-66208ac077f9,0.3051793575286865,0.477245569229126,2
aec3209e-fac7-406f-a129-7c2b41c20fe2,0.3177551329135895,0.5713174343109131,2
851b28b1-31d3-4f81-9414-1760f328f07a,0.19151806831359863,0.31387943029403687,1
c19ec643-99c6-4a27-bb9d-689ff5d5a036,0.5471522808074951,0.38024866580963135,1
e8c07445-8e02-45bd-8b31-a3696b3523c5,0.31739747524261475,0.486785888671875,2
800c26cc-5a4c-46d5-a417-c52e53482df0,0.5757480263710022,0.6018487811088562,1
65dae43e-c570-4e77-88a6-0b64479e383e,0.29857197403907776,0.31204479932785034,1
09052ed8-4951-496a-bf96-1d665b942abc,0.0242816973477602,0.24947033822536469,2
773e400c-9ba6-4aa0-9299-10253cac009f,0.5041922926902771,0.27662691473960876,2
fa6b61d5-9ea0-43b6-9d5e-05afaf2b5f63,0.41499027609825134,0.3768375515937805,2
27157c02-49b1-483a-9745-e6f654428dfe,0.31132641434669495,0.4589270055294037,1
696f32ce-3d68-41ec-96d9-7b958fc4cde0,0.310638964176178,0.22528593242168427,1
67f83b61-a0fe-4599-8cc9-66ef0e1ba4fb,0.4388725459575653,0.022288884967565536,1
35742286-71eb-4bc9-ac2f-b41e6b8b1c2b,0.34321340918540955,0.15834107995033264,1
65c8e152-567a-4b94-968d-48b75fb9687f,0.214808851480484,0.09216463565826416,1
6eea24a9-3542-4a46-949b-778c96e5712f,0.31158870458602905,0.1963474303483963,1
40236de6-9cb6-4a42-be7b-efde6f86af05,0.33954548835754395,0.5771017670631409,2
35c32a1e-cf05-4d95-8523-733082a30cab,0.31781190633773804,0.13417088985443115,1
fe77bddd-892f-405e-acd9-f1cfb8522d74,0.42874646186828613,0.6045908331871033,2
eb534ad9-b837-42b2-9d9f-863d22de6183,0.3585386276245117,0.0489184632897377,1
5803a261-2dd1-4156-bceb-c81fca0ca1b9,0.09417411684989929,0.4059046804904938,1
5c029f1f-b635-4a8c-b469-1816892ad31d,0.45247882604599,0.3790808916091919,2
ca59756e-6ff6-4d36-8c69-70d8f21d6d6b,0.2927643060684204,0.3662358522415161,1
173df287-22f6-49b8-8d63-f422129e0dfe,0.8446771502494812,0.5827171206474304,2
e450d3ff-2902-4182-96d9-eadf4e570a1a,0.5664134621620178,0.5321435332298279,1
46d66ed9-9b87-4bcd-90e6-9266d21015da,0.7246683239936829,0.6742984652519226,2
ad2a375a-a800-48a6-881a-7c034f4b3f9d,0.44014421105384827,0.4350445866584778,1
fa10c3d0-1dad-4423-9054-b783c6f4d4bd,0.30514147877693176,0.14949434995651245,1
4527bb6a-c109-434b-bf49-dffe2874b903,0.48959818482398987,0.47341373562812805,2
7013497b-6bac-4e24-a1bf-9ce80a31bb21,0.34278053045272827,0.4892916679382324,1
d4395ad3-c9ec-4e4f-805b-2a9772b8bdd3,0.13762520253658295,0.13472096621990204,1
ad552657-42f5-4d61-9b9d-2992a13e6358,0.4981985092163086,0.36057770252227783,2
fd578a8b-fd54-45a5-916b-a60797100095,0.1906830221414566,0.5430511236190796,2
f407ed78-e481-4579-8b32-5b4bca206a04,0.08099351823329926,0.22144415974617004,1
4baf0727-0769-4a16-b57c-0f65138e476d,0.25851666927337646,0.18157422542572021,2
3551862d-06d4-41b1-94a7-f547eb6d6063,0.23340743780136108,0.20528644323349,1
5a26b3c4-3d2e-4ffa-89f3-e7e3c7994a85,0.30517083406448364,0.36149680614471436,1
518faf54-80a9-4ab0-8019-4f9b76ac419b,0.46898597478866577,0.45343974232673645,2
6266a3b8-2233-4bca-b648-7fcf5301040a,0.32899391651153564,0.38675546646118164,2
e4cb65fa-0052-496f-8407-91adb01a783f,0.6019060015678406,0.6478592157363892,1
7ae98915-03b0-40ae-9cd0-e1051e88c454,0.6765431761741638,0.671329915523529,2
abb6f801-84a5-4f5c-8acd-41366562540b,0.1458556354045868,0.24805282056331635,2
7eb48737-de7e-4935-ad07-fb6bd6323923,0.49798721075057983,0.3157711327075958,1
ca091eda-e978-4722-b8c3-8fd607ab6ff7,0.4173523783683777,0.038473352789878845,2
fa858dfd-9b76-4b82-9c28-d6af70649a5c,0.6860380172729492,0.29211848974227905,2
1cb827d2-5dca-4618-8787-770e5b31e5fa,0.6009746789932251,0.7079746723175049,1
0d6425fa-bf7d-47e9-803c-4918ebbfe1de,0.30975037813186646,0.5296783447265625,1
5869b273-6f8c-471c-a269-a976c4a2a2ba,0.5053882598876953,0.4887094497680664,2
eb063789-2d4d-49ab-ab4b-bdccc21ad5c8,0.17489705979824066,0.16000530123710632,1
e45ad242-95e8-4d1f-98df-068e883d7224,0.48689016699790955,0.4773227274417877,2
51a5d37a-b747-4b2b-ae86-77417dfd37bf,0.42821839451789856,0.234273299574852,1
0f00cda0-7624-4e4f-bbf6-b3b185448063,0.7107560038566589,0.40326476097106934,1
f8dce44f-2d2d-435b-9c0b-613d2011882f,0.332843542098999,0.4110841155052185,2
f4afa99a-a6b4-4023-bce9-3c5772ccbb3d,0.33431386947631836,0.4689840078353882,2
10580bae-a7cf-483f-aa01-49626781a87e,0.19600456953048706,0.17488619685173035,1
72afc487-caed-42ff-b8cd-fc14176348fe,0.21932905912399292,0.24016433954238892,1
115cd979-a1f5-460d-90ff-4c1fc637f930,0.36399152874946594,0.2082882970571518,1
34f11687-2858-4acc-9f91-968cb6d4a1d2,0.29277241230010986,0.2548946738243103,1
90d91e34-19ae-4ab5-836a-ef991863d531,0.2457418143749237,0.3837123513221741,2
4b43c037-c52a-4076-af93-caf125331695,0.1905680149793625,0.36042463779449463,2
bee156cd-7812-4c67-ba93-1b2c497ee364,0.7985779047012329,0.5357458591461182,1
33ccaec6-8ae3-4569-8a79-05ccb6b27184,0.11834229528903961,0.07935994118452072,1
ae768ce1-26e7-4d76-8a2e-2a53bdd8d8fc,0.6341612339019775,0.5492219924926758,1
958ba547-7970-4a46-b969-c98dec34907a,0.7225366830825806,0.6560920476913452,1
2a1b4844-f9c5-4c5c-92e6-bd9b278739c2,0.5080832242965698,0.4008829891681671,1
240e4087-d102-42d2-a7e7-07c116811129,0.6248559355735779,0.5923956632614136,2
b358c39f-5c1a-4274-890e-e7ef1b44cc09,0.6188982725143433,0.17635877430438995,1
8af86cec-fa88-4a5f-932d-3113fb225eac,0.6484726667404175,0.6901357173919678,1
c71f92f5-d1e8-490e-8226-af55bd39ed69,0.20680198073387146,0.20871791243553162,1
248a69a6-117f-4512-92db-7bde99a2ab0b,0.5072190761566162,0.7512047290802002,2
e33c53cd-ef8a-4db1-9c32-f959915e58af,0.4156346321105957,0.2651625871658325,2
2ad820ab-e57f-4652-bd55-8d65676cc26a,0.16483110189437866,0.7268011569976807,2
17701a43-538d-43de-8115-113ff7211818,0.46413654088974,0.35208070278167725,2
a4d8103f-fb5b-47b5-9bb0-619a13fff746,0.588692843914032,0.3424317538738251,2
d55d516a-381b-448f-a955-de72d53f50db,0.4704820215702057,0.1904645711183548,1
aff4c215-48cf-46b6-9e7d-0f66bab8fe98,0.32164496183395386,0.3008171617984772,1
cd3eb218-2b2d-462e-b33e-2747b8dfaeb3,0.3366018533706665,0.33077695965766907,1
f15ddccd-7a21-45c3-ab3f-241ef3b2e4d3,0.38966241478919983,0.6316642761230469,2
ddb2a703-b9a5-4462-98c2-eb6705f1430f,0.5196007490158081,0.4950147867202759,2
577c1232-e3bd-4650-8f6f-17d941d9cb6b,0.215108722448349,0.149537593126297,1
7d5f167f-0f44-4bed-bf1d-7c6a1fbaa6db,0.3185841143131256,0.5490810871124268,1
8175fe68-8698-40ec-a14e-7fe61c43a17e,0.23832742869853973,0.12545540928840637,1
cd83513d-dbe7-4931-badb-7adf2c0a1b95,0.3845740556716919,0.4996778964996338,2
91143c2a-eb2c-4524-8ff5-98c06aa46da2,0.2699538469314575,0.3171643316745758,2
3ed55cbe-f198-4d64-b083-4c27788cf82d,0.3296721875667572,0.266183465719223,1
2928e9de-f40c-4851-8d2f-a8b70e106751,0.15472637116909027,0.01743120327591896,1
047d8c8e-c97e-408f-a29d-2d1650e82a18,0.3337324857711792,0.7003403306007385,2
202a3b75-1851-44dc-9162-4cd6123e5ef5,0.5778989791870117,0.6706604361534119,2
69742aaa-ec73-4354-9de2-2ee4f8e19ec1,0.2136114239692688,0.23900356888771057,1
e7594236-eaed-46c5-8389-f1e099bd5e11,0.36135008931159973,0.283832311630249,1
81a217ff-717d-4416-a45b-25fe7be0d0fa,0.25118598341941833,0.2741020917892456,2
a94a118d-643c-434e-8a5b-626aff2969e1,0.29072821140289307,0.24574989080429077,1
e56d5c8d-221c-4388-9a15-c38af332120c,0.09682597219944,0.6988095641136169,2
3bb6cd39-ddc2-4265-9119-3b7ec21417e9,0.26572877168655396,0.5304907560348511,2
dad91d83-5774-4465-9256-0168882ff253,0.11866430938243866,0.3919990360736847,1
1edab233-bd17-466b-b096-763a79b68f7f,0.20380647480487823,0.24367842078208923,2
d1fdbb06-3fda-49a6-8987-4aa10930bb53,0.25963258743286133,0.5065393447875977,2
e04b2175-4e43-4660-a9bc-fbb0f0a2db6d,0.2662230134010315,0.30414316058158875,1
dac28c5f-fbd7-48dc-810e-c5126ac2ac89,0.22149358689785004,0.3998754024505615,1
61eaf272-ed42-4f8f-be21-d1f5d08232dd,0.2435803860425949,0.32736480236053467,2
15f0716f-58ba-42c1-8551-969e4fed73b8,0.27880436182022095,0.43948107957839966,1
9b84f608-dfbd-4e83-8f09-82371de7b597,0.48965105414390564,0.435001939535141,1
549ab2c4-c609-4c30-b0b9-ce126b9cb78c,0.43126749992370605,0.41570085287094116,2
8752af72-d046-4b0c-b8f2-70b7830775fa,0.33992859721183777,0.22036412358283997,2
c578bb8a-96b3-4f9c-8e57-086bb7a1b4ec,0.7432910203933716,0.710373044013977,2
2f54110e-3ffe-45b0-84af-58c6e04c9056,0.4732076823711395,0.0651080384850502,1
aff182db-fdb7-40d4-b5e1-b7832062b4c8,0.6856123805046082,0.5589682459831238,1
b25259c8-032f-41ee-b65d-91e191d79bee,0.22196613252162933,0.34976455569267273,2
d3b8322e-701b-4fc9-9c22-19829846be51,0.3198680281639099,0.323755145072937,2
0651e816-17ac-4226-9b7f-6391936ced7d,0.08919738233089447,0.36434394121170044,2
8eb0f3e2-f19f-46d6-8ad5-fef5aee976bf,0.37927910685539246,0.4296354353427887,2
b5225b40-7c56-4569-907e-8ac547e7ed7b,0.4172165095806122,0.6768372058868408,2
3a97e4bc-6cc7-4c33-bf8f-4f31ebca4e6e,0.5416296720504761,0.35661622881889343,1
8078b014-a08d-4e23-8c52-bc82316d7207,0.2039388120174408,0.20342734456062317,2
92eac3bf-1e5f-428e-bad3-52b72ff12be6,0.3924396336078644,0.4501017928123474,2
90396c59-53e9-41fd-b6c2-fe87d57e0064,0.778103232383728,0.7442231178283691,1
642a4773-0c58-41c4-85ed-c9544b642ded,0.6402140259742737,0.7030138969421387,1
896f3a7a-76b3-4cf9-ac0b-286e62200f8e,0.40265029668807983,0.3422616124153137,1
792e9960-ab64-4b97-a921-5f2eae24af47,0.5602271556854248,0.5166407227516174,1
70a48e6f-a798-4f68-a865-4cecdac6c262,0.2764533758163452,0.5191254615783691,2
3afb1043-b5e5-4935-9d2a-819270164bec,0.40772008895874023,0.2656530737876892,1
8591a808-13de-487c-8468-0d49058b5ad3,0.23643632233142853,0.25744062662124634,1
7a3f8018-cb36-403d-b464-14f3a6872b70,0.13297414779663086,0.21573275327682495,2
cca245f8-ea9f-4110-87c5-9b23b17ce789,0.5931196212768555,0.4910852313041687,2
f5666b2f-ccbb-421c-ad5a-a0dd0e3cf52a,0.24857015907764435,0.18150538206100464,2
e46e91fe-65e7-42f0-93ed-bebd23ff903c,0.6380970478057861,0.714458167552948,2
ca41e234-633f-4b0b-8f7f-7cca85b688ea,0.3382200002670288,0.31007176637649536,1
8683daa0-eb11-418c-b411-046283484c92,0.5285310745239258,0.584998607635498,1
8f7be9c8-a310-4319-9ae1-5c20b9b0f292,0.33835044503211975,0.306378036737442,1
2c2e3bc5-3cda-4c6b-9173-41e4eeaf36c7,0.2388649880886078,0.25736409425735474,2
cca36237-4d06-4282-b20a-47006348b0a2,0.7746519446372986,0.6948848962783813,1
61d3fcb2-33e6-47c7-8ee2-80230d9a0717,0.3893839716911316,0.4286460876464844,2
3be5ad30-ff57-4914-99b8-b89ae807bf6c,0.2771693468093872,0.3326573669910431,2
b0646c99-45f2-4db5-bc83-e60e69b37387,0.13763117790222168,0.28880631923675537,2
a555794a-41f6-4893-9125-1a0a3a5445f1,0.3383662700653076,0.2726389765739441,2
418b31ba-eb1a-4986-b569-dafa82f58bc3,0.19066904485225677,0.40043118596076965,2
3213262c-8178-478f-9528-61fdc6f89dee,0.4562920033931732,0.5135153532028198,2
900e1a7a-c221-4b15-9998-750301bd6a31,0.6575832962989807,0.3933650255203247,1
89cbffbf-4258-47a7-944a-9241ec0c2f17,0.36228999495506287,0.4894283711910248,2
9b291170-7135-4249-9411-24c27a685414,0.2306881994009018,0.2213883101940155,2
f5625636-c343-4673-8695-dd8f5ed5058e,0.0400533452630043,0.25748834013938904,2
4491c70f-158c-4c4b-b5ed-87b3812711f3,0.7233220338821411,0.5854710340499878,1
b666186a-9b57-42d0-adb8-96ccab629c82,0.29127079248428345,0.34227263927459717,2
76e63073-9411-4974-b799-5d2d97b66955,0.28131231665611267,0.25475257635116577,1
9f211d53-a8ce-4dbb-9962-d0a7a431775c,0.5485695600509644,0.5933643579483032,2
7afb9047-0f6b-42cc-9787-34aacba9d03b,0.5435783863067627,0.4082157015800476,2
a7055395-54de-49ed-83dd-c185ea15d576,0.4966224431991577,0.2284146249294281,1
e45e2974-a14f-4f8b-b681-ca7cb37cd2ee,0.5468860864639282,0.36918124556541443,2
2f5c65fb-843e-4997-8140-13f5f38c9137,0.4102290868759155,0.7954161167144775,2
f3c5e059-72e7-412b-9248-80396c4e240a,0.2819085419178009,0.3774227797985077,1
2ad06102-faf3-4d63-8256-be03d543ce2c,0.29422903060913086,0.23054084181785583,2
2db35e99-36cf-4fbd-876d-d26fe8b649c9,0.4556201994419098,0.6769245266914368,2
7c8964d9-c397-485d-86dc-6b95fb3be64a,0.5390446782112122,0.19691671431064606,2
2e2b0ba2-cc01-48ca-983d-50109116c862,0.46585649251937866,0.6436265707015991,1
2406943f-8a63-496d-8585-8ec3abac0f49,0.030901096761226654,0.0689869076013565,2
0affefb8-3cfd-40fd-b5e5-cddfb5d30428,0.3829926550388336,0.3839593529701233,1
b6c98944-3cb1-4d9d-877d-bb5d463526a5,0.36593690514564514,0.04500731825828552,1
80191f19-91bb-40f6-be0d-17f33e002c19,0.5889159440994263,0.478971004486084,1
b088959d-79f1-44e7-9fd1-b69dd14acb87,0.6523275971412659,0.6713944673538208,2
6d412966-5675-41f1-bd11-65f3a2fa5797,0.24925698339939117,0.4011218249797821,1
1a83c1eb-7041-4040-8982-7cb0b63c9c20,0.5726589560508728,0.5416138768196106,1
79afda6c-31b6-4201-ad86-233ab808ef8d,0.5249633193016052,0.26974430680274963,1
953792ed-bd0a-4c95-bc6c-7965187afd82,0.24717608094215393,0.18634654581546783,1
8552c047-b700-4b7b-95b9-f149cf26cffb,0.27610042691230774,0.22758601605892181,1
04a3004e-2468-463a-9481-8435917491cb,0.26229384541511536,0.11158042401075363,1
844bc94f-b9dd-4c80-874e-b56c300fcca7,0.527161717414856,0.5537070035934448,1
96736ca6-46ef-4ed0-8a12-3364ae3b27da,0.5516652464866638,0.7385650873184204,2
fed543f8-a766-4304-a8ea-d84b18bfadb0,0.40709152817726135,0.5472381114959717,2
34e043b3-9511-4589-8d32-3c91f92e0365,0.4514983296394348,0.2844797968864441,1
9e9c90c8-f951-4f4d-a4a1-9c0885008086,0.42772623896598816,0.5408530831336975,2
5266d0a9-9676-4b0f-9947-5f0b9d2f5227,0.4858171045780182,0.4214044511318207,2
5a68e437-26e9-4c2c-8390-e09787adf317,0.7064215540885925,0.5186254978179932,2
7dd60447-f348-46d6-a9c8-a8c0e1929ebb,0.40265166759490967,0.33848321437835693,1
04e5efa9-1c6c-4316-9aa3-be095b55f14d,0.5358233451843262,0.6491680145263672,1
b92f303b-57b3-409d-a126-e8b2ed6dae8f,0.2141418308019638,0.40365296602249146,2
0f16f911-002b-42e5-a03b-0f0d481a7abd,0.40500909090042114,0.5733960866928101,2
d198e207-13f8-45bf-a627-7f3418b98968,0.2774163484573364,0.1404208540916443,1
caae8e0c-2dd1-40f5-9444-5a41c6ec5093,0.490045964717865,0.3836835026741028,1
471915a5-c895-42c2-9541-b2aa27f5a419,0.5403226613998413,0.32714179158210754,1
4e92b613-219a-4068-a04d-3789c266ab3d,0.5422869920730591,0.4565611183643341,1
7077f2e6-ad0a-4c7e-b21e-cd28243d886a,0.5780482292175293,0.6077908277511597,1
d96069af-cdd7-42d9-a4f2-1837b3b42d88,0.4844636917114258,0.36251598596572876,2
39d062a5-c89c-462f-a0df-876cba16daf3,0.4596652090549469,0.22538691759109497,2
3541e6f4-8e10-473e-b8d0-2854f882e5e8,0.19955120980739594,0.25250181555747986,1
cb6da984-9fc8-467a-b366-4d19e2889158,0.5009636878967285,0.29894906282424927,2
2f0b9829-8c65-4cdc-a6c7-e4c5d31b517e,0.380736768245697,0.3294585645198822,2
f2d8aa08-96e5-4ac7-b8b6-d7198d74e738,0.7427797913551331,0.6774558424949646,1
a320d13e-5936-4b94-b152-81c7f2880d12,0.6367444396018982,0.4966104328632355,1
82491e68-a823-425d-9496-d26a1e8be976,0.358305960893631,0.3082091212272644,1
1d7c1148-bf98-4578-ac1c-148f12c3595e,0.6334502696990967,0.37458959221839905,1
cd2c799f-ffe8-4a32-aea4-09bb5cee816e,0.41060948371887207,0.3879278600215912,2
0b2e246e-9290-465e-ad33-77af5e681528,0.36455050110816956,0.5511234998703003,2
9daed93f-ad77-412a-b044-4a8dfe44043a,0.5087077617645264,0.777036190032959,1
54804420-28ad-4197-ba66-c1f301f8e4a5,0.24032673239707947,0.19187983870506287,1
d06963fb-440b-4c26-9a32-2bdaf1bfe246,0.3366388976573944,0.1785525232553482,1
36911b38-b7c2-44c1-81c9-6fd7e5baa8b0,0.24845373630523682,0.17816360294818878,1
5b361aeb-8082-4fc8-94ab-aa3e4af4e83e,0.35839027166366577,0.44090038537979126,2
88340408-893a-4b3b-8401-c4f4935d2d70,0.5700514316558838,0.5547742247581482,1
20769e19-7dc2-4cf7-a889-f2e869400ea1,0.277437299489975,0.2833981215953827,1
f558675a-1600-4c49-b0f8-8bb238e57d17,0.4962141513824463,0.5657250881195068,2
39a60eeb-95a3-481b-9e32-a9838d212c4e,0.7186973690986633,0.6738731265068054,2
5ccfaaba-fd87-4439-a947-a31fb8d943dd,0.6837726831436157,0.5416788458824158,2
a447849b-07ec-40fc-a2d1-90a4ea497ffc,0.3813972473144531,0.36417508125305176,2
67a75c6a-e95f-4b50-879e-8fe0b3a6278f,0.5620855689048767,0.6347130537033081,2
267b00f2-70b5-47ae-9fb8-26f990752396,0.3235935568809509,0.41861552000045776,1
d06e3657-9028-4d55-adf2-ad63bdbcf407,0.2108263373374939,0.27026137709617615,2
db50ca49-9ca7-4cdd-ab92-c9c627781747,0.3552893102169037,0.3841096758842468,1
ae34fa14-8288-44d9-a1e8-b56ce11408aa,0.2511911690235138,0.14964720606803894,1
27434ef9-0520-4aa2-836b-c0c800bdc981,0.5956323742866516,0.4278770387172699,1
78b13b6b-f8da-46f8-8eb7-a4c875bae08b,0.12273542582988739,0.10389692336320877,1
2d4cb4d7-46f3-4cdf-989b-4f2c27f674b5,0.2312432825565338,0.24559339880943298,2
fbd3cadc-ed50-4384-91f2-cd769e228235,0.14049814641475677,0.20124451816082,2
d15127c8-80be-43a4-b6ae-bbb624f26be3,0.6710988879203796,0.5390865206718445,1
35c15ec3-cf7b-4626-9c88-94ba6787eea1,0.41928720474243164,0.42078539729118347,1
f0fdfa37-a5cd-4afc-b01e-59ec46e2e249,0.8064795732498169,0.4670550525188446,1
64b62db2-d6cd-4353-8834-1448d885e73b,0.326092004776001,0.41633355617523193,2
886c5f73-22f4-4f15-8954-95a544c2bd04,0.6342769861221313,0.12563031911849976,1
2685ba6d-8b1c-462c-af50-ae5381d64172,0.517912745475769,0.1511368751525879,1
79ec2783-bf9c-4c84-985e-541ad687ef30,0.3319430947303772,0.25865438580513,2
90c53b34-57a6-41e1-b5a1-29d50387212b,0.28867337107658386,0.34708553552627563,2
f26605e6-c3c2-4ea4-9a24-5c237bd92938,0.19554665684700012,0.19715993106365204,1
14126bab-64ca-4467-aa1b-0e80352cb136,0.15336689352989197,0.27512961626052856,2
624d9d5a-87f7-483e-8987-feca8924c212,0.7315160632133484,0.6313824653625488,1
764c6282-20a9-4f0f-9d1e-540409d0e102,0.42316320538520813,0.31491342186927795,2
29b08f00-d2bc-47b6-966e-6da1036f069a,0.2941972613334656,0.37135469913482666,1
3e4078a2-9651-4fbf-82eb-043136dcfadd,0.24067990481853485,0.2668139636516571,2
ed4c0e4e-ef66-49bb-b0e8-5f38bd3ba569,0.5818700790405273,0.3484032154083252,2
e40b2aad-3873-4b37-9d90-a264abfc7e74,0.6114887595176697,0.5433715581893921,1
e0a9d5b2-15cb-4f12-93b8-90953167efc0,0.2169087827205658,0.6396589875221252,2
a97be601-1dfc-4302-a72b-0978ffff81fd,0.32837313413619995,0.47000861167907715,1
d4452d09-c194-4796-aaf6-cd48d7e5120b,0.14806143939495087,0.13252407312393188,2
e0e7182d-d02d-4259-9fa5-9986f7d865ea,0.24478822946548462,0.264482706785202,1
217c5791-7a72-45d0-b3e8-1b4f20734f3a,0.4728069305419922,0.3924643397331238,2
667536f9-e681-42ae-bba5-afe8b0af70fe,0.47949355840682983,0.4988017678260803,1
bcf843de-e50c-4380-b7d9-ff504a0f1d6e,0.44606155157089233,0.39792710542678833,1
10dff8fb-1f57-4261-8f75-4abf667e5f93,0.22199231386184692,0.4190254509449005,2
c55aad1c-4eb1-4c9c-a27a-5fbba9196f47,0.32473164796829224,0.34525495767593384,1
287a0ff3-5017-4f34-8e69-a14053bba585,0.5117586851119995,0.42681896686553955,1
2cb343e8-1946-44bc-9550-17bdf23d7edc,0.5986508131027222,0.590810239315033,2
7dbd977b-94b8-41da-888b-aee254d4f327,0.536780059337616,0.3581535816192627,1
c5c1c868-cae5-4826-aae4-a8fb7eeca5a4,0.6697593927383423,0.7918437719345093,1
7afa9244-864b-4a02-9c71-bf1aaae50d1a,0.4456102252006531,0.5635266304016113,1
5e0bf502-0e65-4d3d-bf92-ad19f8f5b5dd,0.44725847244262695,0.28800344467163086,2
c977abad-2d05-430b-b3fd-abd29d227ced,0.6374437808990479,0.6202685236930847,1
af7e712f-35ce-4332-a6d8-d530a254b64a,0.42528361082077026,0.4420836865901947,2
5aaea84e-dc43-4fdb-826b-2d68ad19ea15,0.3902175724506378,0.5335646867752075,2
9b3c381e-f61d-41ad-a815-fa82966818db,0.20136240124702454,0.2010214924812317,2
ed5d6365-1862-4e67-8118-41630999a060,0.21533459424972534,0.2866226136684418,1
19611623-a65a-4990-8803-559fdf276c3a,0.3190934658050537,0.3684340715408325,1
2f30738c-02be-4c4b-af03-6b6d6edd9a83,0.6015992164611816,0.4270114302635193,2
49063f7b-4e56-4c7e-9fcb-c21e4ad2e83d,0.6398365497589111,0.5973925590515137,1
2e16fc90-126b-4d42-853d-adabc9329a04,0.7713125944137573,0.3864556550979614,2
f847c329-4af7-4481-b10e-2333e55658e4,0.1435791254043579,0.19879409670829773,1
e3d73dc6-32ce-43f3-a831-0e1eb32319a8,0.6170461773872375,0.5130028128623962,1
9a26ef1d-19a5-4f8b-bd04-7674f598df91,0.3668939173221588,0.3265591263771057,1
c8a2430c-9e6f-4ffe-a72e-553d546fc32c,0.14459270238876343,0.13291089236736298,1
3ec93abb-d64a-45a9-bdc8-a8d366e1a999,0.271189421415329,0.454342782497406,1
fa228d73-45a9-4322-afb3-a94af13fb2c9,0.5376534461975098,0.6054462194442749,1
8398d541-71aa-4f6b-a7d4-6a504e9d114a,0.30159664154052734,0.3026052713394165,1
18d4dbc1-ed3c-40ca-8155-18884bb42732,0.2853700518608093,0.37542203068733215,2
0029bfd3-b3f3-42ec-ba8f-2ea9b26e19f8,0.20547915995121002,0.2255578488111496,1
9f5c5186-d29d-4914-9be6-917ae7520f5e,0.37285733222961426,0.394912451505661,1
23f75488-ac93-4c34-8914-a7727508f8ef,0.6545012593269348,0.7221927642822266,2
c6cdbb7f-ff5f-4b0b-9c41-6818d712dbcb,0.45932453870773315,0.5492783784866333,1
c8a46f88-aa83-4380-b466-a83715b1924d,0.12800122797489166,0.23444028198719025,1
26db57c4-7415-465e-b1c3-732d6dc8b8ae,0.47880715131759644,0.25314050912857056,1
b7dcb1ce-bfe5-4e67-8ab7-e5b1df3c0b2c,0.39923208951950073,0.39178454875946045,1
ce62c6d1-55b5-47f2-bcbd-736598321ad5,0.3669952154159546,0.21833200752735138,2
fb8557d0-f43a-4910-8e9e-6a42c3c6d0ff,0.09027395397424698,0.272205650806427,2
5428c4c0-2339-4b9d-84ad-2115279a759a,0.5731642246246338,0.343345582485199,1
cd779b2b-1964-44a3-a00c-f1f51633dcac,0.23145897686481476,0.42018526792526245,1
da54dc4e-8a45-4804-8446-73c5222ab7e2,0.6452136039733887,0.6806012988090515,1
5c864b3f-9700-41bf-bb22-bb0dd4a3b792,0.37145018577575684,0.19183334708213806,1
4a7a6a06-fdf2-493b-b44c-55af33f92f74,0.2719106674194336,0.3679039478302002,2
5e3bd2fb-97f8-4457-8ac7-37cda8af8205,0.5111985206604004,0.15782679617404938,1
125f2ec2-b9df-4014-a5ac-08fc0e30908a,0.6592035889625549,0.5393854975700378,1
4ea69358-703b-4256-8d35-b0db9a455ec2,0.3035123944282532,0.10007371753454208,1
93d64af4-f815-44d7-b4d7-2cb5aa2394b3,0.42892467975616455,0.30154043436050415,1
3d4e2972-d59b-4077-a16e-0d810743682a,0.24758604168891907,0.2634991705417633,2
221b2d03-83ca-494d-965c-e75e4d598b49,0.20656414330005646,0.5843011736869812,2
49bdca9c-4f31-4864-98bb-6db6e6e8d9ce,0.6628866791725159,0.5433498620986938,2
c437d896-83d7-45b0-935d-25b20ecb8a5f,0.37065577507019043,0.09685294330120087,1
27675b3b-ba98-4b7e-aca9-fa73a6822c8d,0.22783219814300537,0.19375908374786377,1
bb996fce-3cb3-4f2e-bf0e-f689ee6932f4,0.24265038967132568,0.42032498121261597,1
2e62070e-48c9-4aef-8a4c-f304065b9ad5,0.1900448054075241,0.4151417911052704,1
fa1e1318-d400-4dca-89da-cafd10680944,0.40835893154144287,0.49025413393974304,2
41f9c7bb-c8ff-4859-bfef-3552f065baa1,0.6477398872375488,0.33187660574913025,1
0ddb5cc9-a0a3-4d6e-8271-d6e9046164f8,0.6957993507385254,0.6741501092910767,2
8941700e-80b8-457d-8057-5191d6e822ea,0.1321505457162857,0.10684599727392197,2
41006d52-82fa-4f6f-9589-caa9f2c5f3b1,0.24733754992485046,0.22146794199943542,2
57f8da4f-6a05-4645-aa53-8adb7afb0679,0.17875289916992188,0.48309195041656494,2
2ef42f27-39bf-40d8-8636-108de3583103,0.0027673915028572083,0.27608996629714966,2
88d01e29-7b59-4eec-9070-0607c375b168,0.2303692102432251,0.5216189026832581,1
2a20ef11-6bc5-4192-b59b-d6df5a78a2ba,0.48902928829193115,0.3496783971786499,1
732d31b0-0c2d-4ae0-a374-8592dc480df9,0.4458698034286499,0.18979987502098083,2
222074bf-dded-4566-92c0-8dddf5272e37,0.3083803653717041,0.30271586775779724,2
b4d4c62f-3043-4bd2-b51a-502a93477c41,0.2897719740867615,0.35643836855888367,2
bb17a4af-4b29-4cc9-9d3d-ffba54fbde43,0.5090001821517944,0.23294036090373993,2
62283acf-2724-47df-a5f7-27229dc5acfc,0.4685828685760498,0.46693891286849976,2
a5dbdbe4-d1b4-4cca-abc3-437cea2b8989,0.5154190063476562,0.6289853453636169,2
ac3a7c0b-8ef1-4a7e-8f54-b24369873596,0.09908010810613632,0.08883935213088989,1
d2110ec7-67be-418b-9e71-5fa884c13740,0.5191693305969238,0.5398395657539368,2
656c23c4-7342-4073-a2b4-a6f5fe5e2087,0.2233770787715912,0.30151069164276123,2
b22e9193-17b6-4868-be18-d7736063a26f,0.4685722589492798,0.49455147981643677,1
77034191-c785-4040-8824-3c6435ef0bec,0.28823012113571167,0.2762005925178528,1
3b074fb8-11c0-4bb5-b6eb-3a1870fd0cda,0.3394564390182495,0.20673592388629913,1
800c65e1-0a7d-4058-a943-a2f22efa1251,0.3510439991950989,0.5529308319091797,1
e6aa4d18-ca05-41c2-a28b-067c52d59be1,0.3393191695213318,0.2876112461090088,1
4e219458-ab81-43ad-8c03-a5e04313bb3f,0.3465082347393036,0.33188676834106445,1
39e4750c-7552-4768-8090-68e982acbae5,0.31667372584342957,0.39694052934646606,1
5166cfca-16ab-4e30-b944-115a9819ad1c,0.3478333055973053,0.3032786250114441,1
43d18abf-80a4-46c7-b81e-64389881989f,0.396605521440506,0.17054228484630585,1
05f00a90-899f-4138-8452-352e2787ef9d,0.13641352951526642,0.5298230648040771,2
b760d9ca-110e-41da-bee3-7e21a59c10c3,0.2893502116203308,0.5012938976287842,2
84b1b98f-1e3b-460b-92a7-ef7b8f87e76a,0.16625571250915527,0.3738483488559723,1
48d93df4-f763-4964-b61c-c8a281b27257,0.24881750345230103,0.30719101428985596,2
e7f2f98f-c44e-448a-985c-cf849cc079d5,0.36876142024993896,0.4234743118286133,1
f403cad9-dd10-45b4-84c0-940adb678035,0.5135094523429871,0.2683493494987488,2
899bb94a-66ec-4a36-a26d-131571aff33a,0.7430528402328491,0.7215090990066528,2
c39a117f-2925-45d7-8bbb-41aeb4288587,0.19249576330184937,0.3044002652168274,2
43581cb2-1ab6-4999-bac4-ad9ad9afc9d4,0.5027108192443848,0.4908067286014557,1
ebe0057c-473b-4a3b-8361-746a9fbbf39c,0.3159620761871338,0.23620736598968506,1
4f062272-6c07-4f43-9e8b-ff12ba8dc264,0.6333506107330322,0.6882997751235962,1
401dd8df-ea68-43e6-b446-4320f891ee9d,0.5325237512588501,0.5558837652206421,1
6a8bdf10-7442-4f8e-8f3c-073efed3b7a0,0.3055104613304138,0.5009996891021729,1
d26b71ef-6d65-4a35-a8b9-400cb8068d76,0.5396751165390015,0.4861550033092499,1
13cde7cf-2c08-435e-9bcb-5ec5caa5d71d,0.5536377429962158,0.363830029964447,1
f95c252d-06a5-4b36-9d97-fd49781cb41b,-0.010187994688749313,0.5295006036758423,2
431d1f9b-b5af-4bc7-84bb-5ba8cc43fe93,0.5120111107826233,0.6084828972816467,1
d5f57be5-3ca5-416e-b525-8cc2193b600a,0.4932597279548645,0.6087191104888916,2
3eb84632-b959-4a0a-aae3-f79c4a515cdb,0.3750073313713074,0.013740431517362595,1
dc91bd65-f0ca-4cbe-9e1f-73da6aefd7e5,0.21980947256088257,0.3523021340370178,2
9bfb6178-81b2-4ea4-8571-3fc395b35de4,0.3180088996887207,0.3439010977745056,1
cd7faa5b-6895-4a34-a737-0b2efd11d8ae,0.2901906371116638,0.34534889459609985,1
03e1ec4c-f6e5-45bf-8ced-3d335a1d01fc,0.2978599965572357,0.540616512298584,2
edd7b992-5e79-4359-8f60-99051b557b38,0.42030996084213257,0.49506813287734985,2
027408de-1e4b-43c6-805f-6e3ecce5aa65,0.6388013362884521,0.2997739911079407,1
ce715a40-f9c1-436f-87fd-8f582337b5a3,0.10968737304210663,0.19558170437812805,2
e173545d-f2fa-4f12-b117-58b2def77753,0.2939870357513428,0.29006868600845337,1
edd718b9-d7fd-4109-9645-501281ad3335,0.45831823348999023,0.4968312382698059,1
a7e0d548-30b7-4d6b-b94b-746718b06b10,0.45593196153640747,0.11073358356952667,1
9da06a52-ae28-4a98-b5c8-aa143b89dffd,0.4035986065864563,0.5777125358581543,2
ac55ff95-89fb-452d-9a58-8894d2cd4954,0.4748118817806244,0.464611679315567,1
ae6a3c38-eb49-4e7d-b185-8f9bf0618bbf,0.315411776304245,0.42085790634155273,2
914f41cd-4518-492b-97c7-f13b82c29f76,0.225055992603302,0.24958443641662598,1
746bea88-d387-436e-afef-f5e92a2f8929,0.12822741270065308,0.6285005807876587,1
bc18f305-4f3b-4296-a5ff-702dd706322c,0.15238815546035767,0.3186306953430176,2
12807d27-8002-4330-91bf-1802fd3b5eff,0.18479518592357635,0.067936472594738,1
558a065f-e37a-4e6b-8d2a-3a4d962ba1fe,0.29756081104278564,0.5820603966712952,2
f1e433e3-6cbe-4d7d-afee-3a39dc9d28ad,0.3503085970878601,0.20655149221420288,1
71ddd569-e638-4f14-8bf3-60bd188f9971,0.09881599247455597,0.06680044531822205,1
12cf3857-c4b8-4733-9d39-e0b31f75fa4b,0.7270176410675049,0.501534104347229,2
fc53b072-2682-446b-b2f1-b3e2bc2ee73d,0.3145710825920105,0.5843449831008911,2
17ac6b6a-38c7-4d0c-92f0-cd1d0dc76827,0.48399513959884644,0.5200053453445435,2
4ff0bfb1-66ea-436d-858e-856e45b3f2e6,0.694783091545105,0.5142548084259033,2
96d9d324-0868-40bc-9959-1aae94dd3b55,0.6576910614967346,0.42836472392082214,2
1c3e9a4a-661f-48de-8107-e12331ef4674,0.24972036480903625,0.334300696849823,2
48bc580e-3694-4441-ac99-b175ecc1aa02,0.5476629734039307,0.5684679746627808,1
7efd5758-6c1f-4c3f-a78f-474683a8a688,0.7177934646606445,0.44798052310943604,2
51331d6f-f1df-4163-8747-ec4c7d5b1d8a,0.31326228380203247,0.16281509399414062,1
3200606c-05e1-4aca-93e9-047de5a933ec,0.32268282771110535,0.30085185170173645,1
0ead4e95-f11f-4fed-a8ef-47d46004934d,0.46727705001831055,0.36003679037094116,1
ea50a050-f5d7-4f1a-a12c-076e9ea82c99,0.6166172623634338,0.63653963804245,1
cde7e7d6-2ddc-4f5a-88f1-1a9105fe3198,0.3646754026412964,0.4937674403190613,2
d59bdca1-4056-415b-9a7e-11d60e545af8,0.4724477231502533,0.4899179935455322,2
2fdb6362-2b1b-47b1-9a38-cb3ffe6e9201,0.2536594867706299,0.5469416975975037,2
e245afa1-99b1-440c-91b6-f2e511c64380,0.43469512462615967,0.4196397364139557,2
a0c199b8-13ca-43df-86fe-caab16c2cf64,0.11257629841566086,0.48355138301849365,2
bb8870d3-44c3-4223-9511-b3c0c9909353,0.30604034662246704,0.23720544576644897,2
085eb2c2-bd13-439d-8a61-0244f1c27b25,0.5328858494758606,0.47883203625679016,1
c2906cf8-eb46-420a-9012-1cae78ab3f55,0.32235753536224365,0.3212391436100006,1
23a9ba39-15bf-4243-a508-2dd550756ceb,0.5048424005508423,0.44891926646232605,2
20e398b2-135e-490f-bd48-df8864229f48,0.4663853049278259,0.669926643371582,2
0990d818-d928-4d78-a5a5-41b6b4876019,0.5374956130981445,0.3180071711540222,1
7502cdcb-1e6f-47af-adc4-6e7c292f3e8b,0.21070820093154907,0.3062770962715149,1
fd6e207c-1c55-40c9-85fd-d6ac53ea0eb3,0.3205050230026245,0.27524733543395996,1
4d567833-0f68-4976-bf8c-d10ba68e0956,0.3370133340358734,0.550856351852417,1
03a810c5-6385-470a-bf0f-4beae08c5284,0.2274811714887619,0.48960423469543457,1
ed8f4dfe-600e-4e68-af3d-22d2883ed575,0.45211565494537354,0.26282572746276855,1
11c2d92c-ceaf-4796-8521-435c0d0e5831,0.35553038120269775,0.3878088593482971,1
3bef731d-076d-4d20-a722-a2f8c2668796,0.17387592792510986,0.22010798752307892,1
2fed71a3-7ba4-43b1-9ebf-b15ecbabbe62,0.3676304519176483,0.3823034167289734,1
896a1b17-2dd1-4f0e-9168-7146939f6dcd,0.4135999381542206,0.5083891749382019,2
d806a701-9310-4b74-909d-c4bc746710d5,0.498135507106781,0.30360645055770874,2
4fdedd14-b582-4e75-b786-f565892e9cc9,0.3257915675640106,0.012919507920742035,1
24487427-d54e-4cf4-a7fd-acdcdafa87ba,0.36371803283691406,0.4691827893257141,1
d1817a6c-58d1-498b-aba9-34af04659142,0.25025761127471924,0.13221129775047302,1
07e6627f-e1c5-4cee-9b4e-0b951d508d42,0.29054927825927734,0.30799368023872375,1
65b3382b-23e1-41d4-b2cf-169da4f7d578,0.4786226153373718,0.1252271831035614,2
bf02c548-9458-4b48-a482-5cfb4031d7a7,0.4620341658592224,0.4361419379711151,1
281c3608-602c-401f-861e-5288408315c7,0.2836983799934387,0.28900182247161865,2
2a25942d-3b24-4a82-917c-f8b1c278ad45,0.3893410265445709,0.4236559271812439,2
e378ee18-a45c-4ce9-9506-e852566a8b33,0.8034634590148926,0.5557303428649902,2
112151f0-6986-4251-aed3-2c454670a09f,0.35359635949134827,0.34122681617736816,1
aa86fc61-5be9-4ef6-9c9b-24003fdaaa33,0.29944634437561035,0.339755117893219,1
be1e8b99-b087-4e4f-b054-55ccfb85e480,0.2973667085170746,0.4212573170661926,2
81150546-2bec-413f-a2f1-df4b40f4bb0e,0.1948314607143402,0.19239670038223267,2
d313ed5f-56c3-40ee-918a-efeef6818d88,0.3140316605567932,0.17662405967712402,1
5af45d17-34dc-4059-89bf-6ac89e4b44b5,0.3579713702201843,0.15907202661037445,1
63467525-31e2-4563-88ec-be61c5ba9d7f,0.7813100218772888,0.6594889760017395,1
c0b47103-e22e-4a61-bff1-031c33410523,0.4823217988014221,0.29597359895706177,1
e098b268-e0bc-4caa-a96d-2dd57183be2c,0.19254395365715027,0.1149468719959259,1
dfd56967-1d66-472d-92ed-a59cea6c7f69,0.3809592127799988,0.47186288237571716,2
c467150a-5c67-4125-957f-557d05d3b953,0.7663147449493408,0.5349653959274292,2
1cf5a954-d883-4c42-b116-40635b3a53a4,0.586095929145813,0.543697714805603,1
05a2aa5d-1e5b-4741-a053-87b342b04578,0.5526378154754639,0.530625581741333,1
c080b61b-7467-4eb8-8c36-096451d16182,0.14332619309425354,0.38529935479164124,2
e3ac8542-f974-4a3f-b198-e7b999397e7f,0.3616929352283478,0.4798358082771301,1
f72182d5-f378-4377-a1fa-560607b43c52,0.216167151927948,0.20595374703407288,1
62925eb3-37ff-4f69-aa07-14ac0142ffcf,0.24698880314826965,0.25556468963623047,2
6e9efc4e-6b0a-412f-95af-8ace0483644d,0.24267199635505676,0.3861846923828125,2
eb3c880b-ca0e-41a4-aa8c-3e602ed593c0,0.633840799331665,0.24464169144630432,2
5a70a9e6-2934-4fbc-8573-98d5e355cc66,0.4337632656097412,0.5168335437774658,1
40861849-64ad-48ef-be5e-7502a10cd665,0.13565833866596222,0.7077282071113586,2
8cd5c023-1bd7-4821-bd29-26bb06a35ddf,0.6461620330810547,0.49248915910720825,1
5af670c5-f7db-4f79-9407-054bb817fe93,0.4534471035003662,0.18753014504909515,2
1ee70e30-2b21-45be-be71-379c84f910ea,0.15968626737594604,0.3401501178741455,1
9242cf97-46fc-4972-962e-cd11166ce518,0.1523963212966919,0.14310793578624725,1
d9785ee8-3367-42de-b7c6-5ce1704028c5,0.6292139887809753,0.5336881875991821,2
4edea61b-cb7e-4650-a6ff-08b12a283e1f,0.2827901840209961,0.3845435380935669,2
6acf52a2-ef62-4d9c-b1ee-4b0973e98f26,0.46824121475219727,0.3536800742149353,1
f8dd27d5-40e9-437e-8b2b-6d975a46c3eb,0.25419190526008606,0.0677575170993805,2
1eb35b08-ec06-4ccd-9cbb-8ccf97624907,0.18155115842819214,0.3493727743625641,2
5080c261-9751-47c0-9cb9-7a9a326fb62f,0.17654910683631897,0.14962926506996155,2
45afcd92-2b65-44a8-9c9f-3f732e157167,0.3544187843799591,0.31268858909606934,2
72e5dcdb-ae9f-4b0d-9734-059ad36c33b2,0.39556455612182617,0.2511778175830841,2
674a896b-c852-4475-92cd-0ec302276b80,0.28184908628463745,0.40858906507492065,1
7be7b198-e925-4349-8f62-68e6fd50994a,0.3818451166152954,0.7158126831054688,1
c8830537-e768-43a8-b250-81bcf74a7976,0.5196768641471863,0.48505765199661255,1
49ed13f1-0fd9-4cd8-b810-0c1971af59a5,0.3123960793018341,0.46258044242858887,1
127d62ef-d930-4258-8011-42f38662b067,0.8363684415817261,0.6201368570327759,1
93e752a9-e351-4148-98f2-3a6f1b89b3c6,0.4443051815032959,0.4848674535751343,2
7e38da11-bd11-4368-b640-bcda32262763,0.4189504086971283,0.444038987159729,2
2490798c-c929-4518-be1b-60a7bf447f02,0.4431513547897339,0.38183510303497314,2
98e50567-1b6d-4763-ab4e-e9b8cb0de91d,0.32623469829559326,0.4947311282157898,1
0391b604-7929-45bf-bb70-3fc5cb9fab70,0.21610361337661743,0.3606468141078949,2
eaf2de23-127a-4772-977e-a30f147d38dc,0.542515754699707,0.5381351113319397,1
581bd269-50db-4eef-8f73-ff34ac30f3ff,0.45493313670158386,0.6750874519348145,2
d9c4c9b2-9412-4a85-91eb-28fed5792764,0.3095366060733795,0.16202688217163086,1
9e84d7be-cf37-48c7-88a4-0b8fa8d60f5c,0.22249476611614227,0.2676942050457001,1
2e52f1ec-fada-4834-b9ec-49d24504e07d,0.32758039236068726,0.6978893280029297,2
cd681552-f7d4-4df2-b6eb-19f116383b4a,0.414898157119751,0.3320615589618683,1
8b3e5896-e1be-4ada-8e49-616acf0ec9b7,0.22425730526447296,0.3072725832462311,2
6de23ad3-39be-46ae-bc2f-eefa0a636059,0.6166911125183105,0.5172255039215088,1
1ab065d1-8ce6-419e-aed7-0937443df462,0.2678000330924988,0.40259671211242676,2
acf1cc07-ead5-4a22-af08-36aef9bc1242,0.6363934278488159,0.6448953151702881,1
9eaf8117-275d-421c-a7b1-031caf44006f,-0.003418303094804287,0.08240748941898346,2
75ce5041-1988-4e25-8c53-32f7a0a7a435,-0.019079752266407013,0.2529886066913605,2
38b21dc3-18c1-4203-a8e5-2c1d9fa8a9f8,0.27762407064437866,0.28091055154800415,1
83c5b5ed-ca29-4c90-abea-9df9d8d43cdb,0.17949743568897247,0.3023333251476288,1
2dc6ed26-4720-42e9-a27c-dc71dd1af6f9,0.6161484718322754,0.558371365070343,2
0318f3a8-92aa-4fa9-8d6e-01b4d87f17ec,0.2840219736099243,0.2463827133178711,1
6e39e409-bb18-482b-a8f2-54cec56943b4,0.29411059617996216,0.26931890845298767,2
00ad2c65-acc5-41da-9661-5a63eca26dd6,0.4309130311012268,0.5021305084228516,2
9c5a0b3e-2f04-4d67-80b1-93e290e9c475,0.39800113439559937,0.45665982365608215,2
eeba73c7-ebe6-46d0-9dfe-939e794a90b7,0.32819390296936035,0.35535454750061035,1
d7a88126-58e6-4b96-93a1-6ad17df59064,0.5694229602813721,0.6285974979400635,1
3e6e375f-2f96-4bd0-81b5-b7584e4734f7,0.5813400745391846,0.8004252910614014,2
79a52a70-4a06-4cda-9caa-77b3d819e610,0.33074167370796204,0.42791643738746643,2
54c85959-aa11-443a-a1d9-0d54c02b2a18,0.1748063564300537,0.2594086229801178,1
98254f4a-f06f-4f8e-9602-c92cb9298f33,0.34459567070007324,0.15154649317264557,1
720c5b5e-1190-4d53-88dd-b4b6a41c06e6,0.3239489495754242,0.49506765604019165,2
4bf5f0f2-24e3-4244-a80b-624024007a43,0.3391644358634949,0.17722216248512268,1
6015f416-2703-4d14-937f-5612841d0445,0.3907849192619324,0.44847553968429565,1
89eb34ec-56c2-4bf3-9e03-69b0c90a03d3,0.706231951713562,0.4208334684371948,2
55baff05-b025-458b-9cfb-9e9c7baa891f,0.47441530227661133,0.7061339616775513,2
c176e98c-4d7f-4f96-b838-a43acb72865c,0.38272547721862793,0.4058266282081604,1
f0829acc-86fe-44f9-ac9f-4ca6ac2a7718,0.7055396437644958,0.2840600311756134,1
1c422263-4631-4d89-8e9f-34963938d3c9,0.5790884494781494,0.22438719868659973,2
2a001e11-a576-4043-a060-7b2e28658be7,0.4047574996948242,0.3857027292251587,1
16a1ac09-7e39-401b-8a36-94fddf339b62,0.3061627745628357,0.5124317407608032,2
6516aa86-f856-4411-a128-2dbeba8102bd,0.28166770935058594,0.4276616871356964,2
19f0abfb-d2b3-444a-a099-60b022deb653,0.7711636424064636,0.6630128622055054,2
ad0ce734-b1cb-4dfb-aa2b-bd97c58da4c2,0.3461502194404602,0.2885248064994812,2
9ddff691-93e2-4af9-a29a-e391be79cef7,0.3913426399230957,0.6612415313720703,1
d3c29310-4502-47e9-9a6e-8b1178a0952f,0.22308629751205444,0.16351987421512604,1
d582d1e8-c11a-4658-ab45-0755c17dd83d,0.2265845239162445,0.3840232789516449,2
419d6f93-426a-458b-8e69-0a67e2e06ced,0.42440271377563477,0.47555553913116455,1
ae050b5c-4abe-4cdc-a1e5-401c0146d220,0.22892218828201294,0.6173990964889526,2
143e9c51-729b-4891-888d-72b2a9e76438,0.1887308657169342,0.3263123333454132,2
52556e86-50fe-4617-9edc-91841103805a,0.2887856364250183,0.4944060444831848,1
19852081-0594-415f-924f-19b2e606a26e,0.768191933631897,0.6813501715660095,1
58429e2f-3bc1-497a-ab9b-13f0b840d7ea,0.2595883905887604,0.28886109590530396,1
91a8783a-1db2-4047-afd5-0171b05c0ed6,0.5960100889205933,0.5332969427108765,2
d12c4ece-930d-40d6-85ea-9112993f3e33,0.15835800766944885,0.36397475004196167,2
56d8378d-0d44-4cb1-a0cd-26b793c4663b,0.22280773520469666,0.2588771879673004,2
8ff209b5-fb11-4a1c-9862-fec64612d00e,0.2372436225414276,0.46046990156173706,2
aa19d4d6-195a-41aa-a23c-ecef6cf5b783,0.3344036936759949,0.29747170209884644,1
fbd2679e-59e5-4f63-9d3b-a1b270f2adf2,0.48814186453819275,0.584951639175415,2
6feb1097-ec20-4267-8428-5db886f7cdc4,0.3207462430000305,0.20806139707565308,2
b121d09f-138e-4729-b40c-4f2929f3537c,0.24207212030887604,0.27400150895118713,2
60e60562-8f20-4218-b4fd-087e577c97ca,0.2629282474517822,0.305336594581604,1
70a92fb5-86ef-40d1-8516-715428957cd6,0.42606624960899353,0.4002355933189392,2
bbb86163-0aa5-467a-bcfb-a37138d2e5ee,0.328969269990921,0.4176015257835388,2
e18c3d41-93e3-46b5-9e8e-3d9900f6b492,0.6768286228179932,0.5493836998939514,2
e5699d71-5494-4769-9e41-35e726fb5f53,0.1599290817975998,0.4740617871284485,2
2d3473c4-76a8-48da-9c18-7ed1edae395a,0.2657628059387207,0.30426710844039917,1
29c6de25-7425-467d-92b8-39bdd5cc51b8,0.33225294947624207,0.33655816316604614,2
015ffed1-7ff9-49bc-88c6-30b758dc6edf,0.29560530185699463,0.22005826234817505,2
8c48b6e4-f783-404b-9e69-e2f590f20172,0.37328654527664185,0.4176429212093353,1
c6c6c783-9dd4-4506-a064-9997bc933cd2,0.46682417392730713,0.4375125765800476,1
f63fc817-d664-4b0c-8445-8089477c0624,0.485281765460968,0.4202592074871063,2
40677245-6688-4b07-b0d3-7df878ae7514,0.6803914308547974,0.6632363796234131,2
c284673c-f3fd-418d-8466-cdbef246fd3b,0.176193967461586,0.5137162208557129,1
9e448d89-e86b-457f-90b2-9180181e0575,0.41247043013572693,0.5017948150634766,1
945706a8-1e91-4b26-ac22-e8e2af0dd0ca,0.3795429766178131,0.20756477117538452,1
82f0d2f5-90e9-4c93-a97e-d57022758f18,0.5624954104423523,0.5155154466629028,1
2b64dde2-62d0-47f4-9475-768f27b922fd,0.19472730159759521,0.41427549719810486,2
65081d5a-7192-4c94-b007-23bdb97b4f91,0.39761850237846375,0.6535075306892395,2
873653f4-f427-4d41-86cf-758c51dc4693,0.7001131772994995,0.7501852512359619,1
6ec320dd-f58c-464b-a5cc-9027513354ea,0.6020955443382263,0.5034891366958618,2
613220fc-79cb-4bf0-8050-a36532ab284d,0.505053699016571,0.4206834137439728,2
5ff19283-3ccf-4ec5-a47c-552b3af9d275,0.34491631388664246,0.5275965929031372,2
4bcf69b5-f500-4f3d-b633-ec780499a567,0.2931441366672516,0.23958459496498108,2
649f0213-7242-4d19-b8c7-7cb0bb128e73,0.5961636900901794,0.5404051542282104,1
7ddedcff-cdf4-49b1-9fda-8e0cb6f9fd45,0.17894284427165985,0.4337831735610962,2
002af9dc-dadd-496e-8b5f-c89bebc1fdb1,0.4171530306339264,0.3357926607131958,1
1ee745bb-03f5-4db0-afc8-a3903e8bdab5,0.35970520973205566,0.7124491930007935,2
e9f3c27a-6810-4d42-b3e3-e0efe499c33a,0.41105300188064575,0.39283037185668945,2
20eba2e4-0a0a-4595-8e17-5d1c9adb3a40,0.21116402745246887,0.19038482010364532,1
df1cff6a-d4c8-4ba4-869c-6539e1684b9d,0.052290983498096466,0.07988408207893372,1
47a3d628-c1a2-445a-84ef-ee38cf7f00ad,0.1927046775817871,0.5571203231811523,2
b1efeb4c-1626-4ec9-ad7c-b605ece908ff,0.2323281317949295,0.19230617582798004,1
f543cf14-e286-4854-b57b-f7c9cbb5d495,0.6059477925300598,0.5342743396759033,1
bbb59089-f474-44a8-858b-570d494606c8,0.20874691009521484,0.26477405428886414,2
c8875704-74c7-48af-b6d9-2b9cb6b1ea8b,0.6264792680740356,0.5145276784896851,1
94904ce6-27b8-4c88-bb6b-bb1cee23f3f9,0.19633376598358154,0.3563368320465088,2
9eb4b140-2c8d-4f71-a01c-61081f97ac49,0.5322743654251099,0.5367751717567444,2
21b12d7c-ba68-4e72-8165-5f1792ac9b1a,0.2995991110801697,0.5008612871170044,1
df30abcd-2e74-4880-b166-29f84b2e6b2b,0.2580038905143738,0.25697118043899536,1
4b4eaf85-7b39-489e-a83e-9da41dd23f22,0.22952228784561157,0.793190598487854,1
d5fd7433-7ba3-499c-b52a-3b9d1f2d8cef,0.5395010709762573,0.645159900188446,2
59bd5248-518a-4322-b6d8-eb8b09f2eb5b,0.06694608926773071,0.15005607903003693,2
3e5bcf32-ac88-425d-9d33-f9dea0a8a62a,0.15074825286865234,0.2894999384880066,2
b920e267-da57-4130-983c-9030b2159fad,0.36107802391052246,0.3835649788379669,1
f55571bc-4948-4e3a-9a30-1ed39c863c28,0.601675808429718,0.5166317224502563,1
8f3b0562-7f4c-4121-ab79-34d8f8fe4fd4,0.5222325325012207,0.7925338745117188,2
37e0e343-dc66-4f6a-a5e9-9f01fad3d6e8,0.6702972650527954,0.6729843616485596,1
11871d4b-6b94-4184-b36d-c4e76d311f3d,0.39627259969711304,0.2759974002838135,1
5a56884f-0cdf-4600-834e-66e4c70a687f,0.44645145535469055,0.6698998808860779,2
34a62099-27a3-4dec-b2f7-342e55426fca,0.2737947404384613,0.22360388934612274,1
b128ff7a-7a0e-4f2a-900a-e76e08313ca2,0.43970000743865967,0.3134532570838928,1
a5d1a221-307a-4f9a-8ee1-dc235aad4b7d,0.4773476719856262,0.17872431874275208,2
ed54f6ad-4172-4435-91bd-861e6b9a19ab,0.5435692071914673,0.5145286917686462,1
a29e4877-6e82-47c6-af69-511fc6add0f2,0.37311315536499023,0.3806471526622772,1
08694720-a137-4605-a125-211dce1bb369,0.5014356374740601,0.159001886844635,1
de8e5184-38f7-4fc3-a913-fc1f1501cf09,0.591956615447998,0.3072372376918793,2
dea87ee2-8a99-4ced-be0b-f900776a44f6,0.40964511036872864,0.398447185754776,2
23513f02-46b4-492b-8062-3b2003e1ab83,0.5290343761444092,0.5243890881538391,2
fd232283-b8b2-4199-bb37-5ab1d4b9c18d,0.5226636528968811,0.3843931555747986,1
7bed01f9-5e3a-4dd2-b96a-cf6682849fd9,0.40314048528671265,0.2471807599067688,2
dd098674-ee50-4033-a8b9-8637b80b34b6,0.577831506729126,0.5359134674072266,1
6243f443-719a-4425-a14f-c2e8cd65be1d,0.49830228090286255,0.33868342638015747,1
20b0814c-52f9-4a1b-825b-2d5b4e9e71d6,0.3818809688091278,0.32369744777679443,2
c5fb0b60-c8e5-482a-8995-dbda4c2f58ec,0.41779372096061707,0.3999379277229309,1
70c330f0-3eab-4a4a-98b8-6ff53b17a8f9,0.39150476455688477,0.2722841501235962,1
97e4abb2-565d-4064-81a3-4bc93dadeddd,0.38175156712532043,0.48131245374679565,2
cc8c4dca-3361-49af-808b-8568619de386,0.2782323658466339,0.2178264558315277,1
39cb365e-9e03-4e48-94a8-22535c9c2cbf,0.3073122501373291,0.409773588180542,2
a9edad89-7ad4-4655-9aae-e1aec3a4a7df,0.36559414863586426,0.192869633436203,1
2e1750fa-d0a0-4d1e-830b-2d4a7fc08780,0.46158552169799805,0.25544238090515137,1
cd3a45c7-446c-460a-aa06-e31e674ca219,0.2840213179588318,0.3573993742465973,1
158d808d-bc93-4cef-b3aa-fe212b256934,0.07868852466344833,0.129413902759552,1
5399a7fc-1d66-429b-bb1f-a7d2fbfdde6b,0.5749251246452332,0.18359889090061188,1
11d6d183-74b0-41cf-bfce-04c05a940b38,0.43029335141181946,0.2620972692966461,1
45ebac70-b33e-4aa6-940b-18134d372501,0.47000518441200256,0.3988104462623596,1
c1460cce-a43c-4402-9e00-60fcd40d19c2,0.16499926149845123,0.1736074984073639,2
80e87538-52cb-49b0-b0b6-b1caba694be4,0.5949276685714722,0.7600051164627075,1
138bde62-3359-487e-b6f5-59c848cd6835,0.2754048705101013,0.45664286613464355,1
72610204-f986-4e0a-ace9-3aff6625dd45,0.36481815576553345,0.3237166404724121,2
442e3665-c620-415d-9896-e5437de30bbc,0.40972357988357544,0.4425564706325531,2
b06feba7-f225-41a3-a744-e732218a1d0a,0.5635343790054321,0.5392123460769653,2
87a375ac-fc48-4061-8eff-cacf8ad173e4,0.5700234174728394,0.2018861621618271,1
834b3646-3628-4476-8817-e2bd8f0229ce,0.7735582590103149,0.5093700885772705,2
a3fce6d6-6ec6-406b-bd9e-72657f83d9c0,0.5056697726249695,0.7512189149856567,2
788b96a8-5edb-40db-924d-c4edc701d439,0.4219468832015991,0.19406764209270477,1
3a0baaf6-da36-44f0-b08f-1c48637d80b9,0.1536119282245636,0.45204275846481323,2
f0c94702-34a3-4fdd-834a-1cf1ede9891e,0.16622859239578247,0.5402657985687256,2
5c227db5-f5db-47b6-a45c-d851bd811da1,0.3223443627357483,0.2649533748626709,2
8a3d4657-67c5-4a8e-91cb-0990a231959c,0.25044307112693787,0.29261255264282227,2
58d60722-7371-439b-9803-b761a7d12017,0.22276359796524048,0.2877018451690674,2
cdd11ea6-27c8-4940-b657-76e14c756606,0.2639845311641693,0.17213007807731628,1
9c07127e-872a-4a81-9815-177f4d562cfd,0.24269795417785645,0.23897846043109894,1
2f3d8c05-6cab-48cd-93bd-58606d259a5a,0.2787262499332428,0.4567019045352936,1
67e74211-eb19-4b3f-8c02-a71922d2f96a,0.12235911935567856,0.2999427914619446,2
5b74d31b-f8f9-481c-8357-975bb275a584,0.6503696441650391,0.5629556179046631,1
b0d3a9eb-5b87-45ca-a12e-cac355c30cbc,0.6617736220359802,0.7706488370895386,2
f231d08c-e6b7-4513-afea-6f5ea21c5ea9,0.24779660999774933,0.4303357005119324,1
c181efbd-c6f3-4159-b969-73970763705c,0.5375149250030518,0.3990817070007324,1
e66d5835-6a7d-48f0-aa59-9c3bf336454c,0.5857328176498413,0.4226715862751007,1
4fd8c43e-97a7-44fd-a33b-14059a5b2980,0.5913815498352051,0.565394401550293,2
8a28a1c6-07c0-48f1-b8ef-7c5f48496bb7,0.18833884596824646,0.28408005833625793,1
b5db02e8-2275-4bf2-a8dc-a71a3667ea12,0.6130120158195496,0.521335244178772,1
740606e4-91dc-461d-ac86-58c4922b34db,0.25168317556381226,0.22524039447307587,1
5f4e3494-27ed-4f2e-95ca-765494b32fb5,0.18110862374305725,0.2488492876291275,1
84249fb9-80ac-477e-9016-89ce6cd7b14a,0.6528140306472778,0.6711412668228149,2
571ee98d-9c86-45b2-a9ca-0745f7080699,0.39201539754867554,0.41164153814315796,2
63ccab33-02f5-49f3-94b5-c8b1bc5ed3bf,0.4033471643924713,0.33823132514953613,2
63c73231-89b3-43ca-abf7-27bd229a92a2,0.2831219434738159,0.24603331089019775,1
f0660bda-8871-4efe-a7c1-f589a48f5def,0.5515269041061401,0.2931402623653412,2
4d87b489-5309-46bd-a431-49b799b5b896,0.6006755232810974,0.576090931892395,2
f93b7a73-ffb7-4e8b-8e30-0687592c5767,0.5960659384727478,0.5369100570678711,2
c988874a-203b-4619-86de-e55d548a15d4,0.6802375316619873,0.4851503372192383,1
a31fb268-dabd-46d9-b469-bab87b68e691,0.2584919333457947,0.305656373500824,1
9c8aee80-5ae1-4ecc-9aea-1ba7e2db7959,0.44416436553001404,0.3168349266052246,1
6010b3d4-577e-411c-908f-4e2fce71717b,0.266213595867157,0.10204456001520157,1
8d09a063-8599-4173-989b-af2313b1e6bb,0.5160641670227051,0.5731821060180664,2
bd1f8248-6f2b-4d10-9fd7-db078ba12313,0.6587970852851868,0.6562741994857788,1
e2a4744e-ed5a-4506-84dc-a2a4ad9912e9,0.259202241897583,0.2459479421377182,2
345f9565-a35f-4d3e-828d-72ea9b0cc6ba,0.6266703009605408,0.7307029962539673,1
7fd17ffb-154e-47b5-9a12-04b6722ade48,0.7403407096862793,0.2805041968822479,1
4863886b-ffb4-4e81-bdc8-d558165cd443,0.6102873086929321,0.47790610790252686,1
ce6f8088-50ca-4758-b820-ec35933b41e4,0.3105921745300293,0.3852764368057251,2
21c8bd50-e35d-4002-b487-fba08cfeb70b,0.43971365690231323,0.2606213092803955,1
d1218989-f5b7-49bd-9783-a650d73c5aed,0.45711278915405273,0.24511179327964783,1
53f5a527-04f1-472c-b8f0-45a92d85dbfc,0.38727569580078125,0.16368180513381958,1
e832c317-227a-426c-8243-6e8ecc233b21,0.5901693105697632,0.5636345148086548,1
f9498236-c0d7-443e-85ea-3ded1a7c270e,0.316081166267395,0.3449614346027374,1
6c3e9a76-0976-4597-b600-dcf6766d16fa,0.26715537905693054,0.5572061538696289,1
55b7f15b-6703-4384-a575-2d364bf85030,0.5276114344596863,0.4763050675392151,1
565504d1-6088-4f15-a592-d7dded841257,0.6419200897216797,0.6547774076461792,1
a506d2c9-1ff5-4094-bfbe-e4e80bc6215a,0.35633042454719543,0.212722048163414,1
0bce7a95-175d-41d0-bb5d-21e759baf220,0.2285556197166443,0.04369170218706131,1
8e39f61f-2d96-460d-b99e-daf36af614f0,0.6327716112136841,0.5329041481018066,1
2eddce77-d52b-4352-914d-ef4a7b787e56,0.2988990247249603,0.33646532893180847,2
7f0ff4e8-3c77-41a5-8107-916dd66cb22d,0.2793208062648773,0.6698611378669739,2
30714d1c-ab3d-4084-9084-5a44f39e0df4,0.6831209063529968,0.4024196267127991,1
6b0839e1-5e9f-4c62-919c-5c8f73e016aa,0.2914862632751465,0.09752991795539856,1
d1857e28-aa9a-4afe-9132-ab27a8477924,0.29549580812454224,0.2466297596693039,1
0d5e139a-4fe1-4652-85b5-7979d430391d,0.2689575254917145,0.3344655930995941,2
58735e26-2846-48fd-becf-e5f204ab1a95,0.5582252740859985,0.2516920864582062,1
40a7c1fb-7e4d-4c4a-9e70-aaddb1697b13,0.5755219459533691,0.6670403480529785,2
4149fd90-e58e-415d-ad22-f41dd5ae98a8,0.3739825487136841,0.34673675894737244,1
56122b9c-8efb-40de-a343-88f7533689e1,0.46144354343414307,0.09344395995140076,1
7af07696-728f-4f63-b975-69c0a251d8f9,0.316036581993103,0.14022156596183777,1
3b172e2b-ab39-4278-8ca5-ad5f5d906743,0.12014579027891159,0.20163720846176147,2
2b6218cf-27eb-4dc3-addb-84cee6617e80,0.3557436168193817,0.4607253968715668,1
95ca9c40-0826-4efd-9f2f-0bc3828e1dff,0.3856388330459595,0.4314212203025818,1
238532df-07c1-4db7-9ac8-1b5aa86a92d5,0.2734993100166321,0.20609313249588013,1
a99209f1-2b57-4b5e-9216-0606cc005e90,0.12240932881832123,0.15895822644233704,1
131cc240-f6e0-4a76-81b8-aa6daf09e8f4,0.2357500195503235,0.5996017456054688,1
c19bebdd-ac5b-413e-9052-1a5e15e5b31c,0.44631892442703247,0.5450920462608337,2
d1eef4fb-c303-4226-9519-54211561b425,0.6109895706176758,0.6114077568054199,2
006aa20e-51a7-48ea-8e1d-572f24cf1551,0.3008732497692108,0.08578697592020035,1
afd57a88-0c82-4116-a43f-6fcb8fdc9c09,0.5094832181930542,0.7118962407112122,2
ecd647bb-a30b-405d-913e-3a19011b092d,0.16542008519172668,0.0683186799287796,1
d0bd7fc2-5e86-4ffa-9f98-a0a166ce3d47,0.3925359845161438,0.28580179810523987,1
a08e92e0-8aab-4f08-8bad-799b20d8b750,0.48465755581855774,0.31321853399276733,2
17277360-5208-4dc2-b98f-da9dea534211,0.49287527799606323,0.5085957050323486,1
cbdf5369-ed2d-4534-9e68-7e1641969043,0.258963406085968,0.2406740039587021,2
816af3a0-0d30-4901-bb69-dc905f107636,0.4568629562854767,0.4101996421813965,1
df8c7222-a0e5-4723-ae50-e2e77e5d2410,0.29876983165740967,0.42742088437080383,2
690bf721-0de0-440e-a9ed-69b056fc63b4,0.42456281185150146,0.4523443281650543,1
91f9d1d9-934c-44f9-9677-3614def2874b,0.41576290130615234,0.16111129522323608,2
322bbb17-93b9-4a7d-9533-4b1689d2c8ac,0.2828526198863983,0.17212289571762085,1
d5ddd22e-a842-43f0-ac12-1968e25a6692,0.33332133293151855,0.25228115916252136,2
be1b3d0d-1d1c-431d-8d08-a0585bd1b57a,0.59136962890625,0.5088780522346497,2
7aec4c2f-addd-433b-bf51-3fccc53b35bb,0.39209941029548645,0.3452514111995697,1
ac3d0720-2b2c-4700-be89-c59ede839c4c,0.2819160223007202,0.44542962312698364,2
a51306ff-2184-4744-88ca-83145944ed38,0.5413540601730347,0.19731295108795166,2
6fba848e-7b8c-4d7b-9eab-40f8d2add906,0.32231947779655457,0.1450534164905548,2
247bcc69-4e51-4a1b-ae20-839ab1df13c9,0.11924926936626434,0.08193108439445496,1
c428bf27-8192-4ad2-9b66-dd07314804bd,0.5313760042190552,0.4008346199989319,1
37d942c0-21f8-4cde-be56-abb85318a379,0.5715333819389343,0.8282928466796875,2
3cf436ec-b46d-47ff-823a-f67efee8a4cb,0.19750194251537323,0.113467738032341,2
41585929-5484-4dd6-8e41-88f4ef6801aa,0.17284683883190155,0.17025145888328552,1
2dc626a9-20b0-4485-9a8d-cc8c320c5d55,0.4023464322090149,0.4568706750869751,2
cc855cce-17ad-4ae7-84df-ba2888b56fa1,0.15451669692993164,0.48101091384887695,1
e1e9d4c3-0dcb-4ef0-b558-2563e36088ff,0.6105331182479858,0.7096424102783203,1
ce4b43b2-79e1-4874-9f39-0b9540ec71ad,0.3474157452583313,0.4044569730758667,1
459330e7-0e14-46e7-a482-b9df82b6622d,0.13973918557167053,0.1742127537727356,2
128450e2-4f28-4a20-a5b5-91805a6eef05,0.4347732663154602,0.3580615520477295,2
91afa299-8aac-4ee9-8013-276d15a7769c,0.6613057851791382,0.42241811752319336,1
668e7d13-1250-4c4c-b3a9-f3965644e4f9,0.3338398337364197,0.4052842855453491,1
7e5ecab4-a9c4-40e7-a61f-69d59c15b87b,0.4102124869823456,0.538673996925354,1
edb9e202-4c9e-4bb7-a18c-daa472a22092,0.08741824328899384,0.2693052887916565,1
ea22e460-6e1d-4271-8153-78da7900c0a1,0.33154451847076416,0.3673468828201294,1
f7efb395-97a8-424e-b2c0-b400eaa5831e,0.400722861289978,0.38450607657432556,1
51498810-6e27-42c5-ad73-04e2466792b0,0.6157152652740479,0.7070013284683228,2
14d386a1-4753-4bd0-a752-bbb21e13d8dc,0.40400391817092896,0.20715802907943726,1
cb0c7433-daed-487a-ab74-36d05f277fa9,0.39429593086242676,0.41375458240509033,1
d0e044bd-b49a-4078-8519-a04a9997b195,0.44415879249572754,0.43779557943344116,1
4865f73d-e8f6-4063-8edb-fe3a8088dffa,0.3246820867061615,0.4740089476108551,2
c248eb07-6e5e-4c33-a08e-9cded809d238,0.782853364944458,0.775534451007843,1
1a9a1b68-b971-4eec-9706-4d109934e8be,0.277258038520813,0.14214631915092468,1
c3ff170b-8e5d-45db-be5b-e3d53e1f5104,0.22485481202602386,0.28589633107185364,2
81f93432-7994-426d-a6ce-02685ef26b48,0.15173876285552979,0.44291144609451294,2
4945b9f6-77ec-4bd0-b7c1-bbc093d07302,0.28115880489349365,0.5408090949058533,1
dd38b8f9-8005-4bbd-8274-031b6cb67861,0.25133079290390015,0.31660109758377075,2
19242426-8575-4299-9ab5-ea59e7b28062,0.18812327086925507,0.27641433477401733,2
21a8fb15-2612-4fd0-9b10-675eb9473360,0.24663427472114563,0.2756681442260742,1
e6738c40-9d0c-4fea-a1be-44e90ce630c1,0.07951219379901886,0.7705729007720947,2
ee914e56-5e79-4560-a712-12b961e9baff,0.32420453429222107,0.3856847286224365,2
06eef9c5-1b05-4d08-961c-fdefdb74d6ea,0.4993055760860443,0.4888816773891449,1
d6e10b5b-63bc-4c96-81c9-28f82a80c11f,0.17028528451919556,0.2894609272480011,2
b701052f-4728-4ea5-b215-f8c566d33d7c,0.3575085401535034,0.19365747272968292,1
4239c107-0a2c-4ab7-8763-c521cd06b180,0.17421236634254456,0.2734980285167694,1
7fb56f8e-afb9-4510-9abf-4be01e8a66f5,0.0872037261724472,0.02302779257297516,2
0fadf7fd-62f1-4d61-901d-cda9174b2f7a,0.281771719455719,0.4123520255088806,1
648cf01c-fcf2-4ce1-8f9d-235cf788ba25,0.29217833280563354,0.18201114237308502,1
1bed450a-2a30-4431-84d3-1361cd1423da,0.3532532751560211,0.3860725164413452,1
a31f32a1-af69-4a84-b713-f8917cc1565a,0.33533191680908203,0.19896888732910156,2
355efc45-5233-40b3-ab77-d6281fb11710,0.5557800531387329,0.44953200221061707,1
67f56ec7-d96c-4f97-a837-0532ce002125,0.5634393692016602,0.6573344469070435,2
c816e74e-8cc8-4f01-960c-78724f118a87,0.6053999066352844,0.27075624465942383,1
180c876f-d5d2-4397-a9bc-bdae30d5954c,0.37631919980049133,0.32536646723747253,1
db608f6f-3c58-4aba-bd8e-c5ceb0aaf835,0.2798539996147156,0.2637196481227875,2
dcca12a5-2470-4041-a22a-032ccc5ac018,0.4441696107387543,0.2434678077697754,1
2e6e714e-8b83-4eae-9370-d1d4afbc4e5a,0.25819259881973267,0.36196157336235046,2
9e54392e-74ed-404e-8fb3-f11fc885762d,0.38774794340133667,0.342021644115448,1
702267f4-b51a-4366-bbe4-fe3d5f94077d,0.25217604637145996,0.3090863823890686,2
9af012e3-d6c8-4a60-9f51-6379ba446742,0.2691694498062134,0.4470769762992859,2
5dc94086-80d4-4196-9914-7b4d3f487c3e,0.18190079927444458,0.42869842052459717,2
f389d1ce-da4e-4843-94a7-62656df6fb10,0.5876404643058777,0.7648121118545532,2
ac39ee93-4288-4302-aa7b-757fca64f2fb,0.401379257440567,0.5418685674667358,1
7b95d4d5-1ee9-4f1f-9d7e-2c6ff459054b,0.24578028917312622,0.41379880905151367,2
e2d48e18-276a-4de1-81af-594cf54c2a90,0.5677458047866821,0.6252354383468628,2
186cfc69-54cf-46d5-8033-8bf2493e9b23,0.27755123376846313,0.5438051223754883,2
a0ecc896-63d6-4f4f-8960-24c4fb3db4fe,0.7288158535957336,0.6072989702224731,1
d485e612-1b3c-4b67-a9f0-ef432ff4fcee,0.41289854049682617,0.512029767036438,1
c08b9f9a-5d56-4701-92d4-3edef2ccec62,0.4897457957267761,0.5930641889572144,2
86ab603e-0455-4347-a1ce-4a375f4495a8,0.2534659206867218,0.397655725479126,2
2290ba2a-137b-4047-aeec-cb133268a238,0.43805354833602905,0.22013801336288452,2
2b635efb-e1b0-44de-beb8-4f9b9ef62876,0.5033348202705383,0.363606333732605,2
22f5e67b-4e12-4ba3-8649-a8b322e36811,0.3002530336380005,0.3766339421272278,2
73cf4b3f-604a-431d-8b5d-8e03b0cfb67a,0.177953839302063,0.6491459608078003,2
967f6a24-cefa-4641-a9d6-e9a71b62e0c1,0.5086849927902222,0.6990673542022705,2
10462d65-75a6-4430-974a-e8af56526fce,0.2763347923755646,0.6946184635162354,2
5f02992e-3fc2-4e05-bb1f-a8e81400ff4d,0.7020065784454346,0.5440706014633179,2
d5f61641-8062-410d-9590-699f11ccd85a,0.43401435017585754,0.5032728314399719,1
c94847d6-71da-43c6-981b-5442f6c1efff,0.7773557901382446,0.7308815717697144,1
30e8e610-0fbb-4c86-b190-f4934736ab7d,0.5111323595046997,0.39682650566101074,2
ede8db0c-1396-4503-b378-55edc720915a,0.3127609193325043,0.3338010609149933,2
eb6bdd24-5e10-445d-92ce-4744959c1d91,0.5650709867477417,0.2213301956653595,1
779fbdd3-3e20-43d0-a214-1eea7ad0e3d3,0.393746018409729,0.25166767835617065,1
f9e6bf5f-ba88-4108-994e-529750445ff1,0.33235830068588257,0.2746114134788513,2
3ad5e2e4-fb20-459c-98b3-b9711e753f16,0.6046993732452393,0.6296524405479431,1
a46cdbbd-6cd3-4da5-bc7b-ab131c1bdeae,0.27198326587677,0.49701279401779175,2
16d64b08-061c-4449-8320-d0a763aa63a4,0.8097294569015503,0.7498619556427002,1
a61e75c6-7885-434b-bbac-4787ece30449,0.4527283310890198,0.39853766560554504,1
a13f5ef2-8f1d-4be0-a037-ed2c30656414,0.3525734543800354,0.4262002408504486,2
06ccc957-8b69-4d71-8f6f-4fb686041e5a,0.2985476851463318,0.1735018491744995,1
d25df4e7-c94b-4a2d-a2d4-25e34655d0c9,0.6266032457351685,0.31029850244522095,1
09e93773-cb09-4bdb-b1ee-bcf339416c53,0.3243042826652527,0.3167378306388855,1
57d1f6e1-cdbc-4df6-9841-5dba89d3e63e,0.34697020053863525,0.32849282026290894,2
9c0cccf4-7008-4997-b0a6-2fadfee4fb55,0.25104889273643494,0.24366818368434906,2
462de42f-37e4-4ad3-9830-ea44e8ff72d5,0.28441888093948364,0.4099007248878479,2
7956447f-c376-4355-9297-a9c8399f1aa5,0.2569788694381714,0.6309249401092529,2
51de9244-e843-4b94-9722-e43dee4a76ea,0.25793859362602234,0.24909868836402893,2
9d58bb7c-7f32-4642-82cc-925d8dca62f0,0.5514370203018188,0.5820825695991516,2
343c091e-8c1c-45db-9b05-27eab342d092,0.2067868858575821,0.19546926021575928,2
7685e3dd-ba3b-4861-9486-ca3f13483afb,0.41643887758255005,0.3214346170425415,1
b090fb07-e7fd-4c01-ad85-38016522a727,0.3793245851993561,0.4368000030517578,1
2d58e924-e539-40ba-968c-f56efaff1b1a,0.25124767422676086,0.19821761548519135,2
5fb0bd4d-a4df-4adb-9e99-d4fec9a6b10d,0.10951435565948486,0.20207184553146362,2
327df8b3-9758-405f-a0af-1e38ffce0cb2,0.49673551321029663,0.5607727766036987,1
1471ffe2-1330-48a6-963b-e6798252bac8,0.22790592908859253,0.32168206572532654,2
16c0b5f5-3c48-42c3-a5c6-ad5e4e6e4575,0.2888423204421997,0.3826220631599426,1
f7b8017c-fafc-455d-8545-799f4813d10c,0.0005820803344249725,0.13224904239177704,2
a8ca1926-5d63-4de0-a1e5-d0826fbe0bf0,0.2580608129501343,0.2138814777135849,2
25df4833-3565-45f6-a354-33c56e8dd8e7,0.3905913531780243,0.6230673789978027,1
29a8d6a9-d05a-4be3-9bd3-a138f804eb13,0.25174587965011597,0.25050491094589233,2
86991c22-02d9-4144-80e7-8531a7a5ccf4,0.29405105113983154,0.4981476366519928,1
9f177a52-fadb-49d9-a25e-6d7d6540fed6,0.27041566371917725,0.5953209400177002,2
3c15c1f6-ec72-48c3-abc6-830b9bff0ede,0.5700436234474182,0.41417181491851807,1
54656ac3-787a-440a-9c0c-94fa7f19912c,0.2959173917770386,0.18134106695652008,1
46a10ff0-42c4-4136-9cfe-a12661232e2d,0.7037423849105835,0.4232460856437683,2
cf720bea-32e6-41f3-be77-d4674b580890,0.17924794554710388,0.2291889190673828,1
50947e83-b0fe-44e9-b5a6-f8039c4f09f2,0.4244844615459442,0.6804719567298889,1
841f539a-b6d9-4722-ab19-32f28ab7abfb,0.3816855549812317,0.24971731007099152,1
37120c4b-0f9d-4467-ac5c-ef999e72ee70,0.2426232397556305,0.3586765229701996,2
9d05fb69-73c0-4ac5-8b23-2553b48da81c,0.2550671696662903,0.19635844230651855,1
040ed97b-c8df-41ea-ba95-43cdf36462ce,0.4933146834373474,0.5751906037330627,2
d466a6af-a2fb-4ebd-948f-c35c85e62e12,0.15635770559310913,0.11628300696611404,2
7f106d09-88a1-4307-8fea-06f32a31157c,0.3697929382324219,0.593195915222168,2
d0703dac-4538-4a8d-87e3-67246d6ee924,0.5915667414665222,0.4924631714820862,1
dacbdd76-ec3a-45dd-8180-bb45899cf5bb,0.4828394055366516,0.5058750510215759,2
9bec6c96-04a4-4987-a65f-da0fead90691,0.1716141551733017,0.23071488738059998,2
3eeca3cb-2263-4617-8d42-89786fb986f9,0.7027153968811035,0.5501961708068848,2
8489a2b3-cee7-4651-828d-704b1ab51575,0.5300594568252563,0.524186372756958,2
34505e75-67d3-47df-b140-429c87accabb,0.21986959874629974,0.45915067195892334,1
a87edb02-47b3-42df-b3ed-5333cb749436,0.2067175805568695,0.3539108335971832,2
2c99419a-7247-45cc-8f63-4d423e852f5d,0.21329806745052338,0.7871750593185425,1
f4477125-76c2-4c75-903f-5fa9b31bebe1,0.11265440285205841,0.1857246607542038,2
1a7e5dac-96a0-4fc8-8c2f-e5edbaee45ca,0.6037161350250244,0.24472562968730927,1
cf5a5e9f-3af0-465d-9faf-3833a586e42e,0.25201594829559326,0.18351146578788757,1
1cb2a8b6-8873-48a4-a778-02291cb7ca56,0.34971314668655396,0.6130897402763367,2
7e7704ee-3070-47e8-bde3-8ab6ba8ac305,0.2234843671321869,0.20824970304965973,1
fa0cba9c-0e7b-412e-a5ef-08065139b2dc,0.2808263599872589,0.2618556618690491,2
737d2e8c-d15c-4ac5-8288-01532a5f794f,0.43008342385292053,0.4621957838535309,1
5af5c599-4191-4c4a-b4a4-88c750c488f3,0.586288332939148,0.4833230972290039,2
e92781bd-beee-4be6-ba37-0e2f7c258864,0.7727375626564026,0.7127636671066284,2
f9412344-ca37-4c8f-849f-62f2859905e7,0.1701364666223526,0.2824968099594116,2
836221b0-fba9-4482-ab9c-5b6ff86fda2c,0.20430432260036469,0.35146909952163696,2
c545f1d9-8c13-4f15-907a-09d2115b1152,0.37860000133514404,0.3564492166042328,2
dd2f07ba-4c92-41f6-873f-480173087b36,0.2786509394645691,0.2881617844104767,2
55323564-a201-4a6e-8c07-bd518babb542,0.42729437351226807,0.5068126916885376,2
17868cb6-c9eb-42f4-98a8-c6a855d8e11d,0.25188159942626953,0.3056948184967041,2
f94fc6da-0162-4301-98b3-f25cfbfd2357,0.560725212097168,0.7169290781021118,1
b2070b39-9b95-44c4-a698-f8f6993a5454,0.5705642700195312,0.2181893289089203,1
1730c379-eff8-4d18-b195-4d59e7cce600,0.635414719581604,0.6704328060150146,2
a2628347-52a4-44f5-a750-fefddf04a375,0.5821009874343872,0.5868067741394043,2
de0da0fd-5dbc-4521-adb6-cb2fb029fd03,0.34205931425094604,0.3157395124435425,2
1e993bb1-28e9-46ca-9de0-e2984207fe98,0.8528122305870056,0.34871363639831543,1
09e1c076-d69a-441e-bb6a-d3d4c8268d81,0.16366040706634521,0.43388694524765015,2
ce171961-1139-4925-a52d-aaa45882193b,0.26497113704681396,0.21205414831638336,1
11aaa45b-8850-4eaa-8830-2885770f28d9,0.23114284873008728,0.3274979591369629,2
e74a6f7f-b7a8-40b8-a5a5-08a86aff538a,0.5147454142570496,0.6960314512252808,2
488b69f4-c685-4882-b5d3-73a328cfd087,0.6159387826919556,0.5189720392227173,2
8402aec8-1b97-4799-838e-53a24c126104,0.5367748141288757,0.2611565589904785,1
06fb6922-d4c4-440c-9830-4ceccd1eacfc,0.7127231359481812,0.5927050113677979,2
21f7ff4d-129a-499d-b881-6da07a4c3e2b,0.6903946399688721,0.1012866348028183,1
49582a49-fbcf-43e2-b1f2-843ab55d2491,0.17185759544372559,0.5672657489776611,2
6b79193e-0b29-4594-be27-f0a478c41fcc,0.618415117263794,0.48289281129837036,1
293b2d9c-6aa5-4237-9d3a-e375bd92ae58,0.6277641654014587,0.3926214873790741,2
7b243674-c555-4b75-a0da-489e89909703,0.4600098133087158,0.2666095495223999,1
5829ddaa-59cc-4bf4-96fc-ae78f74bc477,0.27832067012786865,0.30833154916763306,2
c0b88368-7866-4e13-8781-28b92322eab1,0.1973106563091278,0.29556989669799805,1
9bedc73a-bd04-4a08-9d93-d6da9dd33991,0.22793783247470856,0.3699154555797577,2
c4700d83-ffe3-4332-92b7-6bb103becc03,0.43232327699661255,0.4685041904449463,2
3309982d-6c74-429e-b45c-68412831b4a1,0.4775765538215637,0.5108999013900757,2
796cebdd-7d6f-4c1e-95c3-be941d0e4a55,0.5650156736373901,0.6707712411880493,1
1cfe77d3-b1b2-4e00-bcda-2afb98c8968b,0.42194974422454834,0.4457070827484131,2
c70faa93-43d8-4343-8b31-5b28aba6eedc,0.7318636775016785,0.3260582685470581,1
53756438-d5bd-45a6-83b0-5dc4ca78a5cc,0.5561578273773193,0.4683774411678314,1
6ead3cd4-e1a7-4ca8-a93a-f0fd32390bf7,0.6198639869689941,0.15123817324638367,1
5cf80e19-8050-4d98-9a1d-b863be3e9f60,0.4001842737197876,0.2706378400325775,1
d0cc2b2d-106a-4255-a946-cddb42b76b47,0.5349807739257812,0.29314595460891724,2
e9223a00-dd48-400b-9b73-c24b5968285b,0.6173152327537537,0.44320616126060486,2
ed8978f8-7863-4f85-b0d9-b29739250d9a,0.29618605971336365,0.27890369296073914,1
bbdd62f2-63f7-48da-a4a9-cdb28f385037,0.2345632016658783,0.24834518134593964,1
39ba66cb-3cde-4cee-8a25-fbf47ac92678,0.6181631088256836,0.5727801322937012,2
f6e2f4f5-0cfc-458f-95ce-aab93e029ee7,0.41657769680023193,0.33231931924819946,1
850f4d4d-0fb3-404a-9113-1197a4a3fe4a,0.15895038843154907,0.35632961988449097,1
26e0a6ee-7898-4d22-9380-0a22e6e5e2f3,0.18963877856731415,0.1810181736946106,1
56b2b948-79eb-4a8f-89bd-bd7198c50546,0.31354981660842896,0.46914345026016235,2
982d24ef-9aad-48f1-8c8d-c84b60739868,0.3229731023311615,0.30580419301986694,2
bf839b9e-20fe-4906-bb7d-f34e50e066f5,0.5751785039901733,0.2500215768814087,1
f658b035-346a-4d33-be6c-87106223ff88,0.6361690759658813,0.40378621220588684,1
ac74847e-5380-4cd9-a055-938a7f157e82,0.3061758279800415,0.34660395979881287,1
bf150607-566f-47f3-b180-49d4d5f87cb8,0.3668632507324219,0.3014775514602661,1
bfd0edee-8c7b-4b44-afb2-f9620e89a07b,0.3676823079586029,0.5348402857780457,1
b4c29adb-5bc8-41de-96cb-be694a0a7714,0.13747578859329224,0.1681152880191803,2
3823e668-4a55-4c3d-a37a-544245f21eb5,0.23296168446540833,0.35401228070259094,1
364ff78a-b959-4051-b50b-29d480ba0661,0.6530853509902954,0.6483527421951294,1
0e92d1ba-0e2e-4052-99b7-d26a811da4b8,0.3106672763824463,0.6025605201721191,1
9e103dc9-b08b-4249-be00-28525dbd972b,0.6571094393730164,0.3118860125541687,1
b67726eb-80bd-47d0-a32a-9296cd263744,0.06819915771484375,0.4667523503303528,2
f4aeb79d-acf1-475a-9c31-b9cfd8bc54f6,0.14096617698669434,0.1500973105430603,2
c2f3ba17-ee83-4837-b341-68055e9bbca5,0.32616573572158813,0.1925787329673767,1
2ad983c5-5074-4d10-acca-e98b9fceb09b,0.398391455411911,0.12373948097229004,1
f0404412-c6a4-4467-bf56-59629753a81a,0.5921305418014526,0.35905739665031433,2
23866dc5-7c69-4471-aad5-e85d636afafe,0.43781986832618713,0.3943805694580078,1
171c010d-c961-466d-880b-5bf0550832c9,0.4892127215862274,0.2790655493736267,2
2caa6eda-0fb4-4ea1-81b4-d271dd8b6b29,0.17759324610233307,0.14332665503025055,1
a31092f3-5948-4de6-be36-f07a76895f7f,0.2501717805862427,0.3757058084011078,2
6aa8850f-16b3-4eeb-b1d7-b976f53eb17b,0.1938866823911667,0.41289961338043213,2
4538de5c-e6fe-4cb2-a4c8-6c987edfd123,0.2128201723098755,0.38536983728408813,2
e4df84be-6c8d-4271-93d8-73999aab7fef,0.28000402450561523,0.2276451587677002,1
8a0c7f34-82b6-4230-a08d-afcada1dc5f3,0.33229124546051025,0.3896573781967163,2
1c3f631c-ef1a-4dc3-bd26-715eea2c5703,0.7785401344299316,0.5960633754730225,1
9f097485-ac0b-40b0-bf42-3fde6476ce14,0.31462618708610535,0.4648960828781128,2
359c1833-b8bc-4f0e-b083-a1120047a73f,0.17347458004951477,0.5345840454101562,1
e4514b3b-2ac2-4e1f-8b23-6308185b3e25,0.4295061230659485,0.4333135187625885,1
7887fe5f-be9c-48cb-9f83-cdf4e054852d,0.47780558466911316,0.6092511415481567,2
d2c6f02d-624f-48d7-8bd1-e0cd4b456016,0.25485873222351074,0.19690021872520447,1
be6167f9-7024-446d-8e38-ba627eb7a79c,0.23781850934028625,0.2753356993198395,1
36d8301c-5702-4b42-bee3-73415a992133,0.1289244145154953,0.2674163579940796,2
42c98f2d-f3c3-4a29-af0f-59a82bc01cf9,0.3218403160572052,0.5308594703674316,2
f8a623b4-a19c-4176-a576-2fda8da9d616,0.44897544384002686,0.5122078061103821,2
2562c10f-4f6a-4b80-bf78-93ce317ee1ed,0.2785241901874542,0.4649404287338257,2
0aedef28-e132-48d3-952d-60d6023e6354,0.5686716437339783,0.4262295961380005,2
560de71d-f0e4-4430-b5b0-e6ceda4b9c20,0.3904479742050171,0.32700011134147644,2
fae520f1-4a08-41a2-a993-43a9f33ed3cd,0.526802122592926,0.4251757860183716,1
ad0ecbef-894d-44b0-ada0-dd4c02f1ea03,0.3695458173751831,0.409455806016922,2
2a333529-c28c-4eac-a8f9-50ac2898ffa0,0.6655832529067993,0.8341745734214783,2
0932cb74-8265-44a3-ad1e-53975f3ee80c,0.4725904166698456,0.08443596214056015,1
2a1e75df-7330-4db5-b870-a4520de57288,0.42466825246810913,0.6073927879333496,1
e9b85e53-9355-4b2c-9596-fe595ffdb083,0.2831939160823822,0.16691485047340393,1
fe46f94d-a6bf-403b-9c46-d600c747c6b1,0.07395340502262115,0.321399062871933,2
529ac218-8924-43dc-92c1-18b83bcbd10a,0.18110454082489014,0.22792553901672363,1
af50c61e-685f-4e0c-8766-bfe5865dd9a9,0.4474720060825348,0.17615003883838654,1
57b7b390-ced2-4b9e-8e84-71a5d98d8037,0.8537490367889404,0.7255778312683105,2
45be99fa-41ef-459f-b791-257a852933cd,0.39067304134368896,0.524513840675354,2
c41221e1-a84d-43ff-a7de-d623d7480d43,0.37123236060142517,0.5455373525619507,1
76962d77-c956-49ba-a135-427a6e78d0e0,0.2167428433895111,0.2792259752750397,2
488a1e6c-e8e5-4ad6-b912-73ba8d84a2c3,0.5346471667289734,0.48819515109062195,1
e51aeb78-f81d-4fcd-8016-5d0cd450ccd4,0.6415422558784485,0.424541175365448,1
36c78816-7606-4fe4-beb2-4b4cfde8115c,0.18247286975383759,0.22434307634830475,2
2dc083b6-dcb0-4227-854d-32d8e98db2af,0.451200008392334,0.5322397351264954,1
c7d01c21-6d8e-417d-9dc0-ca4492194254,0.6033816337585449,0.6601817607879639,1
be51f295-a71c-40b3-b540-d72d0005ea9b,0.5052421689033508,0.5707809925079346,1
8844fc1d-432b-46e8-8eb1-c78bb87e6c35,0.20196637511253357,0.30171096324920654,1
683fa7a6-70a2-41cb-b206-51c330e7fc58,0.16801288723945618,0.32586929202079773,2
a7d985bc-8564-4262-8c45-6d211bd59f31,0.6684632301330566,0.6456944942474365,2
731c4da7-a88a-49c8-8212-ec512bad27e9,0.02754593826830387,0.2635529339313507,2
0ff4a668-ca06-41f9-8d94-89f9eb3cd42f,0.41792112588882446,0.15343201160430908,2
16119f0d-b0e0-43f6-ac36-5a13bab13604,0.19304212927818298,0.2146385759115219,1
26176dbc-df7d-43ea-a3e4-93cb24cf04ad,0.41608816385269165,0.43755409121513367,1
3dfddb07-7fcc-4383-b01f-820d55f933cd,0.1860378086566925,0.11815537512302399,1
f2a888b2-7571-4493-a723-eb2afaa56061,0.1867225170135498,0.20555441081523895,1
0444951c-aece-494e-bacc-ef5d9f70ad90,0.49888578057289124,0.45420920848846436,1
bb054807-6986-45c6-a70e-3fe1d03d4c1b,0.42086362838745117,0.3360428810119629,1
5cab8b6a-2396-41ba-b570-2953ff135740,0.4635081887245178,0.6206499934196472,1
eaefa570-0098-4b6d-9da1-d1df2d785824,0.24095149338245392,0.6027958393096924,1
6d430931-b572-4cc7-b18e-e7bdec5be9ca,0.3534028232097626,0.34201711416244507,1
e4086d5f-fa5a-41ee-a268-0c984a2cf816,0.6968761682510376,0.5022293925285339,2
4516ccd1-cf8c-4ec9-a791-ef79680b6e14,0.6066834926605225,0.5209246873855591,1
a0463fed-950f-4202-a658-c95358cf13a0,0.6318992972373962,0.6495770812034607,1
64129ef8-a826-4a16-a76a-b3267b73a614,0.3626783788204193,0.4794192314147949,1
d1a29203-adef-44c7-9f1e-2973a475933c,0.1274167001247406,0.28037387132644653,2
c86b0427-df64-416c-a4eb-753d5d3b666f,0.2652759850025177,0.45342129468917847,2
4351716e-f1ea-4e28-ad5f-45e5d07480a1,0.4617139399051666,0.5380432605743408,2
ad40be2d-21b7-47d1-9b9d-5ae9a5bd0428,0.4766198396682739,0.38842660188674927,1
406638bc-0ff9-4a9f-8034-8c43acf0b3ba,0.1849452555179596,0.15083110332489014,1
e3651067-1160-43b9-bb24-93137b4a8298,0.6781947612762451,0.7212615013122559,2
2193129d-8583-44fe-8f38-279c317a458e,0.34471434354782104,0.2360076606273651,1
973e3d54-e7f2-4845-8460-d29f2baf3229,0.6175893545150757,0.5720919966697693,2
6b75107a-46e6-4c21-90fe-59869d692c97,0.24444572627544403,0.17725905776023865,2
787d6725-553a-4fe6-9878-d7e2f3c79f33,0.24685171246528625,0.23749667406082153,2
e19f9cff-0587-4ab8-b099-122a903ce6c8,0.31007274985313416,0.5786799192428589,2
6f21cce2-3086-4096-9243-7799ad831690,0.58536696434021,0.5606397390365601,2
391f5b4e-ffac-4184-be40-438c4304d922,0.2865256071090698,0.27591243386268616,2
449c1058-fb27-4c6d-9cac-fbd5b32b80da,0.4205135703086853,0.4262937903404236,2
743a3dca-d9a4-4297-a47d-34183a672f6d,0.3002488613128662,0.23654907941818237,2
e17eb2cb-2fa8-4a33-8838-4f9b033fdaa4,0.5915013551712036,0.6025469303131104,2
19c29a0d-7b1f-4066-8fd0-090fc6c640f5,0.49090030789375305,0.5451189279556274,2
9ba79327-d72c-4882-a828-e8bd80fbab56,0.5070621967315674,0.6926004886627197,1
4dfe85e4-7e34-4906-8eaf-5f519820b2a4,0.2950075566768646,0.24698539078235626,1
2029aa56-ef8f-4c6f-a599-6dae60566f01,0.6887599229812622,0.7706769704818726,1
32cccca4-9475-4755-8fd4-b540b70d64a0,0.5133103728294373,0.548772931098938,2
ad4fbdb4-6d17-4417-b560-b6a3c6a74825,0.4841819107532501,0.5581166744232178,2
e0487099-4c2b-4cfc-af24-489a5675a52f,0.4635169208049774,0.4542994499206543,1
e0f9cc9f-2cff-49af-9cb6-cafd44f3faf1,0.4216405749320984,0.37540149688720703,1
9ec710ea-0c91-4616-91ab-f28588628b5c,0.15082918107509613,0.28814223408699036,2
61f5c395-725b-4249-bf21-838525b78a4a,0.29594433307647705,0.3580522835254669,1
d86787ce-aeb7-4bfe-ab75-a98c253e67f1,0.13166338205337524,0.15383115410804749,2
4cf8dc65-71e8-4664-9d71-c15cbd3d61ee,0.22821539640426636,0.17524774372577667,2
ea04f6ea-5b4f-4a24-a276-fe6c1e55667f,0.3272590935230255,0.4576195478439331,1
3e43926e-578c-4da6-9026-fa7908d46003,0.5129801034927368,0.5516140460968018,2
fd2ea23c-2ae0-43eb-a175-a45251c82d43,0.3825031518936157,0.25477415323257446,1
56102300-2ba9-4b64-a603-9d42dc107d36,0.3208872079849243,0.32295870780944824,1
43bacad9-413e-4974-8789-a979823e634d,0.5545516014099121,0.5318557024002075,1
44da8813-2d56-4606-8e83-3059090bcff8,0.43242478370666504,0.5313094854354858,2
308e263d-0f58-481a-a095-756250039824,0.3219301700592041,0.3019656538963318,1
58838a00-4307-489a-896e-a89258ece510,0.3745300769805908,0.342030793428421,2
a5951fe2-62f3-43fc-9572-f038ba48b0f5,0.516030490398407,0.525504469871521,2
895a668d-e3be-4063-a273-777bf585f834,0.49404770135879517,0.43435150384902954,1
7e0ad258-5eb5-4674-b801-2200838c8ae3,0.2939779758453369,0.23882588744163513,1
8d17d2cb-285d-4e12-a119-935b0a9d938e,0.07871627807617188,0.1377411186695099,2
6c1b3dc1-780b-43f0-a97b-0f043be0e6ed,0.39154815673828125,0.41191887855529785,2
2748ec86-2ca4-40f7-8c19-483f150d35d9,0.5676326751708984,0.7288154363632202,2
a9013402-27fe-4ff3-9d6b-e01ef3ff8e66,0.36638545989990234,0.2509560286998749,1
617849f0-8057-4609-a93d-1ed7c82c777b,0.21364369988441467,0.2844432592391968,2
ded2be3f-7cf2-4bd7-ab16-f946e25427ca,0.3753160238265991,0.2338053584098816,2
285843c5-b7d9-4ae0-aa25-924a1b3b0dc9,0.16651083528995514,0.23489725589752197,2
0247c6c9-cc36-4094-81ce-534e9bc17d21,0.3179593086242676,0.27448850870132446,1
d99e7b4e-eab3-40c5-9924-4aa34ec7ac9f,0.7792350053787231,0.6778805255889893,1
0d608a91-67df-45e3-b141-12fa84ce1f00,0.24759602546691895,0.511513352394104,2
795a57ba-fb40-4006-aca5-967cbef08ed1,0.6465206146240234,0.19811448454856873,1
7ac83d60-7b79-4ed7-929f-520f3ab4ea7b,0.3751770257949829,0.1301625370979309,1
43aa020b-9bca-4af1-9ade-e281f41d04f0,0.5559834241867065,0.29141977429389954,2
defdaf3f-b580-4c4f-a320-a798a52ac508,0.4557117521762848,0.3654402494430542,1
8d184896-38b8-4cde-91f5-b17cb2390d3d,0.24107415974140167,0.1809874027967453,1
dbac66cf-c1ca-4281-80e7-e32d0821d891,0.3473527431488037,0.30360937118530273,1
1a037660-3761-449a-8170-59e2705a9c54,0.511696457862854,0.5181196928024292,1
f11a5673-e26f-4e9c-9c5d-e0770601e357,0.3884042203426361,0.1885399967432022,2
6feddef3-ac35-4cab-a0e2-76f52e312d00,0.3434707522392273,0.1306474804878235,1
cefe66d6-a8ed-497b-bcdd-41090836dd43,0.28710055351257324,0.0800027847290039,1
bef317ec-84c4-476b-a83f-31666dc3af74,0.6246415376663208,0.8033419847488403,1
2799312a-1800-4ad4-a44b-f0d7242334f7,0.2859557867050171,0.2561231255531311,1
f44a23aa-b910-4c97-8ec0-54487fdd3bb7,0.6186391115188599,0.632748544216156,1
d366b88f-b59e-492a-a4a7-0848c45237b0,0.362374484539032,0.3493257164955139,1
2ab10c41-2ca3-412a-b669-7d2f8c7b09bf,0.2842101454734802,0.24074679613113403,1
4a98efef-ca5a-4146-95ae-8f0c6ee398d1,0.3778957724571228,0.49324026703834534,2
8ce7eaf0-bb21-4adf-9585-95484de98967,0.7748231887817383,0.5730395317077637,2
9f5d238b-92d2-46f4-80d4-d30e65087c47,0.35840243101119995,0.5240980982780457,1
47ddbe43-99e4-4cc7-b343-ccb5bd9f61b2,0.2883930206298828,0.21488644182682037,1
30692936-299b-4ca9-b2fb-74509d0d3e25,0.5754646062850952,0.49932944774627686,1
d67a5d8f-d0cc-4f0c-9539-9a6a71e64072,0.5439341068267822,0.27742379903793335,1
30dfce5c-d550-484d-8dfb-fa60c06821b1,0.3060734272003174,0.4079192280769348,2
a8281cdb-5cfa-4afe-99aa-915110c0162f,0.5841975212097168,0.48312199115753174,1
1aa8a574-afbd-4f8b-a57d-05c05e242ca5,0.4606153964996338,0.6398154497146606,1
2882bd18-3f36-4f25-88b4-0174f2d655de,0.3980259895324707,0.5027045011520386,2
1ea4b932-94b9-4a2b-9b99-927ec97b5fbc,0.6739820837974548,0.2600522041320801,2
64e7243b-0ce1-4b4f-8485-5b9435504540,0.4192962050437927,0.19439849257469177,1
933a7de5-8897-4f34-92b5-90d522a474ee,0.689426839351654,0.6669235825538635,2
7828385c-a209-4c05-81be-1916ca8d51c2,0.12647457420825958,0.5101021528244019,1
fb46930d-fee0-4e63-a858-2afc280aa5f0,0.3061561584472656,0.14593729376792908,2
a2fa4dda-1865-419f-b3ef-3f3e44f5a72d,0.2783622741699219,0.2878892421722412,1
e3515dbd-3b75-4a54-8a3a-1bba84443404,0.5594580173492432,0.15347544848918915,2
fd5da531-ff8c-4eab-99d6-6c1e94b1035c,0.7666977643966675,0.27297940850257874,1
fa0260b1-cfae-4a39-bf66-1d33f6fe508a,0.2994943857192993,0.2620652914047241,2
4e564bce-7c14-4707-9757-1e1cc4f4634e,0.3820369839668274,0.534759521484375,2
7cfd005c-ca20-4fc2-802b-83a63998b9bb,0.21976274251937866,0.29228007793426514,2
6758c9b7-0bde-4334-93b1-7e394f9bb612,0.26992809772491455,0.5182177424430847,2
785be451-af37-4097-aec4-46dd966e69db,0.3611900210380554,0.2697793245315552,2
a6faba67-1aac-48e5-95aa-4b156c96c1d8,0.19375155866146088,0.24086350202560425,2
b929f263-1dcd-4a0b-b267-5d5ff2fe65bb,0.33703088760375977,0.19575655460357666,2
4745d627-be9b-45f2-ad92-99c82cc83f85,0.4578610062599182,0.5262719988822937,2
2f74e81d-957b-4541-9e66-59e5eaa6aef1,0.380864679813385,0.23413480818271637,1
ece6f206-49ab-4c70-8a65-d6d2b0c97610,0.14879009127616882,0.20458339154720306,2
482130ae-9698-477e-a20e-76b48d99a2e3,0.3782672882080078,0.5345026254653931,2
3f076ec0-6985-418d-bb75-45b437aceca0,0.6725028157234192,0.7080481648445129,1
b5bc0ca6-03b0-43c0-8114-20186b5f783b,0.5657079219818115,0.12860333919525146,1
d9dde843-ee66-4dca-820a-c3d489ba586f,0.2202225625514984,0.32354438304901123,2
705d7e4d-3b56-48dc-9dad-9b14eff97d95,0.2149473875761032,0.19497166574001312,2
a37be14a-7724-464c-8344-87624fafaa34,0.1929270178079605,0.47847509384155273,2
9cba37ea-cc3e-4775-b044-c3d3d4983d22,0.5075969696044922,0.6211254596710205,2
a0769cd4-45a0-492c-a566-b14b9b17cba6,0.4171312749385834,0.7407312393188477,2
40f3b904-81c7-4e92-b245-ff20840733a2,0.16947418451309204,0.07721515744924545,2
1d3e5ddd-76a9-401d-8c5c-a6f5f0bd7160,0.5749423503875732,0.2320922464132309,1
34ddd737-0709-4fc7-b64b-6c43eaf9f48c,0.21599119901657104,0.4034619927406311,1
